sno,act,srcUpdateTime,total,available_rent_bikes,latitude,longitude
500112046,1,2024-07-20 21:43:24,40,20,25.0193,121.57105
500112046,1,2024-07-20 21:43:24,40,20,25.0193,121.57105
500112046,1,2024-07-20 21:44:24,40,20,25.0193,121.57105
500112046,1,2024-07-20 21:45:23,40,20,25.0193,121.57105
500112046,1,2024-07-20 21:46:24,40,20,25.0193,121.57105
500112046,1,2024-07-20 21:47:24,40,20,25.0193,121.57105
500112046,1,2024-07-20 21:48:25,40,20,25.0193,121.57105
500112046,1,2024-07-20 21:49:23,40,20,25.0193,121.57105
500112046,1,2024-07-20 21:50:31,40,20,25.0193,121.57105
500112046,1,2024-07-20 21:51:24,40,20,25.0193,121.57105
500112046,1,2024-07-20 21:52:24,40,20,25.0193,121.57105
500112046,1,2024-07-20 21:53:25,40,20,25.0193,121.57105
500112046,1,2024-07-20 21:54:24,40,21,25.0193,121.57105
500112046,1,2024-07-20 21:55:24,40,21,25.0193,121.57105
500112046,1,2024-07-20 21:56:25,40,23,25.0193,121.57105
500112046,1,2024-07-20 21:57:24,40,25,25.0193,121.57105
500112046,1,2024-07-20 21:58:25,40,26,25.0193,121.57105
500112046,1,2024-07-20 21:59:23,40,26,25.0193,121.57105
500112046,1,2024-07-20 22:00:30,40,26,25.0193,121.57105
500112046,1,2024-07-20 22:01:24,40,27,25.0193,121.57105
500112046,1,2024-07-20 22:02:24,40,28,25.0193,121.57105
500112046,1,2024-07-20 22:03:24,40,28,25.0193,121.57105
500112046,1,2024-07-20 22:04:28,40,28,25.0193,121.57105
500112046,1,2024-07-20 22:05:24,40,29,25.0193,121.57105
500112046,1,2024-07-20 22:06:24,40,29,25.0193,121.57105
500112046,1,2024-07-20 22:07:24,40,29,25.0193,121.57105
500112046,1,2024-07-20 22:08:24,40,29,25.0193,121.57105
500112046,1,2024-07-20 22:09:24,40,28,25.0193,121.57105
500112046,1,2024-07-20 22:10:31,40,28,25.0193,121.57105
500112046,1,2024-07-20 22:11:25,40,29,25.0193,121.57105
500112046,1,2024-07-20 22:12:24,40,26,25.0193,121.57105
500112046,1,2024-07-20 22:13:23,40,26,25.0193,121.57105
500112046,1,2024-07-20 22:14:24,40,27,25.0193,121.57105
500112046,1,2024-07-20 22:15:24,40,27,25.0193,121.57105
500112046,1,2024-07-20 22:16:24,40,27,25.0193,121.57105
500112046,1,2024-07-20 22:17:24,40,27,25.0193,121.57105
500112046,1,2024-07-20 22:18:24,40,26,25.0193,121.57105
500112046,1,2024-07-20 22:19:24,40,27,25.0193,121.57105
500112046,1,2024-07-20 22:20:29,40,27,25.0193,121.57105
500112046,1,2024-07-20 22:21:24,40,28,25.0193,121.57105
500112046,1,2024-07-20 22:22:25,40,28,25.0193,121.57105
500112046,1,2024-07-20 22:23:24,40,29,25.0193,121.57105
500112046,1,2024-07-20 22:24:23,40,29,25.0193,121.57105
500112046,1,2024-07-20 22:25:24,40,29,25.0193,121.57105
500112046,1,2024-07-20 22:26:24,40,31,25.0193,121.57105
500112046,1,2024-07-20 22:27:24,40,32,25.0193,121.57105
500112046,1,2024-07-20 22:28:24,40,31,25.0193,121.57105
500112046,1,2024-07-20 22:29:24,40,31,25.0193,121.57105
500112046,1,2024-07-20 22:30:29,40,31,25.0193,121.57105
500112046,1,2024-07-20 22:31:24,40,32,25.0193,121.57105
500112046,1,2024-07-20 22:32:25,40,32,25.0193,121.57105
500112046,1,2024-07-20 22:33:23,40,33,25.0193,121.57105
500112046,1,2024-07-20 22:34:23,40,34,25.0193,121.57105
500112046,1,2024-07-20 22:35:23,40,35,25.0193,121.57105
500112046,1,2024-07-20 22:36:23,40,35,25.0193,121.57105
500112046,1,2024-07-20 22:37:24,40,36,25.0193,121.57105
500112046,1,2024-07-20 22:38:24,40,36,25.0193,121.57105
500112046,1,2024-07-20 22:39:24,40,36,25.0193,121.57105
500112046,1,2024-07-20 22:40:31,40,36,25.0193,121.57105
500112046,1,2024-07-20 22:41:24,40,37,25.0193,121.57105
500112046,1,2024-07-20 22:42:24,40,37,25.0193,121.57105
500112046,1,2024-07-20 22:43:24,40,37,25.0193,121.57105
500112046,1,2024-07-20 22:44:23,40,38,25.0193,121.57105
500112046,1,2024-07-20 22:45:27,40,38,25.0193,121.57105
500112046,1,2024-07-20 22:46:24,40,39,25.0193,121.57105
500112046,1,2024-07-20 22:47:24,40,40,25.0193,121.57105
500112046,1,2024-07-20 22:48:23,40,40,25.0193,121.57105
500112046,1,2024-07-20 22:49:23,40,40,25.0193,121.57105
500112046,1,2024-07-20 22:50:29,40,40,25.0193,121.57105
500112046,1,2024-07-20 22:51:24,40,40,25.0193,121.57105
500112046,1,2024-07-20 22:52:23,40,40,25.0193,121.57105
500112046,1,2024-07-20 22:53:23,40,40,25.0193,121.57105
500112046,1,2024-07-20 22:54:23,40,40,25.0193,121.57105
500112046,1,2024-07-20 22:55:23,40,40,25.0193,121.57105
500112046,1,2024-07-20 22:56:23,40,40,25.0193,121.57105
500112046,1,2024-07-20 22:57:23,40,37,25.0193,121.57105
500112046,1,2024-07-20 22:58:23,40,36,25.0193,121.57105
500112046,1,2024-07-20 22:59:23,40,35,25.0193,121.57105
500112046,1,2024-07-20 23:00:29,40,35,25.0193,121.57105
500112046,1,2024-07-20 23:01:23,40,30,25.0193,121.57105
500112046,1,2024-07-20 23:02:23,40,28,25.0193,121.57105
500112046,1,2024-07-20 23:03:24,40,26,25.0193,121.57105
500112046,1,2024-07-20 23:04:24,40,25,25.0193,121.57105
500112046,1,2024-07-20 23:05:24,40,22,25.0193,121.57105
500112046,1,2024-07-20 23:06:23,40,21,25.0193,121.57105
500112046,1,2024-07-20 23:07:22,40,19,25.0193,121.57105
500112046,1,2024-07-20 23:08:24,40,17,25.0193,121.57105
500112046,1,2024-07-20 23:09:23,40,17,25.0193,121.57105
500112046,1,2024-07-20 23:10:30,40,18,25.0193,121.57105
500112046,1,2024-07-20 23:11:23,40,19,25.0193,121.57105
500112046,1,2024-07-20 23:12:23,40,19,25.0193,121.57105
500112046,1,2024-07-20 23:13:23,40,19,25.0193,121.57105
500112046,1,2024-07-20 23:14:23,40,20,25.0193,121.57105
500112046,1,2024-07-20 23:15:23,40,21,25.0193,121.57105
500112046,1,2024-07-20 23:16:23,40,21,25.0193,121.57105
500112046,1,2024-07-20 23:17:23,40,21,25.0193,121.57105
500112046,1,2024-07-20 23:18:23,40,22,25.0193,121.57105
500112046,1,2024-07-20 23:19:23,40,22,25.0193,121.57105
500112046,1,2024-07-20 23:20:29,40,22,25.0193,121.57105
500112046,1,2024-07-20 23:21:23,40,25,25.0193,121.57105
500112046,1,2024-07-20 23:22:23,40,25,25.0193,121.57105
500112046,1,2024-07-20 23:23:23,40,24,25.0193,121.57105
500112046,1,2024-07-20 23:24:23,40,22,25.0193,121.57105
500112046,1,2024-07-20 23:25:23,40,21,25.0193,121.57105
500112046,1,2024-07-20 23:26:23,40,19,25.0193,121.57105
500112046,1,2024-07-20 23:27:24,40,19,25.0193,121.57105
500112046,1,2024-07-20 23:28:24,40,19,25.0193,121.57105
500112046,1,2024-07-20 23:29:23,40,19,25.0193,121.57105
500112046,1,2024-07-20 23:30:30,40,19,25.0193,121.57105
500112046,1,2024-07-20 23:32:23,40,18,25.0193,121.57105
500112046,1,2024-07-20 23:33:23,40,18,25.0193,121.57105
500112046,1,2024-07-20 23:34:23,40,18,25.0193,121.57105
500112046,1,2024-07-20 23:35:22,40,19,25.0193,121.57105
500112046,1,2024-07-20 23:36:23,40,19,25.0193,121.57105
500112046,1,2024-07-20 23:37:23,40,19,25.0193,121.57105
500112046,1,2024-07-20 23:38:23,40,20,25.0193,121.57105
500112046,1,2024-07-20 23:39:23,40,20,25.0193,121.57105
500112046,1,2024-07-20 23:40:33,40,20,25.0193,121.57105
500112046,1,2024-07-20 23:41:23,40,20,25.0193,121.57105
500112046,1,2024-07-20 23:42:23,40,20,25.0193,121.57105
500112046,1,2024-07-20 23:43:23,40,20,25.0193,121.57105
500112046,1,2024-07-20 23:44:23,40,20,25.0193,121.57105
500112046,1,2024-07-20 23:45:23,40,21,25.0193,121.57105
500112046,1,2024-07-20 23:46:23,40,23,25.0193,121.57105
500112046,1,2024-07-20 23:47:24,40,23,25.0193,121.57105
500112046,1,2024-07-20 23:48:21,40,23,25.0193,121.57105
500112046,1,2024-07-20 23:49:23,40,23,25.0193,121.57105
500112046,1,2024-07-20 23:50:29,40,23,25.0193,121.57105
500112046,1,2024-07-20 23:51:23,40,23,25.0193,121.57105
500112046,1,2024-07-20 23:52:22,40,23,25.0193,121.57105
500112046,1,2024-07-20 23:53:23,40,23,25.0193,121.57105
500112046,1,2024-07-20 23:54:23,40,23,25.0193,121.57105
500112046,1,2024-07-20 23:55:22,40,23,25.0193,121.57105
500112046,1,2024-07-20 23:56:23,40,23,25.0193,121.57105
500112046,1,2024-07-20 23:57:23,40,23,25.0193,121.57105
500112046,1,2024-07-20 23:58:23,40,23,25.0193,121.57105
500112046,1,2024-07-20 23:59:22,40,23,25.0193,121.57105
500112046,1,2024-07-21 00:00:30,40,23,25.0193,121.57105
500112046,1,2024-07-21 00:01:22,40,23,25.0193,121.57105
500112046,1,2024-07-21 00:02:23,40,23,25.0193,121.57105
500112046,1,2024-07-21 00:03:23,40,23,25.0193,121.57105
500112046,1,2024-07-21 00:04:23,40,23,25.0193,121.57105
500112046,1,2024-07-21 00:05:23,40,23,25.0193,121.57105
500112046,1,2024-07-21 00:06:22,40,23,25.0193,121.57105
500112046,1,2024-07-21 00:07:23,40,23,25.0193,121.57105
500112046,1,2024-07-21 00:08:22,40,23,25.0193,121.57105
500112046,1,2024-07-21 00:08:22,40,23,25.0193,121.57105
500112046,1,2024-07-21 00:10:29,40,23,25.0193,121.57105
500112046,1,2024-07-21 00:11:23,40,23,25.0193,121.57105
500112046,1,2024-07-21 00:12:22,40,23,25.0193,121.57105
500112046,1,2024-07-21 00:13:23,40,23,25.0193,121.57105
500112046,1,2024-07-21 00:14:23,40,23,25.0193,121.57105
500112046,1,2024-07-21 00:15:22,40,23,25.0193,121.57105
500112046,1,2024-07-21 00:16:22,40,23,25.0193,121.57105
500112046,1,2024-07-21 00:17:22,40,23,25.0193,121.57105
500112046,1,2024-07-21 00:18:22,40,23,25.0193,121.57105
500112046,1,2024-07-21 00:19:23,40,23,25.0193,121.57105
500112046,1,2024-07-21 00:20:29,40,23,25.0193,121.57105
500112046,1,2024-07-21 00:21:22,40,23,25.0193,121.57105
500112046,1,2024-07-21 00:22:23,40,23,25.0193,121.57105
500112046,1,2024-07-21 00:23:23,40,23,25.0193,121.57105
500112046,1,2024-07-21 00:24:22,40,23,25.0193,121.57105
500112046,1,2024-07-21 00:25:23,40,23,25.0193,121.57105
500112046,1,2024-07-21 00:26:23,40,23,25.0193,121.57105
500112046,1,2024-07-21 00:27:22,40,23,25.0193,121.57105
500112046,1,2024-07-21 00:28:22,40,23,25.0193,121.57105
500112046,1,2024-07-21 00:29:23,40,23,25.0193,121.57105
500112046,1,2024-07-21 00:30:28,40,23,25.0193,121.57105
500112046,1,2024-07-21 00:31:23,40,23,25.0193,121.57105
500112046,1,2024-07-21 00:32:22,40,23,25.0193,121.57105
500112046,1,2024-07-21 00:33:22,40,23,25.0193,121.57105
500112046,1,2024-07-21 00:34:23,40,23,25.0193,121.57105
500112046,1,2024-07-21 00:35:22,40,23,25.0193,121.57105
500112046,1,2024-07-21 00:36:22,40,23,25.0193,121.57105
500112046,1,2024-07-21 00:37:22,40,23,25.0193,121.57105
500112046,1,2024-07-21 00:38:22,40,23,25.0193,121.57105
500112046,1,2024-07-21 00:39:23,40,23,25.0193,121.57105
500112046,1,2024-07-21 00:40:29,40,23,25.0193,121.57105
500112046,1,2024-07-21 00:41:23,40,23,25.0193,121.57105
500112046,1,2024-07-21 00:41:23,40,23,25.0193,121.57105
500112046,1,2024-07-21 00:43:22,40,23,25.0193,121.57105
500112046,1,2024-07-21 00:44:22,40,23,25.0193,121.57105
500112046,1,2024-07-21 00:45:23,40,23,25.0193,121.57105
500112046,1,2024-07-21 00:46:22,40,23,25.0193,121.57105
500112046,1,2024-07-21 00:47:23,40,23,25.0193,121.57105
500112046,1,2024-07-21 00:48:25,40,23,25.0193,121.57105
500112046,1,2024-07-21 00:49:22,40,23,25.0193,121.57105
500112046,1,2024-07-21 00:51:22,40,23,25.0193,121.57105
500112046,1,2024-07-21 00:51:22,40,23,25.0193,121.57105
500112046,1,2024-07-21 00:52:22,40,23,25.0193,121.57105
500112046,1,2024-07-21 00:53:22,40,23,25.0193,121.57105
500112046,1,2024-07-21 00:54:22,40,23,25.0193,121.57105
500112046,1,2024-07-21 00:55:22,40,23,25.0193,121.57105
500112046,1,2024-07-21 00:56:22,40,23,25.0193,121.57105
500112046,1,2024-07-21 00:57:22,40,23,25.0193,121.57105
500112046,1,2024-07-21 00:58:22,40,23,25.0193,121.57105
500112046,1,2024-07-21 00:59:22,40,23,25.0193,121.57105
500112046,1,2024-07-21 01:00:28,40,23,25.0193,121.57105
500112046,1,2024-07-21 01:01:22,40,23,25.0193,121.57105
500112046,1,2024-07-21 01:01:22,40,23,25.0193,121.57105
500112046,1,2024-07-21 01:03:22,40,23,25.0193,121.57105
500112046,1,2024-07-21 01:04:22,40,23,25.0193,121.57105
500112046,1,2024-07-21 01:05:22,40,23,25.0193,121.57105
500112046,1,2024-07-21 01:06:22,40,23,25.0193,121.57105
500112046,1,2024-07-21 01:07:22,40,23,25.0193,121.57105
500112046,1,2024-07-21 01:08:22,40,24,25.0193,121.57105
500112046,1,2024-07-21 01:09:23,40,24,25.0193,121.57105
500112046,1,2024-07-21 01:10:28,40,24,25.0193,121.57105
500112046,1,2024-07-21 01:11:22,40,24,25.0193,121.57105
500112046,1,2024-07-21 01:12:25,40,24,25.0193,121.57105
500112046,1,2024-07-21 01:13:22,40,24,25.0193,121.57105
500112046,1,2024-07-21 01:14:23,40,24,25.0193,121.57105
500112046,1,2024-07-21 01:15:22,40,24,25.0193,121.57105
500112046,1,2024-07-21 01:16:23,40,24,25.0193,121.57105
500112046,1,2024-07-21 01:17:22,40,24,25.0193,121.57105
500112046,1,2024-07-21 01:18:22,40,24,25.0193,121.57105
500112046,1,2024-07-21 01:19:23,40,25,25.0193,121.57105
500112046,1,2024-07-21 01:20:28,40,25,25.0193,121.57105
500112046,1,2024-07-21 01:21:23,40,25,25.0193,121.57105
500112046,1,2024-07-21 01:22:22,40,25,25.0193,121.57105
500112046,1,2024-07-21 01:23:22,40,25,25.0193,121.57105
500112046,1,2024-07-21 01:24:22,40,25,25.0193,121.57105
500112046,1,2024-07-21 01:25:23,40,25,25.0193,121.57105
500112046,1,2024-07-21 01:26:22,40,25,25.0193,121.57105
500112046,1,2024-07-21 01:27:23,40,25,25.0193,121.57105
500112046,1,2024-07-21 01:28:22,40,25,25.0193,121.57105
500112046,1,2024-07-21 01:29:22,40,25,25.0193,121.57105
500112046,1,2024-07-21 01:30:28,40,25,25.0193,121.57105
500112046,1,2024-07-21 01:31:22,40,25,25.0193,121.57105
500112046,1,2024-07-21 01:32:22,40,25,25.0193,121.57105
500112046,1,2024-07-21 01:32:22,40,25,25.0193,121.57105
500112046,1,2024-07-21 01:34:22,40,25,25.0193,121.57105
500112046,1,2024-07-21 01:35:23,40,25,25.0193,121.57105
500112046,1,2024-07-21 01:36:21,40,25,25.0193,121.57105
500112046,1,2024-07-21 01:37:22,40,25,25.0193,121.57105
500112046,1,2024-07-21 01:38:22,40,25,25.0193,121.57105
500112046,1,2024-07-21 01:39:23,40,25,25.0193,121.57105
500112046,1,2024-07-21 01:40:28,40,25,25.0193,121.57105
500112046,1,2024-07-21 01:41:22,40,25,25.0193,121.57105
500112046,1,2024-07-21 01:42:21,40,25,25.0193,121.57105
500112046,1,2024-07-21 01:43:22,40,25,25.0193,121.57105
500112046,1,2024-07-21 01:44:21,40,25,25.0193,121.57105
500112046,1,2024-07-21 01:45:22,40,25,25.0193,121.57105
500112046,1,2024-07-21 01:46:22,40,25,25.0193,121.57105
500112046,1,2024-07-21 01:47:22,40,25,25.0193,121.57105
500112046,1,2024-07-21 01:48:22,40,25,25.0193,121.57105
500112046,1,2024-07-21 01:49:22,40,25,25.0193,121.57105
500112046,1,2024-07-21 01:50:27,40,25,25.0193,121.57105
500112046,1,2024-07-21 01:51:21,40,25,25.0193,121.57105
500112046,1,2024-07-21 01:52:22,40,25,25.0193,121.57105
500112046,1,2024-07-21 01:53:22,40,25,25.0193,121.57105
500112046,1,2024-07-21 01:54:22,40,25,25.0193,121.57105
500112046,1,2024-07-21 01:55:22,40,25,25.0193,121.57105
500112046,1,2024-07-21 01:56:22,40,26,25.0193,121.57105
500112046,1,2024-07-21 01:57:22,40,26,25.0193,121.57105
500112046,1,2024-07-21 01:58:22,40,26,25.0193,121.57105
500112046,1,2024-07-21 01:59:22,40,26,25.0193,121.57105
500112046,1,2024-07-21 02:00:27,40,26,25.0193,121.57105
500112046,1,2024-07-21 02:01:22,40,26,25.0193,121.57105
500112046,1,2024-07-21 02:02:22,40,26,25.0193,121.57105
500112046,1,2024-07-21 02:03:22,40,26,25.0193,121.57105
500112046,1,2024-07-21 02:04:22,40,26,25.0193,121.57105
500112046,1,2024-07-21 02:05:22,40,26,25.0193,121.57105
500112046,1,2024-07-21 02:06:22,40,26,25.0193,121.57105
500112046,1,2024-07-21 02:07:23,40,26,25.0193,121.57105
500112046,1,2024-07-21 02:08:22,40,26,25.0193,121.57105
500112046,1,2024-07-21 02:09:22,40,26,25.0193,121.57105
500112046,1,2024-07-21 02:10:28,40,26,25.0193,121.57105
500112046,1,2024-07-21 02:11:22,40,26,25.0193,121.57105
500112046,1,2024-07-21 02:12:22,40,26,25.0193,121.57105
500112046,1,2024-07-21 02:13:22,40,26,25.0193,121.57105
500112046,1,2024-07-21 02:14:22,40,26,25.0193,121.57105
500112046,1,2024-07-21 02:15:22,40,26,25.0193,121.57105
500112046,1,2024-07-21 02:16:22,40,26,25.0193,121.57105
500112046,1,2024-07-21 02:17:22,40,26,25.0193,121.57105
500112046,1,2024-07-21 02:18:22,40,26,25.0193,121.57105
500112046,1,2024-07-21 02:19:22,40,26,25.0193,121.57105
500112046,1,2024-07-21 02:20:28,40,26,25.0193,121.57105
500112046,1,2024-07-21 02:21:22,40,26,25.0193,121.57105
500112046,1,2024-07-21 02:22:22,40,26,25.0193,121.57105
500112046,1,2024-07-21 02:23:22,40,26,25.0193,121.57105
500112046,1,2024-07-21 02:24:22,40,26,25.0193,121.57105
500112046,1,2024-07-21 02:25:22,40,26,25.0193,121.57105
500112046,1,2024-07-21 02:26:22,40,26,25.0193,121.57105
500112046,1,2024-07-21 02:27:22,40,26,25.0193,121.57105
500112046,1,2024-07-21 02:28:22,40,26,25.0193,121.57105
500112046,1,2024-07-21 02:29:22,40,26,25.0193,121.57105
500112046,1,2024-07-21 02:30:28,40,26,25.0193,121.57105
500112046,1,2024-07-21 02:31:22,40,26,25.0193,121.57105
500112046,1,2024-07-21 02:32:22,40,26,25.0193,121.57105
500112046,1,2024-07-21 02:33:22,40,26,25.0193,121.57105
500112046,1,2024-07-21 02:34:22,40,26,25.0193,121.57105
500112046,1,2024-07-21 02:35:22,40,26,25.0193,121.57105
500112046,1,2024-07-21 02:36:22,40,26,25.0193,121.57105
500112046,1,2024-07-21 02:37:22,40,26,25.0193,121.57105
500112046,1,2024-07-21 02:38:22,40,26,25.0193,121.57105
500112046,1,2024-07-21 02:39:22,40,26,25.0193,121.57105
500112046,1,2024-07-21 02:40:28,40,26,25.0193,121.57105
500112046,1,2024-07-21 02:41:22,40,26,25.0193,121.57105
500112046,1,2024-07-21 02:42:22,40,26,25.0193,121.57105
500112046,1,2024-07-21 02:43:22,40,26,25.0193,121.57105
500112046,1,2024-07-21 02:44:22,40,26,25.0193,121.57105
500112046,1,2024-07-21 02:45:22,40,26,25.0193,121.57105
500112046,1,2024-07-21 02:46:22,40,26,25.0193,121.57105
500112046,1,2024-07-21 02:47:22,40,26,25.0193,121.57105
500112046,1,2024-07-21 02:48:22,40,26,25.0193,121.57105
500112046,1,2024-07-21 02:49:22,40,26,25.0193,121.57105
500112046,1,2024-07-21 02:50:28,40,26,25.0193,121.57105
500112046,1,2024-07-21 02:51:22,40,26,25.0193,121.57105
500112046,1,2024-07-21 02:52:22,40,26,25.0193,121.57105
500112046,1,2024-07-21 02:53:23,40,26,25.0193,121.57105
500112046,1,2024-07-21 02:54:22,40,26,25.0193,121.57105
500112046,1,2024-07-21 02:55:21,40,26,25.0193,121.57105
500112046,1,2024-07-21 02:56:22,40,26,25.0193,121.57105
500112046,1,2024-07-21 02:57:22,40,26,25.0193,121.57105
500112046,1,2024-07-21 02:58:22,40,26,25.0193,121.57105
500112046,1,2024-07-21 02:59:22,40,26,25.0193,121.57105
500112046,1,2024-07-21 03:00:29,40,26,25.0193,121.57105
500112046,1,2024-07-21 03:01:22,40,26,25.0193,121.57105
500112046,1,2024-07-21 03:02:22,40,26,25.0193,121.57105
500112046,1,2024-07-21 03:03:23,40,26,25.0193,121.57105
500112046,1,2024-07-21 03:04:22,40,26,25.0193,121.57105
500112046,1,2024-07-21 03:05:22,40,26,25.0193,121.57105
500112046,1,2024-07-21 03:06:21,40,26,25.0193,121.57105
500112046,1,2024-07-21 03:07:22,40,26,25.0193,121.57105
500112046,1,2024-07-21 03:08:23,40,26,25.0193,121.57105
500112046,1,2024-07-21 03:09:22,40,26,25.0193,121.57105
500112046,1,2024-07-21 03:10:28,40,26,25.0193,121.57105
500112046,1,2024-07-21 03:11:22,40,26,25.0193,121.57105
500112046,1,2024-07-21 03:12:22,40,26,25.0193,121.57105
500112046,1,2024-07-21 03:13:22,40,26,25.0193,121.57105
500112046,1,2024-07-21 03:14:22,40,26,25.0193,121.57105
500112046,1,2024-07-21 03:15:22,40,26,25.0193,121.57105
500112046,1,2024-07-21 03:16:22,40,26,25.0193,121.57105
500112046,1,2024-07-21 03:17:21,40,26,25.0193,121.57105
500112046,1,2024-07-21 03:18:22,40,26,25.0193,121.57105
500112046,1,2024-07-21 03:19:22,40,26,25.0193,121.57105
500112046,1,2024-07-21 03:20:29,40,26,25.0193,121.57105
500112046,1,2024-07-21 03:21:22,40,26,25.0193,121.57105
500112046,1,2024-07-21 03:22:22,40,26,25.0193,121.57105
500112046,1,2024-07-21 03:23:22,40,26,25.0193,121.57105
500112046,1,2024-07-21 03:24:22,40,26,25.0193,121.57105
500112046,1,2024-07-21 03:25:22,40,26,25.0193,121.57105
500112046,1,2024-07-21 03:26:26,40,26,25.0193,121.57105
500112046,1,2024-07-21 03:27:22,40,26,25.0193,121.57105
500112046,1,2024-07-21 03:28:22,40,26,25.0193,121.57105
500112046,1,2024-07-21 03:29:22,40,26,25.0193,121.57105
500112046,1,2024-07-21 03:30:28,40,26,25.0193,121.57105
500112046,1,2024-07-21 03:31:22,40,26,25.0193,121.57105
500112046,1,2024-07-21 03:32:23,40,26,25.0193,121.57105
500112046,1,2024-07-21 03:33:22,40,26,25.0193,121.57105
500112046,1,2024-07-21 03:35:22,40,26,25.0193,121.57105
500112046,1,2024-07-21 03:36:22,40,26,25.0193,121.57105
500112046,1,2024-07-21 03:37:22,40,26,25.0193,121.57105
500112046,1,2024-07-21 03:38:21,40,26,25.0193,121.57105
500112046,1,2024-07-21 03:39:22,40,26,25.0193,121.57105
500112046,1,2024-07-21 03:40:28,40,26,25.0193,121.57105
500112046,1,2024-07-21 03:41:22,40,26,25.0193,121.57105
500112046,1,2024-07-21 03:42:22,40,26,25.0193,121.57105
500112046,1,2024-07-21 03:43:21,40,26,25.0193,121.57105
500112046,1,2024-07-21 03:44:22,40,26,25.0193,121.57105
500112046,1,2024-07-21 03:45:22,40,25,25.0193,121.57105
500112046,1,2024-07-21 03:46:22,40,25,25.0193,121.57105
500112046,1,2024-07-21 03:47:22,40,25,25.0193,121.57105
500112046,1,2024-07-21 03:48:22,40,25,25.0193,121.57105
500112046,1,2024-07-21 03:49:21,40,25,25.0193,121.57105
500112046,1,2024-07-21 03:50:28,40,25,25.0193,121.57105
500112046,1,2024-07-21 03:51:22,40,25,25.0193,121.57105
500112046,1,2024-07-21 03:52:22,40,25,25.0193,121.57105
500112046,1,2024-07-21 03:53:22,40,25,25.0193,121.57105
500112046,1,2024-07-21 03:54:22,40,25,25.0193,121.57105
500112046,1,2024-07-21 03:55:22,40,25,25.0193,121.57105
500112046,1,2024-07-21 03:56:22,40,25,25.0193,121.57105
500112046,1,2024-07-21 03:57:22,40,26,25.0193,121.57105
500112046,1,2024-07-21 03:58:22,40,26,25.0193,121.57105
500112046,1,2024-07-21 03:59:22,40,26,25.0193,121.57105
500112046,1,2024-07-21 04:00:28,40,26,25.0193,121.57105
500112046,1,2024-07-21 04:01:22,40,26,25.0193,121.57105
500112046,1,2024-07-21 04:02:22,40,26,25.0193,121.57105
500112046,1,2024-07-21 04:03:22,40,26,25.0193,121.57105
500112046,1,2024-07-21 04:04:22,40,26,25.0193,121.57105
500112046,1,2024-07-21 04:05:23,40,26,25.0193,121.57105
500112046,1,2024-07-21 04:06:22,40,26,25.0193,121.57105
500112046,1,2024-07-21 04:07:22,40,26,25.0193,121.57105
500112046,1,2024-07-21 04:08:22,40,26,25.0193,121.57105
500112046,1,2024-07-21 04:09:22,40,26,25.0193,121.57105
500112046,1,2024-07-21 04:10:27,40,26,25.0193,121.57105
500112046,1,2024-07-21 04:11:22,40,26,25.0193,121.57105
500112046,1,2024-07-21 04:12:22,40,26,25.0193,121.57105
500112046,1,2024-07-21 04:13:22,40,26,25.0193,121.57105
500112046,1,2024-07-21 04:14:22,40,26,25.0193,121.57105
500112046,1,2024-07-21 04:15:22,40,26,25.0193,121.57105
500112046,1,2024-07-21 04:16:22,40,26,25.0193,121.57105
500112046,1,2024-07-21 04:17:22,40,26,25.0193,121.57105
500112046,1,2024-07-21 04:18:22,40,26,25.0193,121.57105
500112046,1,2024-07-21 04:19:22,40,26,25.0193,121.57105
500112046,1,2024-07-21 04:20:28,40,26,25.0193,121.57105
500112046,1,2024-07-21 04:21:22,40,27,25.0193,121.57105
500112046,1,2024-07-21 04:22:22,40,27,25.0193,121.57105
500112046,1,2024-07-21 04:23:22,40,27,25.0193,121.57105
500112046,1,2024-07-21 04:24:22,40,27,25.0193,121.57105
500112046,1,2024-07-21 04:25:22,40,27,25.0193,121.57105
500112046,1,2024-07-21 04:26:22,40,27,25.0193,121.57105
500112046,1,2024-07-21 04:27:22,40,27,25.0193,121.57105
500112046,1,2024-07-21 04:28:22,40,27,25.0193,121.57105
500112046,1,2024-07-21 04:29:22,40,27,25.0193,121.57105
500112046,1,2024-07-21 04:30:27,40,27,25.0193,121.57105
500112046,1,2024-07-21 04:31:22,40,27,25.0193,121.57105
500112046,1,2024-07-21 04:32:22,40,27,25.0193,121.57105
500112046,1,2024-07-21 04:33:22,40,27,25.0193,121.57105
500112046,1,2024-07-21 04:34:22,40,27,25.0193,121.57105
500112046,1,2024-07-21 04:35:21,40,27,25.0193,121.57105
500112046,1,2024-07-21 04:36:22,40,27,25.0193,121.57105
500112046,1,2024-07-21 04:37:22,40,27,25.0193,121.57105
500112046,1,2024-07-21 04:38:22,40,27,25.0193,121.57105
500112046,1,2024-07-21 04:39:22,40,27,25.0193,121.57105
500112046,1,2024-07-21 04:40:27,40,27,25.0193,121.57105
500112046,1,2024-07-21 04:41:22,40,27,25.0193,121.57105
500112046,1,2024-07-21 04:42:22,40,27,25.0193,121.57105
500112046,1,2024-07-21 04:43:22,40,27,25.0193,121.57105
500112046,1,2024-07-21 04:44:22,40,27,25.0193,121.57105
500112046,1,2024-07-21 04:45:22,40,27,25.0193,121.57105
500112046,1,2024-07-21 04:46:21,40,27,25.0193,121.57105
500112046,1,2024-07-21 04:47:22,40,27,25.0193,121.57105
500112046,1,2024-07-21 04:48:22,40,27,25.0193,121.57105
500112046,1,2024-07-21 04:49:22,40,27,25.0193,121.57105
500112046,1,2024-07-21 04:50:28,40,27,25.0193,121.57105
500112046,1,2024-07-21 04:51:22,40,27,25.0193,121.57105
500112046,1,2024-07-21 04:52:22,40,27,25.0193,121.57105
500112046,1,2024-07-21 04:53:22,40,27,25.0193,121.57105
500112046,1,2024-07-21 04:54:21,40,27,25.0193,121.57105
500112046,1,2024-07-21 04:55:22,40,27,25.0193,121.57105
500112046,1,2024-07-21 04:56:22,40,26,25.0193,121.57105
500112046,1,2024-07-21 04:57:22,40,26,25.0193,121.57105
500112046,1,2024-07-21 04:58:22,40,26,25.0193,121.57105
500112046,1,2024-07-21 04:59:22,40,26,25.0193,121.57105
500112046,1,2024-07-21 05:00:27,40,26,25.0193,121.57105
500112046,1,2024-07-21 05:01:22,40,26,25.0193,121.57105
500112046,1,2024-07-21 05:02:22,40,26,25.0193,121.57105
500112046,1,2024-07-21 05:03:22,40,26,25.0193,121.57105
500112046,1,2024-07-21 05:04:22,40,26,25.0193,121.57105
500112046,1,2024-07-21 05:05:22,40,26,25.0193,121.57105
500112046,1,2024-07-21 05:06:22,40,26,25.0193,121.57105
500112046,1,2024-07-21 05:07:22,40,27,25.0193,121.57105
500112046,1,2024-07-21 05:08:22,40,27,25.0193,121.57105
500112046,1,2024-07-21 05:09:22,40,27,25.0193,121.57105
500112046,1,2024-07-21 05:10:31,40,27,25.0193,121.57105
500112046,1,2024-07-21 05:11:22,40,27,25.0193,121.57105
500112046,1,2024-07-21 05:12:23,40,27,25.0193,121.57105
500112046,1,2024-07-21 05:13:22,40,27,25.0193,121.57105
500112046,1,2024-07-21 05:14:22,40,27,25.0193,121.57105
500112046,1,2024-07-21 05:15:22,40,27,25.0193,121.57105
500112046,1,2024-07-21 05:16:22,40,27,25.0193,121.57105
500112046,1,2024-07-21 05:17:22,40,27,25.0193,121.57105
500112046,1,2024-07-21 05:18:22,40,26,25.0193,121.57105
500112046,1,2024-07-21 05:19:22,40,26,25.0193,121.57105
500112046,1,2024-07-21 05:20:27,40,26,25.0193,121.57105
500112046,1,2024-07-21 05:21:22,40,26,25.0193,121.57105
500112046,1,2024-07-21 05:22:22,40,26,25.0193,121.57105
500112046,1,2024-07-21 05:23:22,40,26,25.0193,121.57105
500112046,1,2024-07-21 05:24:22,40,25,25.0193,121.57105
500112046,1,2024-07-21 05:25:23,40,25,25.0193,121.57105
500112046,1,2024-07-21 05:26:23,40,25,25.0193,121.57105
500112046,1,2024-07-21 05:27:22,40,25,25.0193,121.57105
500112046,1,2024-07-21 05:28:22,40,25,25.0193,121.57105
500112046,1,2024-07-21 05:29:23,40,25,25.0193,121.57105
500112046,1,2024-07-21 05:30:27,40,25,25.0193,121.57105
500112046,1,2024-07-21 05:31:22,40,25,25.0193,121.57105
500112046,1,2024-07-21 05:32:22,40,25,25.0193,121.57105
500112046,1,2024-07-21 05:33:23,40,25,25.0193,121.57105
500112046,1,2024-07-21 05:34:22,40,25,25.0193,121.57105
500112046,1,2024-07-21 05:35:22,40,25,25.0193,121.57105
500112046,1,2024-07-21 05:36:23,40,25,25.0193,121.57105
500112046,1,2024-07-21 05:37:22,40,25,25.0193,121.57105
500112046,1,2024-07-21 05:38:22,40,25,25.0193,121.57105
500112046,1,2024-07-21 05:39:22,40,25,25.0193,121.57105
500112046,1,2024-07-21 05:40:28,40,25,25.0193,121.57105
500112046,1,2024-07-21 05:41:26,40,25,25.0193,121.57105
500112046,1,2024-07-21 05:42:22,40,25,25.0193,121.57105
500112046,1,2024-07-21 05:43:23,40,25,25.0193,121.57105
500112046,1,2024-07-21 05:44:22,40,25,25.0193,121.57105
500112046,1,2024-07-21 05:45:22,40,25,25.0193,121.57105
500112046,1,2024-07-21 05:46:22,40,25,25.0193,121.57105
500112046,1,2024-07-21 05:47:25,40,25,25.0193,121.57105
500112046,1,2024-07-21 05:48:22,40,25,25.0193,121.57105
500112046,1,2024-07-21 05:49:22,40,25,25.0193,121.57105
500112046,1,2024-07-21 05:50:28,40,25,25.0193,121.57105
500112046,1,2024-07-21 05:51:22,40,25,25.0193,121.57105
500112046,1,2024-07-21 05:52:22,40,25,25.0193,121.57105
500112046,1,2024-07-21 05:53:22,40,25,25.0193,121.57105
500112046,1,2024-07-21 05:54:23,40,25,25.0193,121.57105
500112046,1,2024-07-21 05:55:22,40,25,25.0193,121.57105
500112046,1,2024-07-21 05:56:23,40,25,25.0193,121.57105
500112046,1,2024-07-21 05:57:23,40,25,25.0193,121.57105
500112046,1,2024-07-21 05:58:23,40,25,25.0193,121.57105
500112046,1,2024-07-21 05:59:23,40,25,25.0193,121.57105
500112046,1,2024-07-21 06:00:28,40,25,25.0193,121.57105
500112046,1,2024-07-21 06:01:22,40,23,25.0193,121.57105
500112046,1,2024-07-21 06:02:23,40,23,25.0193,121.57105
500112046,1,2024-07-21 06:03:22,40,23,25.0193,121.57105
500112046,1,2024-07-21 06:04:23,40,23,25.0193,121.57105
500112046,1,2024-07-21 06:05:23,40,23,25.0193,121.57105
500112046,1,2024-07-21 06:06:23,40,23,25.0193,121.57105
500112046,1,2024-07-21 06:07:23,40,23,25.0193,121.57105
500112046,1,2024-07-21 06:08:22,40,23,25.0193,121.57105
500112046,1,2024-07-21 06:09:22,40,23,25.0193,121.57105
500112046,1,2024-07-21 06:10:28,40,23,25.0193,121.57105
500112046,1,2024-07-21 06:11:23,40,23,25.0193,121.57105
500112046,1,2024-07-21 06:12:22,40,23,25.0193,121.57105
500112046,1,2024-07-21 06:13:23,40,23,25.0193,121.57105
500112046,1,2024-07-21 06:14:23,40,23,25.0193,121.57105
500112046,1,2024-07-21 06:15:23,40,23,25.0193,121.57105
500112046,1,2024-07-21 06:16:22,40,23,25.0193,121.57105
500112046,1,2024-07-21 06:17:23,40,23,25.0193,121.57105
500112046,1,2024-07-21 06:18:23,40,22,25.0193,121.57105
500112046,1,2024-07-21 06:19:23,40,22,25.0193,121.57105
500112046,1,2024-07-21 06:20:29,40,22,25.0193,121.57105
500112046,1,2024-07-21 06:21:23,40,22,25.0193,121.57105
500112046,1,2024-07-21 06:22:23,40,22,25.0193,121.57105
500112046,1,2024-07-21 06:23:25,40,23,25.0193,121.57105
500112046,1,2024-07-21 06:24:22,40,23,25.0193,121.57105
500112046,1,2024-07-21 06:25:23,40,23,25.0193,121.57105
500112046,1,2024-07-21 06:26:22,40,23,25.0193,121.57105
500112046,1,2024-07-21 06:27:22,40,23,25.0193,121.57105
500112046,1,2024-07-21 06:28:23,40,23,25.0193,121.57105
500112046,1,2024-07-21 06:29:22,40,23,25.0193,121.57105
500112046,1,2024-07-21 06:30:30,40,23,25.0193,121.57105
500112046,1,2024-07-21 06:31:23,40,23,25.0193,121.57105
500112046,1,2024-07-21 06:33:23,40,23,25.0193,121.57105
500112046,1,2024-07-21 06:34:22,40,23,25.0193,121.57105
500112046,1,2024-07-21 06:35:23,40,23,25.0193,121.57105
500112046,1,2024-07-21 06:36:23,40,24,25.0193,121.57105
500112046,1,2024-07-21 06:37:22,40,24,25.0193,121.57105
500112046,1,2024-07-21 06:38:22,40,24,25.0193,121.57105
500112046,1,2024-07-21 06:39:23,40,24,25.0193,121.57105
500112046,1,2024-07-21 06:39:23,40,24,25.0193,121.57105
500112046,1,2024-07-21 06:40:29,40,24,25.0193,121.57105
500112046,1,2024-07-21 06:42:23,40,24,25.0193,121.57105
500112046,1,2024-07-21 06:43:22,40,24,25.0193,121.57105
500112046,1,2024-07-21 06:44:22,40,24,25.0193,121.57105
500112046,1,2024-07-21 06:45:22,40,24,25.0193,121.57105
500112046,1,2024-07-21 06:45:22,40,24,25.0193,121.57105
500112046,1,2024-07-21 06:46:23,40,24,25.0193,121.57105
500112046,1,2024-07-21 06:48:24,40,24,25.0193,121.57105
500112046,1,2024-07-21 06:49:23,40,24,25.0193,121.57105
500112046,1,2024-07-21 06:49:23,40,24,25.0193,121.57105
500112046,1,2024-07-21 06:51:24,40,24,25.0193,121.57105
500112046,1,2024-07-21 06:52:23,40,24,25.0193,121.57105
500112046,1,2024-07-21 06:53:23,40,24,25.0193,121.57105
500112046,1,2024-07-21 06:54:24,40,24,25.0193,121.57105
500112046,1,2024-07-21 06:55:23,40,24,25.0193,121.57105
500112046,1,2024-07-21 06:56:23,40,24,25.0193,121.57105
500112046,1,2024-07-21 06:57:23,40,24,25.0193,121.57105
500112046,1,2024-07-21 06:57:23,40,24,25.0193,121.57105
500112046,1,2024-07-21 06:59:23,40,24,25.0193,121.57105
500112046,1,2024-07-21 07:00:28,40,24,25.0193,121.57105
500112046,1,2024-07-21 07:01:23,40,22,25.0193,121.57105
500112046,1,2024-07-21 07:02:24,40,21,25.0193,121.57105
500112046,1,2024-07-21 07:03:23,40,21,25.0193,121.57105
500112046,1,2024-07-21 07:04:23,40,21,25.0193,121.57105
500112046,1,2024-07-21 07:05:23,40,21,25.0193,121.57105
500112046,1,2024-07-21 07:06:23,40,21,25.0193,121.57105
500112046,1,2024-07-21 07:07:22,40,21,25.0193,121.57105
500112046,1,2024-07-21 07:08:24,40,21,25.0193,121.57105
500112046,1,2024-07-21 07:09:23,40,21,25.0193,121.57105
500112046,1,2024-07-21 07:10:30,40,21,25.0193,121.57105
500112046,1,2024-07-21 07:11:23,40,21,25.0193,121.57105
500112046,1,2024-07-21 07:12:23,40,20,25.0193,121.57105
500112046,1,2024-07-21 07:13:23,40,20,25.0193,121.57105
500112046,1,2024-07-21 07:14:23,40,20,25.0193,121.57105
500112046,1,2024-07-21 07:15:23,40,20,25.0193,121.57105
500112046,1,2024-07-21 07:16:23,40,20,25.0193,121.57105
500112046,1,2024-07-21 07:17:23,40,20,25.0193,121.57105
500112046,1,2024-07-21 07:17:23,40,20,25.0193,121.57105
500112046,1,2024-07-21 07:19:23,40,19,25.0193,121.57105
500112046,1,2024-07-21 07:20:29,40,19,25.0193,121.57105
500112046,1,2024-07-21 07:21:22,40,19,25.0193,121.57105
500112046,1,2024-07-21 07:22:23,40,19,25.0193,121.57105
500112046,1,2024-07-21 07:23:24,40,18,25.0193,121.57105
500112046,1,2024-07-21 07:24:23,40,17,25.0193,121.57105
500112046,1,2024-07-21 07:25:23,40,16,25.0193,121.57105
500112046,1,2024-07-21 07:26:23,40,16,25.0193,121.57105
500112046,1,2024-07-21 07:27:24,40,15,25.0193,121.57105
500112046,1,2024-07-21 07:28:24,40,15,25.0193,121.57105
500112046,1,2024-07-21 07:29:23,40,17,25.0193,121.57105
500112046,1,2024-07-21 07:30:28,40,17,25.0193,121.57105
500112046,1,2024-07-21 07:31:23,40,22,25.0193,121.57105
500112046,1,2024-07-21 07:32:24,40,24,25.0193,121.57105
500112046,1,2024-07-21 07:33:23,40,26,25.0193,121.57105
500112046,1,2024-07-21 07:34:24,40,28,25.0193,121.57105
500112046,1,2024-07-21 07:35:23,40,28,25.0193,121.57105
500112046,1,2024-07-21 07:36:23,40,30,25.0193,121.57105
500112046,1,2024-07-21 07:37:24,40,30,25.0193,121.57105
500112046,1,2024-07-21 07:38:23,40,30,25.0193,121.57105
500112046,1,2024-07-21 07:39:24,40,30,25.0193,121.57105
500112046,1,2024-07-21 07:40:30,40,30,25.0193,121.57105
500112046,1,2024-07-21 07:41:23,40,30,25.0193,121.57105
500112046,1,2024-07-21 07:42:24,40,30,25.0193,121.57105
500112046,1,2024-07-21 07:43:23,40,29,25.0193,121.57105
500112046,1,2024-07-21 07:44:24,40,29,25.0193,121.57105
500112046,1,2024-07-21 07:45:24,40,29,25.0193,121.57105
500112046,1,2024-07-21 07:46:24,40,28,25.0193,121.57105
500112046,1,2024-07-21 07:47:23,40,28,25.0193,121.57105
500112046,1,2024-07-21 07:48:24,40,28,25.0193,121.57105
500112046,1,2024-07-21 07:49:27,40,27,25.0193,121.57105
500112046,1,2024-07-21 07:50:29,40,27,25.0193,121.57105
500112046,1,2024-07-21 07:51:24,40,27,25.0193,121.57105
500112046,1,2024-07-21 07:52:24,40,27,25.0193,121.57105
500112046,1,2024-07-21 07:53:23,40,27,25.0193,121.57105
500112046,1,2024-07-21 07:54:23,40,27,25.0193,121.57105
500112046,1,2024-07-21 07:55:23,40,27,25.0193,121.57105
500112046,1,2024-07-21 07:56:23,40,27,25.0193,121.57105
500112046,1,2024-07-21 07:57:23,40,26,25.0193,121.57105
500112046,1,2024-07-21 07:58:23,40,26,25.0193,121.57105
500112046,1,2024-07-21 07:59:24,40,26,25.0193,121.57105
500112046,1,2024-07-21 08:00:28,40,26,25.0193,121.57105
500112046,1,2024-07-21 08:01:23,40,26,25.0193,121.57105
500112046,1,2024-07-21 08:02:24,40,24,25.0193,121.57105
500112046,1,2024-07-21 08:03:23,40,23,25.0193,121.57105
500112046,1,2024-07-21 08:04:23,40,23,25.0193,121.57105
500112046,1,2024-07-21 08:05:23,40,23,25.0193,121.57105
500112046,1,2024-07-21 08:06:23,40,23,25.0193,121.57105
500112046,1,2024-07-21 08:07:23,40,23,25.0193,121.57105
500112046,1,2024-07-21 08:08:23,40,23,25.0193,121.57105
500112046,1,2024-07-21 08:09:23,40,23,25.0193,121.57105
500112046,1,2024-07-21 08:10:29,40,23,25.0193,121.57105
500112046,1,2024-07-21 08:11:23,40,22,25.0193,121.57105
500112046,1,2024-07-21 08:12:24,40,21,25.0193,121.57105
500112046,1,2024-07-21 08:13:24,40,22,25.0193,121.57105
500112046,1,2024-07-21 08:14:23,40,22,25.0193,121.57105
500112046,1,2024-07-21 08:15:24,40,22,25.0193,121.57105
500112046,1,2024-07-21 08:16:23,40,22,25.0193,121.57105
500112046,1,2024-07-21 08:17:23,40,22,25.0193,121.57105
500112046,1,2024-07-21 08:18:24,40,22,25.0193,121.57105
500112046,1,2024-07-21 08:19:24,40,22,25.0193,121.57105
500112046,1,2024-07-21 08:20:29,40,22,25.0193,121.57105
500112046,1,2024-07-21 08:21:24,40,23,25.0193,121.57105
500112046,1,2024-07-21 08:22:24,40,23,25.0193,121.57105
500112046,1,2024-07-21 08:23:24,40,22,25.0193,121.57105
500112046,1,2024-07-21 08:24:23,40,23,25.0193,121.57105
500112046,1,2024-07-21 08:25:23,40,23,25.0193,121.57105
500112046,1,2024-07-21 08:26:24,40,23,25.0193,121.57105
500112046,1,2024-07-21 08:27:24,40,22,25.0193,121.57105
500112046,1,2024-07-21 08:28:22,40,22,25.0193,121.57105
500112046,1,2024-07-21 08:29:23,40,22,25.0193,121.57105
500112046,1,2024-07-21 08:30:29,40,22,25.0193,121.57105
500112046,1,2024-07-21 08:31:24,40,20,25.0193,121.57105
500112046,1,2024-07-21 08:32:24,40,17,25.0193,121.57105
500112046,1,2024-07-21 08:33:24,40,17,25.0193,121.57105
500112046,1,2024-07-21 08:34:24,40,17,25.0193,121.57105
500112046,1,2024-07-21 08:35:24,40,18,25.0193,121.57105
500112046,1,2024-07-21 08:36:23,40,18,25.0193,121.57105
500112046,1,2024-07-21 08:37:24,40,18,25.0193,121.57105
500112046,1,2024-07-21 08:38:24,40,18,25.0193,121.57105
500112046,1,2024-07-21 08:39:24,40,17,25.0193,121.57105
500112046,1,2024-07-21 08:40:29,40,17,25.0193,121.57105
500112046,1,2024-07-21 08:41:23,40,17,25.0193,121.57105
500112046,1,2024-07-21 08:42:24,40,17,25.0193,121.57105
500112046,1,2024-07-21 08:43:23,40,17,25.0193,121.57105
500112046,1,2024-07-21 08:44:24,40,17,25.0193,121.57105
500112046,1,2024-07-21 08:45:23,40,17,25.0193,121.57105
500112046,1,2024-07-21 08:46:23,40,17,25.0193,121.57105
500112046,1,2024-07-21 08:47:24,40,16,25.0193,121.57105
500112046,1,2024-07-21 08:48:24,40,16,25.0193,121.57105
500112046,1,2024-07-21 08:49:24,40,16,25.0193,121.57105
500112046,1,2024-07-21 08:50:30,40,16,25.0193,121.57105
500112046,1,2024-07-21 08:51:24,40,16,25.0193,121.57105
500112046,1,2024-07-21 08:52:24,40,15,25.0193,121.57105
500112046,1,2024-07-21 08:53:24,40,15,25.0193,121.57105
500112046,1,2024-07-21 08:54:23,40,15,25.0193,121.57105
500112046,1,2024-07-21 08:55:24,40,15,25.0193,121.57105
500112046,1,2024-07-21 08:56:24,40,16,25.0193,121.57105
500112046,1,2024-07-21 08:57:24,40,17,25.0193,121.57105
500112046,1,2024-07-21 08:58:24,40,15,25.0193,121.57105
500112046,1,2024-07-21 08:59:24,40,15,25.0193,121.57105
500112046,1,2024-07-21 09:00:30,40,15,25.0193,121.57105
500112046,1,2024-07-21 09:01:24,40,14,25.0193,121.57105
500112046,1,2024-07-21 09:02:24,40,16,25.0193,121.57105
500112046,1,2024-07-21 09:03:24,40,16,25.0193,121.57105
500112046,1,2024-07-21 09:04:23,40,16,25.0193,121.57105
500112046,1,2024-07-21 09:05:24,40,13,25.0193,121.57105
500112046,1,2024-07-21 09:06:24,40,13,25.0193,121.57105
500112046,1,2024-07-21 09:07:23,40,13,25.0193,121.57105
500112046,1,2024-07-21 09:08:23,40,12,25.0193,121.57105
500112046,1,2024-07-21 09:09:23,40,12,25.0193,121.57105
500112046,1,2024-07-21 09:10:29,40,12,25.0193,121.57105
500112046,1,2024-07-21 09:11:24,40,12,25.0193,121.57105
500112046,1,2024-07-21 09:12:23,40,12,25.0193,121.57105
500112046,1,2024-07-21 09:13:24,40,12,25.0193,121.57105
500112046,1,2024-07-21 09:14:29,40,10,25.0193,121.57105
500112046,1,2024-07-21 09:15:23,40,9,25.0193,121.57105
500112046,1,2024-07-21 09:16:24,40,9,25.0193,121.57105
500112046,1,2024-07-21 09:17:22,40,9,25.0193,121.57105
500112046,1,2024-07-21 09:18:23,40,9,25.0193,121.57105
500112046,1,2024-07-21 09:19:23,40,8,25.0193,121.57105
500112046,1,2024-07-21 09:20:30,40,8,25.0193,121.57105
500112046,1,2024-07-21 09:21:24,40,7,25.0193,121.57105
500112046,1,2024-07-21 09:22:24,40,7,25.0193,121.57105
500112046,1,2024-07-21 09:23:24,40,8,25.0193,121.57105
500112046,1,2024-07-21 09:25:24,40,14,25.0193,121.57105
500112046,1,2024-07-21 09:26:23,40,15,25.0193,121.57105
500112046,1,2024-07-21 09:27:23,40,14,25.0193,121.57105
500112046,1,2024-07-21 09:27:23,40,14,25.0193,121.57105
500112046,1,2024-07-21 09:29:24,40,19,25.0193,121.57105
500112046,1,2024-07-21 09:30:29,40,19,25.0193,121.57105
500112046,1,2024-07-21 09:30:29,40,19,25.0193,121.57105
500112046,1,2024-07-21 09:32:24,40,19,25.0193,121.57105
500112046,1,2024-07-21 09:33:23,40,18,25.0193,121.57105
500112046,1,2024-07-21 09:34:24,40,18,25.0193,121.57105
500112046,1,2024-07-21 09:34:24,40,18,25.0193,121.57105
500112046,1,2024-07-21 09:36:23,40,18,25.0193,121.57105
500112046,1,2024-07-21 09:37:24,40,18,25.0193,121.57105
500112046,1,2024-07-21 09:38:23,40,18,25.0193,121.57105
500112046,1,2024-07-21 09:39:24,40,18,25.0193,121.57105
500112046,1,2024-07-21 09:40:29,40,18,25.0193,121.57105
500112046,1,2024-07-21 09:41:24,40,18,25.0193,121.57105
500112046,1,2024-07-21 09:42:24,40,17,25.0193,121.57105
500112046,1,2024-07-21 09:43:24,40,17,25.0193,121.57105
500112046,1,2024-07-21 09:44:24,40,17,25.0193,121.57105
500112046,1,2024-07-21 09:45:24,40,16,25.0193,121.57105
500112046,1,2024-07-21 09:46:24,40,16,25.0193,121.57105
500112046,1,2024-07-21 09:47:24,40,16,25.0193,121.57105
500112046,1,2024-07-21 09:48:24,40,16,25.0193,121.57105
500112046,1,2024-07-21 09:49:24,40,16,25.0193,121.57105
500112046,1,2024-07-21 09:50:30,40,16,25.0193,121.57105
500112046,1,2024-07-21 09:51:24,40,15,25.0193,121.57105
500112046,1,2024-07-21 09:52:24,40,15,25.0193,121.57105
500112046,1,2024-07-21 09:53:24,40,15,25.0193,121.57105
500112046,1,2024-07-21 09:54:24,40,14,25.0193,121.57105
500112046,1,2024-07-21 09:55:23,40,14,25.0193,121.57105
500112046,1,2024-07-21 09:56:24,40,17,25.0193,121.57105
500112046,1,2024-07-21 09:57:24,40,21,25.0193,121.57105
500112046,1,2024-07-21 09:58:24,40,26,25.0193,121.57105
500112046,1,2024-07-21 09:59:24,40,26,25.0193,121.57105
500112046,1,2024-07-21 10:00:29,40,26,25.0193,121.57105
500112046,1,2024-07-21 10:01:24,40,22,25.0193,121.57105
500112046,1,2024-07-21 10:02:24,40,20,25.0193,121.57105
500112046,1,2024-07-21 10:03:24,40,19,25.0193,121.57105
500112046,1,2024-07-21 10:04:24,40,21,25.0193,121.57105
500112046,1,2024-07-21 10:05:23,40,20,25.0193,121.57105
500112046,1,2024-07-21 10:06:24,40,20,25.0193,121.57105
500112046,1,2024-07-21 10:07:23,40,20,25.0193,121.57105
500112046,1,2024-07-21 10:08:24,40,19,25.0193,121.57105
500112046,1,2024-07-21 10:09:24,40,22,25.0193,121.57105
500112046,1,2024-07-21 10:10:30,40,25,25.0193,121.57105
500112046,1,2024-07-21 10:11:24,40,25,25.0193,121.57105
500112046,1,2024-07-21 10:12:24,40,29,25.0193,121.57105
500112046,1,2024-07-21 10:13:24,40,31,25.0193,121.57105
500112046,1,2024-07-21 10:14:24,40,33,25.0193,121.57105
500112046,1,2024-07-21 10:15:24,40,33,25.0193,121.57105
500112046,1,2024-07-21 10:16:23,40,33,25.0193,121.57105
500112046,1,2024-07-21 10:17:24,40,33,25.0193,121.57105
500112046,1,2024-07-21 10:18:24,40,36,25.0193,121.57105
500112046,1,2024-07-21 10:19:23,40,36,25.0193,121.57105
500112046,1,2024-07-21 10:20:29,40,36,25.0193,121.57105
500112046,1,2024-07-21 10:21:25,40,36,25.0193,121.57105
500112046,1,2024-07-21 10:22:24,40,36,25.0193,121.57105
500112046,1,2024-07-21 10:23:24,40,36,25.0193,121.57105
500112046,1,2024-07-21 10:24:24,40,36,25.0193,121.57105
500112046,1,2024-07-21 10:25:24,40,36,25.0193,121.57105
500112046,1,2024-07-21 10:26:23,40,37,25.0193,121.57105
500112046,1,2024-07-21 10:27:23,40,37,25.0193,121.57105
500112046,1,2024-07-21 10:28:24,40,38,25.0193,121.57105
500112046,1,2024-07-21 10:29:24,40,38,25.0193,121.57105
500112046,1,2024-07-21 10:30:30,40,38,25.0193,121.57105
500112046,1,2024-07-21 10:31:24,40,38,25.0193,121.57105
500112046,1,2024-07-21 10:32:24,40,38,25.0193,121.57105
500112046,1,2024-07-21 10:33:24,40,37,25.0193,121.57105
500112046,1,2024-07-21 10:34:23,40,36,25.0193,121.57105
500112046,1,2024-07-21 10:35:24,40,36,25.0193,121.57105
500112046,1,2024-07-21 10:35:24,40,36,25.0193,121.57105
500112046,1,2024-07-21 10:37:24,40,37,25.0193,121.57105
500112046,1,2024-07-21 10:38:23,40,37,25.0193,121.57105
500112046,1,2024-07-21 10:39:24,40,37,25.0193,121.57105
500112046,1,2024-07-21 10:40:29,40,38,25.0193,121.57105
500112046,1,2024-07-21 10:41:24,40,38,25.0193,121.57105
500112046,1,2024-07-21 10:42:23,40,36,25.0193,121.57105
500112046,1,2024-07-21 10:43:24,40,36,25.0193,121.57105
500112046,1,2024-07-21 10:44:24,40,36,25.0193,121.57105
500112046,1,2024-07-21 10:45:24,40,36,25.0193,121.57105
500112046,1,2024-07-21 10:46:24,40,36,25.0193,121.57105
500112046,1,2024-07-21 10:47:24,40,36,25.0193,121.57105
500112046,1,2024-07-21 10:48:24,40,36,25.0193,121.57105
500112046,1,2024-07-21 10:49:24,40,36,25.0193,121.57105
500112046,1,2024-07-21 10:50:30,40,36,25.0193,121.57105
500112046,1,2024-07-21 10:51:24,40,36,25.0193,121.57105
500112046,1,2024-07-21 10:52:24,40,36,25.0193,121.57105
500112046,1,2024-07-21 10:53:24,40,36,25.0193,121.57105
500112046,1,2024-07-21 10:54:24,40,36,25.0193,121.57105
500112046,1,2024-07-21 10:55:24,40,36,25.0193,121.57105
500112046,1,2024-07-21 10:56:24,40,35,25.0193,121.57105
500112046,1,2024-07-21 10:57:25,40,34,25.0193,121.57105
500112046,1,2024-07-21 10:58:24,40,34,25.0193,121.57105
500112046,1,2024-07-21 10:59:24,40,35,25.0193,121.57105
500112046,1,2024-07-21 11:00:30,40,35,25.0193,121.57105
500112046,1,2024-07-21 11:01:23,40,35,25.0193,121.57105
500112046,1,2024-07-21 11:02:24,40,34,25.0193,121.57105
500112046,1,2024-07-21 11:03:24,40,35,25.0193,121.57105
500112046,1,2024-07-21 11:04:23,40,35,25.0193,121.57105
500112046,1,2024-07-21 11:05:24,40,35,25.0193,121.57105
500112046,1,2024-07-21 11:06:25,40,35,25.0193,121.57105
500112046,1,2024-07-21 11:07:24,40,34,25.0193,121.57105
500112046,1,2024-07-21 11:08:24,40,33,25.0193,121.57105
500112046,1,2024-07-21 11:09:24,40,33,25.0193,121.57105
500112046,1,2024-07-21 11:10:31,40,33,25.0193,121.57105
500112046,1,2024-07-21 11:11:24,40,33,25.0193,121.57105
500112046,1,2024-07-21 11:12:24,40,33,25.0193,121.57105
500112046,1,2024-07-21 11:13:24,40,33,25.0193,121.57105
500112046,1,2024-07-21 11:14:24,40,33,25.0193,121.57105
500112046,1,2024-07-21 11:15:24,40,34,25.0193,121.57105
500112046,1,2024-07-21 11:16:24,40,34,25.0193,121.57105
500112046,1,2024-07-21 11:17:23,40,34,25.0193,121.57105
500112046,1,2024-07-21 11:18:24,40,34,25.0193,121.57105
500112046,1,2024-07-21 11:19:23,40,34,25.0193,121.57105
500112046,1,2024-07-21 11:20:30,40,34,25.0193,121.57105
500112046,1,2024-07-21 11:21:23,40,34,25.0193,121.57105
500112046,1,2024-07-21 11:22:24,40,33,25.0193,121.57105
500112046,1,2024-07-21 11:23:23,40,34,25.0193,121.57105
500112046,1,2024-07-21 11:24:24,40,34,25.0193,121.57105
500112046,1,2024-07-21 11:25:24,40,34,25.0193,121.57105
500112046,1,2024-07-21 11:26:24,40,33,25.0193,121.57105
500112046,1,2024-07-21 11:27:24,40,32,25.0193,121.57105
500112046,1,2024-07-21 11:28:24,40,31,25.0193,121.57105
500112046,1,2024-07-21 11:29:24,40,31,25.0193,121.57105
500112046,1,2024-07-21 11:30:29,40,31,25.0193,121.57105
500112046,1,2024-07-21 11:31:23,40,31,25.0193,121.57105
500112046,1,2024-07-21 11:32:25,40,31,25.0193,121.57105
500112046,1,2024-07-21 11:33:24,40,31,25.0193,121.57105
500112046,1,2024-07-21 11:34:23,40,31,25.0193,121.57105
500112046,1,2024-07-21 11:35:24,40,31,25.0193,121.57105
500112046,1,2024-07-21 11:36:24,40,31,25.0193,121.57105
500112046,1,2024-07-21 11:37:24,40,31,25.0193,121.57105
500112046,1,2024-07-21 11:38:23,40,31,25.0193,121.57105
500112046,1,2024-07-21 11:39:24,40,30,25.0193,121.57105
500112046,1,2024-07-21 11:40:30,40,28,25.0193,121.57105
500112046,1,2024-07-21 11:41:24,40,28,25.0193,121.57105
500112046,1,2024-07-21 11:42:24,40,28,25.0193,121.57105
500112046,1,2024-07-21 11:43:24,40,28,25.0193,121.57105
500112046,1,2024-07-21 11:44:23,40,28,25.0193,121.57105
500112046,1,2024-07-21 11:45:23,40,28,25.0193,121.57105
500112046,1,2024-07-21 11:46:24,40,27,25.0193,121.57105
500112046,1,2024-07-21 11:47:24,40,27,25.0193,121.57105
500112046,1,2024-07-21 11:48:23,40,27,25.0193,121.57105
500112046,1,2024-07-21 11:49:23,40,27,25.0193,121.57105
500112046,1,2024-07-21 11:50:30,40,27,25.0193,121.57105
500112046,1,2024-07-21 11:51:23,40,27,25.0193,121.57105
500112046,1,2024-07-21 11:52:24,40,27,25.0193,121.57105
500112046,1,2024-07-21 11:53:24,40,26,25.0193,121.57105
500112046,1,2024-07-21 11:54:25,40,26,25.0193,121.57105
500112046,1,2024-07-21 11:55:24,40,26,25.0193,121.57105
500112046,1,2024-07-21 11:56:24,40,26,25.0193,121.57105
500112046,1,2024-07-21 11:57:24,40,26,25.0193,121.57105
500112046,1,2024-07-21 11:58:24,40,27,25.0193,121.57105
500112046,1,2024-07-21 11:59:24,40,27,25.0193,121.57105
500112046,1,2024-07-21 12:00:29,40,27,25.0193,121.57105
500112046,1,2024-07-21 12:01:24,40,27,25.0193,121.57105
500112046,1,2024-07-21 12:02:24,40,27,25.0193,121.57105
500112046,1,2024-07-21 12:03:24,40,27,25.0193,121.57105
500112046,1,2024-07-21 12:04:24,40,27,25.0193,121.57105
500112046,1,2024-07-21 12:05:23,40,27,25.0193,121.57105
500112046,1,2024-07-21 12:06:24,40,27,25.0193,121.57105
500112046,1,2024-07-21 12:07:23,40,27,25.0193,121.57105
500112046,1,2024-07-21 12:08:24,40,27,25.0193,121.57105
500112046,1,2024-07-21 12:09:24,40,27,25.0193,121.57105
500112046,1,2024-07-21 12:10:29,40,27,25.0193,121.57105
500112046,1,2024-07-21 12:11:24,40,27,25.0193,121.57105
500112046,1,2024-07-21 12:12:24,40,27,25.0193,121.57105
500112046,1,2024-07-21 12:13:24,40,25,25.0193,121.57105
500112046,1,2024-07-21 12:14:24,40,24,25.0193,121.57105
500112046,1,2024-07-21 12:16:24,40,23,25.0193,121.57105
500112046,1,2024-07-21 12:16:24,40,23,25.0193,121.57105
500112046,1,2024-07-21 12:18:24,40,22,25.0193,121.57105
500112046,1,2024-07-21 12:18:24,40,22,25.0193,121.57105
500112046,1,2024-07-21 12:19:23,40,22,25.0193,121.57105
500112046,1,2024-07-21 12:21:24,40,21,25.0193,121.57105
500112046,1,2024-07-21 12:22:24,40,21,25.0193,121.57105
500112046,1,2024-07-21 12:23:24,40,21,25.0193,121.57105
500112046,1,2024-07-21 12:24:23,40,21,25.0193,121.57105
500112046,1,2024-07-21 12:25:24,40,21,25.0193,121.57105
500112046,1,2024-07-21 12:25:24,40,21,25.0193,121.57105
500112046,1,2024-07-21 12:27:24,40,21,25.0193,121.57105
500112046,1,2024-07-21 12:28:24,40,21,25.0193,121.57105
500112046,1,2024-07-21 12:29:24,40,21,25.0193,121.57105
500112046,1,2024-07-21 12:30:29,40,21,25.0193,121.57105
500112046,1,2024-07-21 12:31:24,40,21,25.0193,121.57105
500112046,1,2024-07-21 12:32:25,40,21,25.0193,121.57105
500112046,1,2024-07-21 12:32:25,40,21,25.0193,121.57105
500112046,1,2024-07-21 12:33:24,40,21,25.0193,121.57105
500112046,1,2024-07-21 12:35:23,40,19,25.0193,121.57105
500112046,1,2024-07-21 12:36:24,40,20,25.0193,121.57105
500112046,1,2024-07-21 12:37:24,40,20,25.0193,121.57105
500112046,1,2024-07-21 12:38:24,40,21,25.0193,121.57105
500112046,1,2024-07-21 12:39:23,40,21,25.0193,121.57105
500112046,1,2024-07-21 12:40:30,40,21,25.0193,121.57105
500112046,1,2024-07-21 12:41:24,40,21,25.0193,121.57105
500112046,1,2024-07-21 12:42:24,40,21,25.0193,121.57105
500112046,1,2024-07-21 12:43:24,40,22,25.0193,121.57105
500112046,1,2024-07-21 12:44:24,40,20,25.0193,121.57105
500112046,1,2024-07-21 12:45:24,40,20,25.0193,121.57105
500112046,1,2024-07-21 12:46:24,40,20,25.0193,121.57105
500112046,1,2024-07-21 12:47:23,40,20,25.0193,121.57105
500112046,1,2024-07-21 12:48:24,40,20,25.0193,121.57105
500112046,1,2024-07-21 12:49:24,40,20,25.0193,121.57105
500112046,1,2024-07-21 12:50:30,40,18,25.0193,121.57105
500112046,1,2024-07-21 12:51:24,40,18,25.0193,121.57105
500112046,1,2024-07-21 12:52:24,40,17,25.0193,121.57105
500112046,1,2024-07-21 12:53:24,40,17,25.0193,121.57105
500112046,1,2024-07-21 12:54:25,40,16,25.0193,121.57105
500112046,1,2024-07-21 12:55:24,40,16,25.0193,121.57105
500112046,1,2024-07-21 12:56:24,40,14,25.0193,121.57105
500112046,1,2024-07-21 12:57:25,40,14,25.0193,121.57105
500112046,1,2024-07-21 12:58:24,40,14,25.0193,121.57105
500112046,1,2024-07-21 12:59:23,40,14,25.0193,121.57105
500112046,1,2024-07-21 13:00:33,40,14,25.0193,121.57105
500112046,1,2024-07-21 13:01:24,40,14,25.0193,121.57105
500112046,1,2024-07-21 13:02:24,40,14,25.0193,121.57105
500112046,1,2024-07-21 13:03:24,40,14,25.0193,121.57105
500112046,1,2024-07-21 13:04:26,40,14,25.0193,121.57105
500112046,1,2024-07-21 13:05:24,40,14,25.0193,121.57105
500112046,1,2024-07-21 13:06:23,40,14,25.0193,121.57105
500112046,1,2024-07-21 13:07:24,40,14,25.0193,121.57105
500112046,1,2024-07-21 13:08:24,40,13,25.0193,121.57105
500112046,1,2024-07-21 13:09:24,40,13,25.0193,121.57105
500112046,1,2024-07-21 13:10:30,40,13,25.0193,121.57105
500112046,1,2024-07-21 13:11:24,40,14,25.0193,121.57105
500112046,1,2024-07-21 13:12:24,40,14,25.0193,121.57105
500112046,1,2024-07-21 13:13:23,40,14,25.0193,121.57105
500112046,1,2024-07-21 13:14:23,40,15,25.0193,121.57105
500112046,1,2024-07-21 13:15:24,40,15,25.0193,121.57105
500112046,1,2024-07-21 13:16:24,40,15,25.0193,121.57105
500112046,1,2024-07-21 13:17:23,40,15,25.0193,121.57105
500112046,1,2024-07-21 13:18:24,40,13,25.0193,121.57105
500112046,1,2024-07-21 13:19:24,40,13,25.0193,121.57105
500112046,1,2024-07-21 13:20:29,40,13,25.0193,121.57105
500112046,1,2024-07-21 13:21:24,40,13,25.0193,121.57105
500112046,1,2024-07-21 13:22:24,40,13,25.0193,121.57105
500112046,1,2024-07-21 13:23:23,40,13,25.0193,121.57105
500112046,1,2024-07-21 13:24:23,40,13,25.0193,121.57105
500112046,1,2024-07-21 13:25:24,40,13,25.0193,121.57105
500112046,1,2024-07-21 13:26:23,40,13,25.0193,121.57105
500112046,1,2024-07-21 13:27:24,40,13,25.0193,121.57105
500112046,1,2024-07-21 13:28:24,40,13,25.0193,121.57105
500112046,1,2024-07-21 13:29:24,40,13,25.0193,121.57105
500112046,1,2024-07-21 13:30:30,40,13,25.0193,121.57105
500112046,1,2024-07-21 13:31:25,40,12,25.0193,121.57105
500112046,1,2024-07-21 13:32:24,40,12,25.0193,121.57105
500112046,1,2024-07-21 13:33:24,40,12,25.0193,121.57105
500112046,1,2024-07-21 13:34:24,40,12,25.0193,121.57105
500112046,1,2024-07-21 13:35:24,40,12,25.0193,121.57105
500112046,1,2024-07-21 13:36:24,40,12,25.0193,121.57105
500112046,1,2024-07-21 13:37:23,40,12,25.0193,121.57105
500112046,1,2024-07-21 13:38:23,40,12,25.0193,121.57105
500112046,1,2024-07-21 13:39:24,40,12,25.0193,121.57105
500112046,1,2024-07-21 13:40:29,40,12,25.0193,121.57105
500112046,1,2024-07-21 13:41:24,40,11,25.0193,121.57105
500112046,1,2024-07-21 13:42:23,40,11,25.0193,121.57105
500112046,1,2024-07-21 13:43:24,40,11,25.0193,121.57105
500112046,1,2024-07-21 13:44:24,40,11,25.0193,121.57105
500112046,1,2024-07-21 13:45:24,40,11,25.0193,121.57105
500112046,1,2024-07-21 13:46:24,40,11,25.0193,121.57105
500112046,1,2024-07-21 13:47:24,40,11,25.0193,121.57105
500112046,1,2024-07-21 13:48:24,40,12,25.0193,121.57105
500112046,1,2024-07-21 13:49:24,40,12,25.0193,121.57105
500112046,1,2024-07-21 13:50:30,40,12,25.0193,121.57105
500112046,1,2024-07-21 13:51:24,40,12,25.0193,121.57105
500112046,1,2024-07-21 13:52:24,40,12,25.0193,121.57105
500112046,1,2024-07-21 13:53:24,40,12,25.0193,121.57105
500112046,1,2024-07-21 13:54:24,40,12,25.0193,121.57105
500112046,1,2024-07-21 13:55:24,40,12,25.0193,121.57105
500112046,1,2024-07-21 13:56:24,40,12,25.0193,121.57105
500112046,1,2024-07-21 13:57:24,40,12,25.0193,121.57105
500112046,1,2024-07-21 13:58:24,40,12,25.0193,121.57105
500112046,1,2024-07-21 13:59:23,40,12,25.0193,121.57105
500112046,1,2024-07-21 14:00:28,40,12,25.0193,121.57105
500112046,1,2024-07-21 14:01:24,40,13,25.0193,121.57105
500112046,1,2024-07-21 14:02:24,40,13,25.0193,121.57105
500112046,1,2024-07-21 14:03:23,40,14,25.0193,121.57105
500112046,1,2024-07-21 14:04:24,40,14,25.0193,121.57105
500112046,1,2024-07-21 14:05:24,40,13,25.0193,121.57105
500112046,1,2024-07-21 14:06:23,40,13,25.0193,121.57105
500112046,1,2024-07-21 14:07:24,40,13,25.0193,121.57105
500112046,1,2024-07-21 14:08:24,40,14,25.0193,121.57105
500112046,1,2024-07-21 14:09:24,40,14,25.0193,121.57105
500112046,1,2024-07-21 14:10:29,40,13,25.0193,121.57105
500112046,1,2024-07-21 14:11:23,40,14,25.0193,121.57105
500112046,1,2024-07-21 14:12:24,40,14,25.0193,121.57105
500112046,1,2024-07-21 14:13:23,40,13,25.0193,121.57105
500112046,1,2024-07-21 14:14:23,40,13,25.0193,121.57105
500112046,1,2024-07-21 14:15:24,40,13,25.0193,121.57105
500112046,1,2024-07-21 14:16:24,40,13,25.0193,121.57105
500112046,1,2024-07-21 14:17:23,40,13,25.0193,121.57105
500112046,1,2024-07-21 14:18:24,40,13,25.0193,121.57105
500112046,1,2024-07-21 14:19:24,40,12,25.0193,121.57105
500112046,1,2024-07-21 14:20:30,40,12,25.0193,121.57105
500112046,1,2024-07-21 14:21:24,40,11,25.0193,121.57105
500112046,1,2024-07-21 14:22:24,40,10,25.0193,121.57105
500112046,1,2024-07-21 14:23:23,40,10,25.0193,121.57105
500112046,1,2024-07-21 14:24:24,40,10,25.0193,121.57105
500112046,1,2024-07-21 14:25:24,40,10,25.0193,121.57105
500112046,1,2024-07-21 14:26:24,40,10,25.0193,121.57105
500112046,1,2024-07-21 14:27:24,40,12,25.0193,121.57105
500112046,1,2024-07-21 14:28:24,40,12,25.0193,121.57105
500112046,1,2024-07-21 14:29:24,40,12,25.0193,121.57105
500112046,1,2024-07-21 14:30:29,40,12,25.0193,121.57105
500112046,1,2024-07-21 14:31:24,40,15,25.0193,121.57105
500112046,1,2024-07-21 14:32:24,40,14,25.0193,121.57105
500112046,1,2024-07-21 14:33:26,40,13,25.0193,121.57105
500112046,1,2024-07-21 14:34:28,40,13,25.0193,121.57105
500112046,1,2024-07-21 14:35:23,40,13,25.0193,121.57105
500112046,1,2024-07-21 14:36:23,40,13,25.0193,121.57105
500112046,1,2024-07-21 14:37:24,40,13,25.0193,121.57105
500112046,1,2024-07-21 14:38:23,40,15,25.0193,121.57105
500112046,1,2024-07-21 14:39:23,40,15,25.0193,121.57105
500112046,1,2024-07-21 14:40:31,40,18,25.0193,121.57105
500112046,1,2024-07-21 14:42:24,40,18,25.0193,121.57105
500112046,1,2024-07-21 14:43:23,40,18,25.0193,121.57105
500112046,1,2024-07-21 14:44:24,40,18,25.0193,121.57105
500112046,1,2024-07-21 14:45:24,40,18,25.0193,121.57105
500112046,1,2024-07-21 14:46:24,40,18,25.0193,121.57105
500112046,1,2024-07-21 14:47:24,40,18,25.0193,121.57105
500112046,1,2024-07-21 14:47:24,40,18,25.0193,121.57105
500112046,1,2024-07-21 14:49:24,40,17,25.0193,121.57105
500112046,1,2024-07-21 14:50:30,40,17,25.0193,121.57105
500112046,1,2024-07-21 14:51:24,40,18,25.0193,121.57105
500112046,1,2024-07-21 14:52:24,40,19,25.0193,121.57105
500112046,1,2024-07-21 14:53:24,40,19,25.0193,121.57105
500112046,1,2024-07-21 14:54:26,40,18,25.0193,121.57105
500112046,1,2024-07-21 14:55:24,40,18,25.0193,121.57105
500112046,1,2024-07-21 14:56:24,40,17,25.0193,121.57105
500112046,1,2024-07-21 14:57:24,40,17,25.0193,121.57105
500112046,1,2024-07-21 14:58:24,40,17,25.0193,121.57105
500112046,1,2024-07-21 14:59:27,40,17,25.0193,121.57105
500112046,1,2024-07-21 15:00:29,40,17,25.0193,121.57105
500112046,1,2024-07-21 15:01:24,40,17,25.0193,121.57105
500112046,1,2024-07-21 15:02:24,40,18,25.0193,121.57105
500112046,1,2024-07-21 15:03:23,40,18,25.0193,121.57105
500112046,1,2024-07-21 15:04:26,40,18,25.0193,121.57105
500112046,1,2024-07-21 15:05:22,40,18,25.0193,121.57105
500112046,1,2024-07-21 15:06:23,40,18,25.0193,121.57105
500112046,1,2024-07-21 15:07:23,40,18,25.0193,121.57105
500112046,1,2024-07-21 15:08:24,40,19,25.0193,121.57105
500112046,1,2024-07-21 15:09:24,40,20,25.0193,121.57105
500112046,1,2024-07-21 15:10:30,40,19,25.0193,121.57105
500112046,1,2024-07-21 15:11:24,40,19,25.0193,121.57105
500112046,1,2024-07-21 15:12:24,40,20,25.0193,121.57105
500112046,1,2024-07-21 15:13:24,40,20,25.0193,121.57105
500112046,1,2024-07-21 15:14:24,40,20,25.0193,121.57105
500112046,1,2024-07-21 15:15:24,40,20,25.0193,121.57105
500112046,1,2024-07-21 15:16:24,40,20,25.0193,121.57105
500112046,1,2024-07-21 15:17:23,40,20,25.0193,121.57105
500112046,1,2024-07-21 15:18:23,40,20,25.0193,121.57105
500112046,1,2024-07-21 15:19:24,40,20,25.0193,121.57105
500112046,1,2024-07-21 15:20:30,40,20,25.0193,121.57105
500112046,1,2024-07-21 15:21:24,40,21,25.0193,121.57105
500112046,1,2024-07-21 15:22:24,40,21,25.0193,121.57105
500112046,1,2024-07-21 15:23:24,40,21,25.0193,121.57105
500112046,1,2024-07-21 15:24:23,40,21,25.0193,121.57105
500112046,1,2024-07-21 15:25:24,40,21,25.0193,121.57105
500112046,1,2024-07-21 15:26:23,40,21,25.0193,121.57105
500112046,1,2024-07-21 15:27:23,40,21,25.0193,121.57105
500112046,1,2024-07-21 15:28:24,40,21,25.0193,121.57105
500112046,1,2024-07-21 15:29:24,40,21,25.0193,121.57105
500112046,1,2024-07-21 15:30:31,40,21,25.0193,121.57105
500112046,1,2024-07-21 15:31:24,40,21,25.0193,121.57105
500112046,1,2024-07-21 15:32:24,40,21,25.0193,121.57105
500112046,1,2024-07-21 15:33:26,40,21,25.0193,121.57105
500112046,1,2024-07-21 15:34:24,40,21,25.0193,121.57105
500112046,1,2024-07-21 15:35:24,40,22,25.0193,121.57105
500112046,1,2024-07-21 15:36:23,40,22,25.0193,121.57105
500112046,1,2024-07-21 15:37:24,40,23,25.0193,121.57105
500112046,1,2024-07-21 15:38:23,40,23,25.0193,121.57105
500112046,1,2024-07-21 15:39:24,40,23,25.0193,121.57105
500112046,1,2024-07-21 15:40:30,40,23,25.0193,121.57105
500112046,1,2024-07-21 15:41:24,40,23,25.0193,121.57105
500112046,1,2024-07-21 15:42:24,40,23,25.0193,121.57105
500112046,1,2024-07-21 15:43:24,40,23,25.0193,121.57105
500112046,1,2024-07-21 15:44:24,40,23,25.0193,121.57105
500112046,1,2024-07-21 15:45:24,40,23,25.0193,121.57105
500112046,1,2024-07-21 15:46:23,40,23,25.0193,121.57105
500112046,1,2024-07-21 15:47:24,40,22,25.0193,121.57105
500112046,1,2024-07-21 15:48:23,40,22,25.0193,121.57105
500112046,1,2024-07-21 15:49:24,40,22,25.0193,121.57105
500112046,1,2024-07-21 15:50:29,40,22,25.0193,121.57105
500112046,1,2024-07-21 15:51:24,40,22,25.0193,121.57105
500112046,1,2024-07-21 15:52:24,40,22,25.0193,121.57105
500112046,1,2024-07-21 15:53:24,40,22,25.0193,121.57105
500112046,1,2024-07-21 15:54:24,40,22,25.0193,121.57105
500112046,1,2024-07-21 15:55:23,40,22,25.0193,121.57105
500112046,1,2024-07-21 15:56:24,40,22,25.0193,121.57105
500112046,1,2024-07-21 15:57:25,40,22,25.0193,121.57105
500112046,1,2024-07-21 15:58:24,40,23,25.0193,121.57105
500112046,1,2024-07-21 15:59:24,40,24,25.0193,121.57105
500112046,1,2024-07-21 15:59:24,40,24,25.0193,121.57105
500112046,1,2024-07-21 16:01:25,40,24,25.0193,121.57105
500112046,1,2024-07-21 16:02:25,40,24,25.0193,121.57105
500112046,1,2024-07-21 16:02:25,40,24,25.0193,121.57105
500112046,1,2024-07-21 16:04:24,40,23,25.0193,121.57105
500112046,1,2024-07-21 16:05:24,40,22,25.0193,121.57105
500112046,1,2024-07-21 16:06:24,40,22,25.0193,121.57105
500112046,1,2024-07-21 16:07:24,40,24,25.0193,121.57105
500112046,1,2024-07-21 16:08:24,40,24,25.0193,121.57105
500112046,1,2024-07-21 16:09:24,40,23,25.0193,121.57105
500112046,1,2024-07-21 16:10:30,40,23,25.0193,121.57105
500112046,1,2024-07-21 16:11:25,40,23,25.0193,121.57105
500112046,1,2024-07-21 16:12:24,40,23,25.0193,121.57105
500112046,1,2024-07-21 16:13:24,40,23,25.0193,121.57105
500112046,1,2024-07-21 16:14:24,40,23,25.0193,121.57105
500112046,1,2024-07-21 16:15:24,40,23,25.0193,121.57105
500112046,1,2024-07-21 16:16:24,40,23,25.0193,121.57105
500112046,1,2024-07-21 16:17:24,40,23,25.0193,121.57105
500112046,1,2024-07-21 16:18:24,40,26,25.0193,121.57105
500112046,1,2024-07-21 16:19:24,40,26,25.0193,121.57105
500112046,1,2024-07-21 16:19:24,40,26,25.0193,121.57105
500112046,1,2024-07-21 16:21:24,40,25,25.0193,121.57105
500112046,1,2024-07-21 16:22:25,40,25,25.0193,121.57105
500112046,1,2024-07-21 16:23:24,40,25,25.0193,121.57105
500112046,1,2024-07-21 16:24:23,40,25,25.0193,121.57105
500112046,1,2024-07-21 16:25:24,40,25,25.0193,121.57105
500112046,1,2024-07-21 16:26:24,40,25,25.0193,121.57105
500112046,1,2024-07-21 16:27:25,40,25,25.0193,121.57105
500112046,1,2024-07-21 16:28:24,40,26,25.0193,121.57105
500112046,1,2024-07-21 16:29:23,40,26,25.0193,121.57105
500112046,1,2024-07-21 16:30:30,40,26,25.0193,121.57105
500112046,1,2024-07-21 16:31:24,40,26,25.0193,121.57105
500112046,1,2024-07-21 16:32:28,40,26,25.0193,121.57105
500112046,1,2024-07-21 16:33:24,40,25,25.0193,121.57105
500112046,1,2024-07-21 16:34:24,40,25,25.0193,121.57105
500112046,1,2024-07-21 16:35:25,40,25,25.0193,121.57105
500112046,1,2024-07-21 16:36:24,40,24,25.0193,121.57105
500112046,1,2024-07-21 16:37:25,40,23,25.0193,121.57105
500112046,1,2024-07-21 16:38:24,40,23,25.0193,121.57105
500112046,1,2024-07-21 16:39:25,40,23,25.0193,121.57105
500112046,1,2024-07-21 16:40:28,40,23,25.0193,121.57105
500112046,1,2024-07-21 16:41:24,40,24,25.0193,121.57105
500112046,1,2024-07-21 16:42:24,40,24,25.0193,121.57105
500112046,1,2024-07-21 16:43:24,40,24,25.0193,121.57105
500112046,1,2024-07-21 16:44:24,40,23,25.0193,121.57105
500112046,1,2024-07-21 16:45:24,40,22,25.0193,121.57105
500112046,1,2024-07-21 16:46:24,40,22,25.0193,121.57105
500112046,1,2024-07-21 16:47:24,40,22,25.0193,121.57105
500112046,1,2024-07-21 16:48:25,40,22,25.0193,121.57105
500112046,1,2024-07-21 16:49:24,40,22,25.0193,121.57105
500112046,1,2024-07-21 16:50:31,40,23,25.0193,121.57105
500112046,1,2024-07-21 16:51:25,40,19,25.0193,121.57105
500112046,1,2024-07-21 16:52:24,40,19,25.0193,121.57105
500112046,1,2024-07-21 16:53:25,40,19,25.0193,121.57105
500112046,1,2024-07-21 16:54:25,40,18,25.0193,121.57105
500112046,1,2024-07-21 16:55:24,40,18,25.0193,121.57105
500112046,1,2024-07-21 16:56:25,40,19,25.0193,121.57105
500112046,1,2024-07-21 16:57:25,40,19,25.0193,121.57105
500112046,1,2024-07-21 16:58:25,40,19,25.0193,121.57105
500112046,1,2024-07-21 16:59:24,40,18,25.0193,121.57105
500112046,1,2024-07-21 17:00:30,40,18,25.0193,121.57105
500112046,1,2024-07-21 17:01:25,40,18,25.0193,121.57105
500112046,1,2024-07-21 17:02:25,40,18,25.0193,121.57105
500112046,1,2024-07-21 17:03:25,40,18,25.0193,121.57105
500112046,1,2024-07-21 17:04:25,40,21,25.0193,121.57105
500112046,1,2024-07-21 17:05:25,40,21,25.0193,121.57105
500112046,1,2024-07-21 17:06:25,40,22,25.0193,121.57105
500112046,1,2024-07-21 17:07:25,40,21,25.0193,121.57105
500112046,1,2024-07-21 17:08:25,40,22,25.0193,121.57105
500112046,1,2024-07-21 17:09:25,40,22,25.0193,121.57105
500112046,1,2024-07-21 17:10:35,40,22,25.0193,121.57105
500112046,1,2024-07-21 17:11:25,40,22,25.0193,121.57105
500112046,1,2024-07-21 17:13:24,40,22,25.0193,121.57105
500112046,1,2024-07-21 17:14:25,40,23,25.0193,121.57105
500112046,1,2024-07-21 17:15:25,40,22,25.0193,121.57105
500112046,1,2024-07-21 17:16:25,40,22,25.0193,121.57105
500112046,1,2024-07-21 17:17:24,40,22,25.0193,121.57105
500112046,1,2024-07-21 17:18:24,40,22,25.0193,121.57105
500112046,1,2024-07-21 17:19:25,40,22,25.0193,121.57105
500112046,1,2024-07-21 17:19:25,40,22,25.0193,121.57105
500112046,1,2024-07-21 17:21:25,40,20,25.0193,121.57105
500112046,1,2024-07-21 17:22:25,40,20,25.0193,121.57105
500112046,1,2024-07-21 17:23:25,40,20,25.0193,121.57105
500112046,1,2024-07-21 17:24:25,40,20,25.0193,121.57105
500112046,1,2024-07-21 17:25:23,40,21,25.0193,121.57105
500112046,1,2024-07-21 17:26:25,40,21,25.0193,121.57105
500112046,1,2024-07-21 17:27:25,40,21,25.0193,121.57105
500112046,1,2024-07-21 17:28:25,40,20,25.0193,121.57105
500112046,1,2024-07-21 17:29:25,40,20,25.0193,121.57105
500112046,1,2024-07-21 17:29:25,40,20,25.0193,121.57105
500112046,1,2024-07-21 17:31:24,40,20,25.0193,121.57105
500112046,1,2024-07-21 17:32:25,40,19,25.0193,121.57105
500112046,1,2024-07-21 17:33:26,40,19,25.0193,121.57105
500112046,1,2024-07-21 17:34:25,40,19,25.0193,121.57105
500112046,1,2024-07-21 17:35:25,40,19,25.0193,121.57105
500112046,1,2024-07-21 17:36:24,40,18,25.0193,121.57105
500112046,1,2024-07-21 17:37:25,40,18,25.0193,121.57105
500112046,1,2024-07-21 17:38:25,40,17,25.0193,121.57105
500112046,1,2024-07-21 17:39:25,40,17,25.0193,121.57105
500112046,1,2024-07-21 17:39:25,40,17,25.0193,121.57105
500112046,1,2024-07-21 17:40:31,40,17,25.0193,121.57105
500112046,1,2024-07-21 17:42:25,40,17,25.0193,121.57105
500112046,1,2024-07-21 17:43:25,40,17,25.0193,121.57105
500112046,1,2024-07-21 17:44:25,40,17,25.0193,121.57105
500112046,1,2024-07-21 17:45:25,40,19,25.0193,121.57105
500112046,1,2024-07-21 17:46:25,40,17,25.0193,121.57105
500112046,1,2024-07-21 17:47:24,40,17,25.0193,121.57105
500112046,1,2024-07-21 17:48:24,40,17,25.0193,121.57105
500112046,1,2024-07-21 17:49:24,40,19,25.0193,121.57105
500112046,1,2024-07-21 17:49:24,40,19,25.0193,121.57105
500112046,1,2024-07-21 17:51:25,40,20,25.0193,121.57105
500112046,1,2024-07-21 17:52:25,40,20,25.0193,121.57105
500112046,1,2024-07-21 17:53:25,40,20,25.0193,121.57105
500112046,1,2024-07-21 17:54:25,40,21,25.0193,121.57105
500112046,1,2024-07-21 17:55:24,40,21,25.0193,121.57105
500112046,1,2024-07-21 17:56:25,40,19,25.0193,121.57105
500112046,1,2024-07-21 17:57:26,40,19,25.0193,121.57105
500112046,1,2024-07-21 17:58:25,40,19,25.0193,121.57105
500112046,1,2024-07-21 17:59:25,40,19,25.0193,121.57105
500112046,1,2024-07-21 17:59:25,40,19,25.0193,121.57105
500112046,1,2024-07-21 18:01:25,40,21,25.0193,121.57105
500112046,1,2024-07-21 18:02:26,40,21,25.0193,121.57105
500112046,1,2024-07-21 18:03:25,40,21,25.0193,121.57105
500112046,1,2024-07-21 18:04:25,40,21,25.0193,121.57105
500112046,1,2024-07-21 18:05:25,40,21,25.0193,121.57105
500112046,1,2024-07-21 18:06:25,40,22,25.0193,121.57105
500112046,1,2024-07-21 18:07:25,40,22,25.0193,121.57105
500112046,1,2024-07-21 18:08:25,40,22,25.0193,121.57105
500112046,1,2024-07-21 18:09:24,40,22,25.0193,121.57105
500112046,1,2024-07-21 18:09:24,40,22,25.0193,121.57105
500112046,1,2024-07-21 18:11:25,40,22,25.0193,121.57105
500112046,1,2024-07-21 18:12:25,40,22,25.0193,121.57105
500112046,1,2024-07-21 18:13:25,40,21,25.0193,121.57105
500112046,1,2024-07-21 18:14:27,40,21,25.0193,121.57105
500112046,1,2024-07-21 18:15:25,40,20,25.0193,121.57105
500112046,1,2024-07-21 18:16:25,40,19,25.0193,121.57105
500112046,1,2024-07-21 18:17:24,40,19,25.0193,121.57105
500112046,1,2024-07-21 18:18:25,40,19,25.0193,121.57105
500112046,1,2024-07-21 18:19:25,40,19,25.0193,121.57105
500112046,1,2024-07-21 18:19:25,40,19,25.0193,121.57105
500112046,1,2024-07-21 18:21:24,40,21,25.0193,121.57105
500112046,1,2024-07-21 18:22:25,40,21,25.0193,121.57105
500112046,1,2024-07-21 18:23:25,40,21,25.0193,121.57105
500112046,1,2024-07-21 18:24:24,40,21,25.0193,121.57105
500112046,1,2024-07-21 18:25:25,40,21,25.0193,121.57105
500112046,1,2024-07-21 18:26:25,40,21,25.0193,121.57105
500112046,1,2024-07-21 18:27:25,40,21,25.0193,121.57105
500112046,1,2024-07-21 18:28:24,40,21,25.0193,121.57105
500112046,1,2024-07-21 18:29:25,40,21,25.0193,121.57105
500112046,1,2024-07-21 18:29:25,40,21,25.0193,121.57105
500112046,1,2024-07-21 18:31:24,40,21,25.0193,121.57105
500112046,1,2024-07-21 18:32:26,40,21,25.0193,121.57105
500112046,1,2024-07-21 18:33:25,40,20,25.0193,121.57105
500112046,1,2024-07-21 18:34:25,40,19,25.0193,121.57105
500112046,1,2024-07-21 18:35:24,40,15,25.0193,121.57105
500112046,1,2024-07-21 18:36:25,40,14,25.0193,121.57105
500112046,1,2024-07-21 18:37:24,40,13,25.0193,121.57105
500112046,1,2024-07-21 18:38:25,40,12,25.0193,121.57105
500112046,1,2024-07-21 18:39:25,40,12,25.0193,121.57105
500112046,1,2024-07-21 18:39:25,40,12,25.0193,121.57105
500112046,1,2024-07-21 18:41:25,40,10,25.0193,121.57105
500112046,1,2024-07-21 18:42:25,40,9,25.0193,121.57105
500112046,1,2024-07-21 18:43:25,40,9,25.0193,121.57105
500112046,1,2024-07-21 18:44:25,40,9,25.0193,121.57105
500112046,1,2024-07-21 18:45:24,40,9,25.0193,121.57105
500112046,1,2024-07-21 18:46:25,40,8,25.0193,121.57105
500112046,1,2024-07-21 18:47:25,40,8,25.0193,121.57105
500112046,1,2024-07-21 18:48:25,40,7,25.0193,121.57105
500112046,1,2024-07-21 18:49:25,40,5,25.0193,121.57105
500112046,1,2024-07-21 18:49:25,40,5,25.0193,121.57105
500112046,1,2024-07-21 18:51:25,40,6,25.0193,121.57105
500112046,1,2024-07-21 18:52:25,40,6,25.0193,121.57105
500112046,1,2024-07-21 18:53:24,40,7,25.0193,121.57105
500112046,1,2024-07-21 18:54:25,40,7,25.0193,121.57105
500112046,1,2024-07-21 18:55:24,40,7,25.0193,121.57105
500112046,1,2024-07-21 18:56:25,40,7,25.0193,121.57105
500112046,1,2024-07-21 18:57:25,40,5,25.0193,121.57105
500112046,1,2024-07-21 18:58:24,40,6,25.0193,121.57105
500112046,1,2024-07-21 18:59:24,40,6,25.0193,121.57105
500112046,1,2024-07-21 18:59:24,40,6,25.0193,121.57105
500112046,1,2024-07-21 19:01:25,40,6,25.0193,121.57105
500112046,1,2024-07-21 19:02:25,40,6,25.0193,121.57105
500112046,1,2024-07-21 19:03:24,40,7,25.0193,121.57105
500112046,1,2024-07-21 19:04:26,40,8,25.0193,121.57105
500112046,1,2024-07-21 19:05:25,40,8,25.0193,121.57105
500112046,1,2024-07-21 19:06:25,40,8,25.0193,121.57105
500112046,1,2024-07-21 19:07:25,40,9,25.0193,121.57105
500112046,1,2024-07-21 19:08:24,40,9,25.0193,121.57105
500112046,1,2024-07-21 19:09:25,40,9,25.0193,121.57105
500112046,1,2024-07-21 19:09:25,40,9,25.0193,121.57105
500112046,1,2024-07-21 19:11:25,40,10,25.0193,121.57105
500112046,1,2024-07-21 19:12:25,40,11,25.0193,121.57105
500112046,1,2024-07-21 19:13:25,40,12,25.0193,121.57105
500112046,1,2024-07-21 19:14:25,40,13,25.0193,121.57105
500112046,1,2024-07-21 19:15:25,40,13,25.0193,121.57105
500112046,1,2024-07-21 19:16:24,40,13,25.0193,121.57105
500112046,1,2024-07-21 19:17:23,40,13,25.0193,121.57105
500112046,1,2024-07-21 19:18:24,40,11,25.0193,121.57105
500112046,1,2024-07-21 19:19:25,40,11,25.0193,121.57105
500112046,1,2024-07-21 19:19:25,40,11,25.0193,121.57105
500112046,1,2024-07-21 19:21:24,40,10,25.0193,121.57105
500112046,1,2024-07-21 19:22:24,40,10,25.0193,121.57105
500112046,1,2024-07-21 19:23:24,40,10,25.0193,121.57105
500112046,1,2024-07-21 19:24:24,40,11,25.0193,121.57105
500112046,1,2024-07-21 19:25:24,40,12,25.0193,121.57105
500112046,1,2024-07-21 19:26:25,40,12,25.0193,121.57105
500112046,1,2024-07-21 19:27:24,40,12,25.0193,121.57105
500112046,1,2024-07-21 19:28:25,40,13,25.0193,121.57105
500112046,1,2024-07-21 19:29:24,40,13,25.0193,121.57105
500112046,1,2024-07-21 19:30:31,40,13,25.0193,121.57105
500112046,1,2024-07-21 19:31:24,40,12,25.0193,121.57105
500112046,1,2024-07-21 19:32:25,40,13,25.0193,121.57105
500112046,1,2024-07-21 19:33:25,40,13,25.0193,121.57105
500112046,1,2024-07-21 19:34:25,40,14,25.0193,121.57105
500112046,1,2024-07-21 19:35:24,40,14,25.0193,121.57105
500112046,1,2024-07-21 19:36:24,40,17,25.0193,121.57105
500112046,1,2024-07-21 19:37:24,40,17,25.0193,121.57105
500112046,1,2024-07-21 19:38:25,40,17,25.0193,121.57105
500112046,1,2024-07-21 19:39:25,40,17,25.0193,121.57105
500112046,1,2024-07-21 19:40:31,40,18,25.0193,121.57105
500112046,1,2024-07-21 19:41:25,40,18,25.0193,121.57105
500112046,1,2024-07-21 19:42:24,40,19,25.0193,121.57105
500112046,1,2024-07-21 19:43:24,40,19,25.0193,121.57105
500112046,1,2024-07-21 19:44:25,40,19,25.0193,121.57105
500112046,1,2024-07-21 19:45:25,40,20,25.0193,121.57105
500112046,1,2024-07-21 19:46:25,40,21,25.0193,121.57105
500112046,1,2024-07-21 19:47:25,40,22,25.0193,121.57105
500112046,1,2024-07-21 19:48:24,40,22,25.0193,121.57105
500112046,1,2024-07-21 19:49:25,40,22,25.0193,121.57105
500112046,1,2024-07-21 19:50:31,40,22,25.0193,121.57105
500112046,1,2024-07-21 19:51:24,40,22,25.0193,121.57105
500112046,1,2024-07-21 19:52:27,40,22,25.0193,121.57105
500112046,1,2024-07-21 19:54:24,40,22,25.0193,121.57105
500112046,1,2024-07-21 19:55:25,40,22,25.0193,121.57105
500112046,1,2024-07-21 19:56:24,40,20,25.0193,121.57105
500112046,1,2024-07-21 19:57:26,40,21,25.0193,121.57105
500112046,1,2024-07-21 19:58:24,40,23,25.0193,121.57105
500112046,1,2024-07-21 19:59:23,40,26,25.0193,121.57105
500112046,1,2024-07-21 19:59:23,40,26,25.0193,121.57105
500112046,1,2024-07-21 20:01:24,40,28,25.0193,121.57105
500112046,1,2024-07-21 20:02:25,40,28,25.0193,121.57105
500112046,1,2024-07-21 20:03:25,40,28,25.0193,121.57105
500112046,1,2024-07-21 20:04:25,40,28,25.0193,121.57105
500112046,1,2024-07-21 20:05:24,40,28,25.0193,121.57105
500112046,1,2024-07-21 20:06:25,40,28,25.0193,121.57105
500112046,1,2024-07-21 20:07:24,40,28,25.0193,121.57105
500112046,1,2024-07-21 20:08:25,40,28,25.0193,121.57105
500112046,1,2024-07-21 20:09:25,40,27,25.0193,121.57105
500112046,1,2024-07-21 20:09:25,40,27,25.0193,121.57105
500112046,1,2024-07-21 20:11:23,40,26,25.0193,121.57105
500112046,1,2024-07-21 20:12:24,40,24,25.0193,121.57105
500112046,1,2024-07-21 20:13:25,40,21,25.0193,121.57105
500112046,1,2024-07-21 20:14:24,40,17,25.0193,121.57105
500112046,1,2024-07-21 20:15:25,40,16,25.0193,121.57105
500112046,1,2024-07-21 20:16:25,40,14,25.0193,121.57105
500112046,1,2024-07-21 20:17:24,40,14,25.0193,121.57105
500112046,1,2024-07-21 20:18:25,40,10,25.0193,121.57105
500112046,1,2024-07-21 20:19:24,40,11,25.0193,121.57105
500112046,1,2024-07-21 20:19:24,40,11,25.0193,121.57105
500112046,1,2024-07-21 20:21:24,40,11,25.0193,121.57105
500112046,1,2024-07-21 20:22:24,40,8,25.0193,121.57105
500112046,1,2024-07-21 20:23:24,40,7,25.0193,121.57105
500112046,1,2024-07-21 20:24:23,40,9,25.0193,121.57105
500112046,1,2024-07-21 20:25:24,40,9,25.0193,121.57105
500112046,1,2024-07-21 20:25:24,40,9,25.0193,121.57105
500112046,1,2024-07-21 20:27:24,40,11,25.0193,121.57105
500112046,1,2024-07-21 20:28:24,40,11,25.0193,121.57105
500112046,1,2024-07-21 20:29:24,40,12,25.0193,121.57105
500112046,1,2024-07-21 20:29:24,40,12,25.0193,121.57105
500112046,1,2024-07-21 20:31:24,40,11,25.0193,121.57105
500112046,1,2024-07-21 20:32:24,40,11,25.0193,121.57105
500112046,1,2024-07-21 20:33:24,40,11,25.0193,121.57105
500112046,1,2024-07-21 20:34:24,40,11,25.0193,121.57105
500112046,1,2024-07-21 20:35:25,40,11,25.0193,121.57105
500112046,1,2024-07-21 20:36:23,40,11,25.0193,121.57105
500112046,1,2024-07-21 20:37:24,40,8,25.0193,121.57105
500112046,1,2024-07-21 20:38:24,40,8,25.0193,121.57105
500112046,1,2024-07-21 20:39:25,40,8,25.0193,121.57105
500112046,1,2024-07-21 20:39:25,40,8,25.0193,121.57105
500112046,1,2024-07-21 20:41:24,40,8,25.0193,121.57105
500112046,1,2024-07-21 20:42:24,40,7,25.0193,121.57105
500112046,1,2024-07-21 20:43:25,40,7,25.0193,121.57105
500112046,1,2024-07-21 20:44:24,40,8,25.0193,121.57105
500112046,1,2024-07-21 20:45:25,40,8,25.0193,121.57105
500112046,1,2024-07-21 20:46:25,40,8,25.0193,121.57105
500112046,1,2024-07-21 20:47:24,40,8,25.0193,121.57105
500112046,1,2024-07-21 20:48:24,40,8,25.0193,121.57105
500112046,1,2024-07-21 20:49:25,40,8,25.0193,121.57105
500112046,1,2024-07-21 20:49:25,40,8,25.0193,121.57105
500112046,1,2024-07-21 20:51:24,40,8,25.0193,121.57105
500112046,1,2024-07-21 20:52:23,40,8,25.0193,121.57105
500112046,1,2024-07-21 20:52:23,40,8,25.0193,121.57105
500112046,1,2024-07-21 20:54:24,40,9,25.0193,121.57105
500112046,1,2024-07-21 20:55:24,40,9,25.0193,121.57105
500112046,1,2024-07-21 20:56:25,40,11,25.0193,121.57105
500112046,1,2024-07-21 20:57:25,40,11,25.0193,121.57105
500112046,1,2024-07-21 20:58:25,40,12,25.0193,121.57105
500112046,1,2024-07-21 20:59:24,40,12,25.0193,121.57105
500112046,1,2024-07-21 21:00:30,40,12,25.0193,121.57105
500112046,1,2024-07-21 21:01:24,40,12,25.0193,121.57105
500112046,1,2024-07-21 21:02:25,40,12,25.0193,121.57105
500112046,1,2024-07-21 21:03:24,40,13,25.0193,121.57105
500112046,1,2024-07-21 21:04:24,40,13,25.0193,121.57105
500112046,1,2024-07-21 21:05:24,40,13,25.0193,121.57105
500112046,1,2024-07-21 21:06:25,40,12,25.0193,121.57105
500112046,1,2024-07-21 21:07:24,40,12,25.0193,121.57105
500112046,1,2024-07-21 21:08:25,40,12,25.0193,121.57105
500112046,1,2024-07-21 21:09:24,40,12,25.0193,121.57105
500112046,1,2024-07-21 21:09:24,40,12,25.0193,121.57105
500112046,1,2024-07-21 21:11:24,40,12,25.0193,121.57105
500112046,1,2024-07-21 21:12:24,40,12,25.0193,121.57105
500112046,1,2024-07-21 21:13:24,40,12,25.0193,121.57105
500112046,1,2024-07-21 21:14:24,40,13,25.0193,121.57105
500112046,1,2024-07-21 21:15:24,40,13,25.0193,121.57105
500112046,1,2024-07-21 21:16:24,40,13,25.0193,121.57105
500112046,1,2024-07-21 21:17:24,40,13,25.0193,121.57105
500112046,1,2024-07-21 21:18:25,40,13,25.0193,121.57105
500112046,1,2024-07-21 21:19:24,40,15,25.0193,121.57105
500112046,1,2024-07-21 21:20:30,40,15,25.0193,121.57105
500112046,1,2024-07-21 21:21:24,40,15,25.0193,121.57105
500112046,1,2024-07-21 21:22:25,40,15,25.0193,121.57105
500112046,1,2024-07-21 21:23:24,40,15,25.0193,121.57105
500112046,1,2024-07-21 21:24:25,40,15,25.0193,121.57105
500112046,1,2024-07-21 21:25:24,40,15,25.0193,121.57105
500112046,1,2024-07-21 21:26:24,40,16,25.0193,121.57105
500112046,1,2024-07-21 21:27:24,40,16,25.0193,121.57105
500112046,1,2024-07-21 21:28:24,40,16,25.0193,121.57105
500112046,1,2024-07-21 21:29:24,40,14,25.0193,121.57105
500112046,1,2024-07-21 21:30:29,40,14,25.0193,121.57105
500112046,1,2024-07-21 21:31:24,40,14,25.0193,121.57105
500112046,1,2024-07-21 21:32:25,40,14,25.0193,121.57105
500112046,1,2024-07-21 21:33:24,40,14,25.0193,121.57105
500112046,1,2024-07-21 21:34:24,40,14,25.0193,121.57105
500112046,1,2024-07-21 21:35:24,40,16,25.0193,121.57105
500112046,1,2024-07-21 21:36:24,40,16,25.0193,121.57105
500112046,1,2024-07-21 21:37:24,40,16,25.0193,121.57105
500112046,1,2024-07-21 21:38:23,40,16,25.0193,121.57105
500112046,1,2024-07-21 21:39:25,40,15,25.0193,121.57105
500112046,1,2024-07-21 21:39:25,40,15,25.0193,121.57105
