sno,act,srcUpdateTime,total,available_rent_bikes,latitude,longitude
500101021,1,2024-07-21 21:41:25,7,3,25.01385,121.53549
500101021,1,2024-07-21 21:41:25,7,3,25.01385,121.53549
500101021,1,2024-07-21 21:42:25,7,2,25.01385,121.53549
500101021,1,2024-07-21 21:43:23,7,3,25.01385,121.53549
500101021,1,2024-07-21 21:44:24,7,3,25.01385,121.53549
500101021,1,2024-07-21 21:45:24,7,3,25.01385,121.53549
500101021,1,2024-07-21 21:46:24,7,3,25.01385,121.53549
500101021,1,2024-07-21 21:47:24,7,3,25.01385,121.53549
500101021,1,2024-07-21 21:48:24,7,2,25.01385,121.53549
500101021,1,2024-07-21 21:49:24,7,1,25.01385,121.53549
500101021,1,2024-07-21 21:50:29,7,1,25.01385,121.53549
500101021,1,2024-07-21 21:51:24,7,1,25.01385,121.53549
500101021,1,2024-07-21 21:52:24,7,1,25.01385,121.53549
500101021,1,2024-07-21 21:53:25,7,1,25.01385,121.53549
500101021,1,2024-07-21 21:54:23,7,1,25.01385,121.53549
500101021,1,2024-07-21 21:55:23,7,1,25.01385,121.53549
500101021,1,2024-07-21 21:56:24,7,1,25.01385,121.53549
500101021,1,2024-07-21 21:57:24,7,1,25.01385,121.53549
500101021,1,2024-07-21 21:58:24,7,1,25.01385,121.53549
500101021,1,2024-07-21 21:59:23,7,1,25.01385,121.53549
500101021,1,2024-07-21 22:00:29,7,1,25.01385,121.53549
500101021,1,2024-07-21 22:01:23,7,1,25.01385,121.53549
500101021,1,2024-07-21 22:02:25,7,1,25.01385,121.53549
500101021,1,2024-07-21 22:03:24,7,1,25.01385,121.53549
500101021,1,2024-07-21 22:04:24,7,1,25.01385,121.53549
500101021,1,2024-07-21 22:05:24,7,1,25.01385,121.53549
500101021,1,2024-07-21 22:06:24,7,1,25.01385,121.53549
500101021,1,2024-07-21 22:07:24,7,1,25.01385,121.53549
500101021,1,2024-07-21 22:08:24,7,1,25.01385,121.53549
500101021,1,2024-07-21 22:09:24,7,1,25.01385,121.53549
500101021,1,2024-07-21 22:10:30,7,1,25.01385,121.53549
500101021,1,2024-07-21 22:11:24,7,1,25.01385,121.53549
500101021,1,2024-07-21 22:12:23,7,1,25.01385,121.53549
500101021,1,2024-07-21 22:13:24,7,1,25.01385,121.53549
500101021,1,2024-07-21 22:14:24,7,1,25.01385,121.53549
500101021,1,2024-07-21 22:15:23,7,1,25.01385,121.53549
500101021,1,2024-07-21 22:16:24,7,2,25.01385,121.53549
500101021,1,2024-07-21 22:17:22,7,2,25.01385,121.53549
500101021,1,2024-07-21 22:18:24,7,2,25.01385,121.53549
500101021,1,2024-07-21 22:19:23,7,1,25.01385,121.53549
500101021,1,2024-07-21 22:20:30,7,1,25.01385,121.53549
500101021,1,2024-07-21 22:22:24,7,1,25.01385,121.53549
500101021,1,2024-07-21 22:23:24,7,1,25.01385,121.53549
500101021,1,2024-07-21 22:24:24,7,1,25.01385,121.53549
500101021,1,2024-07-21 22:25:23,7,1,25.01385,121.53549
500101021,1,2024-07-21 22:26:23,7,1,25.01385,121.53549
500101021,1,2024-07-21 22:27:23,7,1,25.01385,121.53549
500101021,1,2024-07-21 22:28:23,7,1,25.01385,121.53549
500101021,1,2024-07-21 22:29:24,7,1,25.01385,121.53549
500101021,1,2024-07-21 22:29:24,7,1,25.01385,121.53549
500101021,1,2024-07-21 22:31:23,7,1,25.01385,121.53549
500101021,1,2024-07-21 22:32:23,7,1,25.01385,121.53549
500101021,1,2024-07-21 22:33:24,7,1,25.01385,121.53549
500101021,1,2024-07-21 22:34:24,7,1,25.01385,121.53549
500101021,1,2024-07-21 22:35:23,7,1,25.01385,121.53549
500101021,1,2024-07-21 22:36:23,7,1,25.01385,121.53549
500101021,1,2024-07-21 22:37:23,7,1,25.01385,121.53549
500101021,1,2024-07-21 22:38:24,7,1,25.01385,121.53549
500101021,1,2024-07-21 22:39:23,7,1,25.01385,121.53549
500101021,1,2024-07-21 22:40:30,7,1,25.01385,121.53549
500101021,1,2024-07-21 22:41:23,7,1,25.01385,121.53549
500101021,1,2024-07-21 22:42:24,7,1,25.01385,121.53549
500101021,1,2024-07-21 22:43:23,7,1,25.01385,121.53549
500101021,1,2024-07-21 22:44:23,7,1,25.01385,121.53549
500101021,1,2024-07-21 22:45:24,7,1,25.01385,121.53549
500101021,1,2024-07-21 22:46:23,7,1,25.01385,121.53549
500101021,1,2024-07-21 22:47:23,7,1,25.01385,121.53549
500101021,1,2024-07-21 22:48:23,7,2,25.01385,121.53549
500101021,1,2024-07-21 22:49:23,7,1,25.01385,121.53549
500101021,1,2024-07-21 22:50:30,7,1,25.01385,121.53549
500101021,1,2024-07-21 22:51:24,7,1,25.01385,121.53549
500101021,1,2024-07-21 22:52:23,7,1,25.01385,121.53549
500101021,1,2024-07-21 22:53:23,7,1,25.01385,121.53549
500101021,1,2024-07-21 22:54:23,7,2,25.01385,121.53549
500101021,1,2024-07-21 22:55:23,7,2,25.01385,121.53549
500101021,1,2024-07-21 22:56:23,7,2,25.01385,121.53549
500101021,1,2024-07-21 22:57:23,7,2,25.01385,121.53549
500101021,1,2024-07-21 22:58:23,7,1,25.01385,121.53549
500101021,1,2024-07-21 22:59:23,7,1,25.01385,121.53549
500101021,1,2024-07-21 23:00:29,7,1,25.01385,121.53549
500101021,1,2024-07-21 23:01:23,7,1,25.01385,121.53549
500101021,1,2024-07-21 23:02:24,7,1,25.01385,121.53549
500101021,1,2024-07-21 23:03:23,7,1,25.01385,121.53549
500101021,1,2024-07-21 23:04:23,7,1,25.01385,121.53549
500101021,1,2024-07-21 23:05:23,7,1,25.01385,121.53549
500101021,1,2024-07-21 23:06:23,7,1,25.01385,121.53549
500101021,1,2024-07-21 23:07:23,7,1,25.01385,121.53549
500101021,1,2024-07-21 23:08:24,7,1,25.01385,121.53549
500101021,1,2024-07-21 23:09:23,7,1,25.01385,121.53549
500101021,1,2024-07-21 23:10:30,7,1,25.01385,121.53549
500101021,1,2024-07-21 23:11:23,7,1,25.01385,121.53549
500101021,1,2024-07-21 23:12:23,7,1,25.01385,121.53549
500101021,1,2024-07-21 23:13:22,7,1,25.01385,121.53549
500101021,1,2024-07-21 23:14:22,7,1,25.01385,121.53549
500101021,1,2024-07-21 23:15:28,7,1,25.01385,121.53549
500101021,1,2024-07-21 23:16:23,7,1,25.01385,121.53549
500101021,1,2024-07-21 23:17:23,7,1,25.01385,121.53549
500101021,1,2024-07-21 23:18:23,7,1,25.01385,121.53549
500101021,1,2024-07-21 23:19:22,7,1,25.01385,121.53549
500101021,1,2024-07-21 23:20:29,7,1,25.01385,121.53549
500101021,1,2024-07-21 23:21:22,7,1,25.01385,121.53549
500101021,1,2024-07-21 23:22:23,7,1,25.01385,121.53549
500101021,1,2024-07-21 23:23:23,7,1,25.01385,121.53549
500101021,1,2024-07-21 23:24:23,7,1,25.01385,121.53549
500101021,1,2024-07-21 23:25:23,7,1,25.01385,121.53549
500101021,1,2024-07-21 23:26:23,7,1,25.01385,121.53549
500101021,1,2024-07-21 23:27:23,7,1,25.01385,121.53549
500101021,1,2024-07-21 23:28:23,7,1,25.01385,121.53549
500101021,1,2024-07-21 23:29:23,7,1,25.01385,121.53549
500101021,1,2024-07-21 23:30:29,7,1,25.01385,121.53549
500101021,1,2024-07-21 23:31:23,7,1,25.01385,121.53549
500101021,1,2024-07-21 23:32:23,7,1,25.01385,121.53549
500101021,1,2024-07-21 23:33:22,7,1,25.01385,121.53549
500101021,1,2024-07-21 23:34:23,7,1,25.01385,121.53549
500101021,1,2024-07-21 23:35:23,7,1,25.01385,121.53549
500101021,1,2024-07-21 23:36:22,7,1,25.01385,121.53549
500101021,1,2024-07-21 23:37:23,7,1,25.01385,121.53549
500101021,1,2024-07-21 23:38:22,7,1,25.01385,121.53549
500101021,1,2024-07-21 23:39:23,7,1,25.01385,121.53549
500101021,1,2024-07-21 23:40:28,7,1,25.01385,121.53549
500101021,1,2024-07-21 23:41:23,7,1,25.01385,121.53549
500101021,1,2024-07-21 23:42:23,7,1,25.01385,121.53549
500101021,1,2024-07-21 23:43:22,7,1,25.01385,121.53549
500101021,1,2024-07-21 23:44:23,7,1,25.01385,121.53549
500101021,1,2024-07-21 23:45:22,7,1,25.01385,121.53549
500101021,1,2024-07-21 23:46:23,7,1,25.01385,121.53549
500101021,1,2024-07-21 23:47:22,7,1,25.01385,121.53549
500101021,1,2024-07-21 23:48:23,7,1,25.01385,121.53549
500101021,1,2024-07-21 23:49:22,7,1,25.01385,121.53549
500101021,1,2024-07-21 23:50:29,7,1,25.01385,121.53549
500101021,1,2024-07-21 23:51:23,7,1,25.01385,121.53549
500101021,1,2024-07-21 23:52:22,7,1,25.01385,121.53549
500101021,1,2024-07-21 23:53:22,7,1,25.01385,121.53549
500101021,1,2024-07-21 23:54:22,7,1,25.01385,121.53549
500101021,1,2024-07-21 23:55:22,7,1,25.01385,121.53549
500101021,1,2024-07-21 23:56:23,7,1,25.01385,121.53549
500101021,1,2024-07-21 23:57:22,7,1,25.01385,121.53549
500101021,1,2024-07-21 23:58:23,7,1,25.01385,121.53549
500101021,1,2024-07-21 23:59:22,7,1,25.01385,121.53549
500101021,1,2024-07-22 00:00:29,7,1,25.01385,121.53549
500101021,1,2024-07-22 00:01:22,7,1,25.01385,121.53549
500101021,1,2024-07-22 00:02:23,7,1,25.01385,121.53549
500101021,1,2024-07-22 00:03:23,7,1,25.01385,121.53549
500101021,1,2024-07-22 00:04:22,7,1,25.01385,121.53549
500101021,1,2024-07-22 00:05:22,7,1,25.01385,121.53549
500101021,1,2024-07-22 00:06:22,7,1,25.01385,121.53549
500101021,1,2024-07-22 00:07:22,7,1,25.01385,121.53549
500101021,1,2024-07-22 00:08:23,7,1,25.01385,121.53549
500101021,1,2024-07-22 00:08:23,7,1,25.01385,121.53549
500101021,1,2024-07-22 00:10:29,7,1,25.01385,121.53549
500101021,1,2024-07-22 00:11:23,7,1,25.01385,121.53549
500101021,1,2024-07-22 00:12:23,7,1,25.01385,121.53549
500101021,1,2024-07-22 00:13:22,7,1,25.01385,121.53549
500101021,1,2024-07-22 00:14:22,7,1,25.01385,121.53549
500101021,1,2024-07-22 00:15:23,7,1,25.01385,121.53549
500101021,1,2024-07-22 00:16:23,7,1,25.01385,121.53549
500101021,1,2024-07-22 00:17:22,7,1,25.01385,121.53549
500101021,1,2024-07-22 00:18:22,7,1,25.01385,121.53549
500101021,1,2024-07-22 00:19:22,7,1,25.01385,121.53549
500101021,1,2024-07-22 00:20:28,7,1,25.01385,121.53549
500101021,1,2024-07-22 00:21:23,7,1,25.01385,121.53549
500101021,1,2024-07-22 00:22:23,7,1,25.01385,121.53549
500101021,1,2024-07-22 00:23:22,7,1,25.01385,121.53549
500101021,1,2024-07-22 00:24:22,7,1,25.01385,121.53549
500101021,1,2024-07-22 00:25:22,7,1,25.01385,121.53549
500101021,1,2024-07-22 00:26:22,7,1,25.01385,121.53549
500101021,1,2024-07-22 00:27:23,7,1,25.01385,121.53549
500101021,1,2024-07-22 00:28:22,7,1,25.01385,121.53549
500101021,1,2024-07-22 00:29:22,7,1,25.01385,121.53549
500101021,1,2024-07-22 00:29:22,7,1,25.01385,121.53549
500101021,1,2024-07-22 00:31:22,7,1,25.01385,121.53549
500101021,1,2024-07-22 00:32:22,7,1,25.01385,121.53549
500101021,1,2024-07-22 00:33:22,7,1,25.01385,121.53549
500101021,1,2024-07-22 00:34:23,7,1,25.01385,121.53549
500101021,1,2024-07-22 00:35:23,7,1,25.01385,121.53549
500101021,1,2024-07-22 00:36:22,7,1,25.01385,121.53549
500101021,1,2024-07-22 00:37:23,7,1,25.01385,121.53549
500101021,1,2024-07-22 00:37:23,7,1,25.01385,121.53549
500101021,1,2024-07-22 00:38:22,7,1,25.01385,121.53549
500101021,1,2024-07-22 00:39:22,7,1,25.01385,121.53549
500101021,1,2024-07-22 00:41:22,7,1,25.01385,121.53549
500101021,1,2024-07-22 00:42:22,7,1,25.01385,121.53549
500101021,1,2024-07-22 00:43:22,7,1,25.01385,121.53549
500101021,1,2024-07-22 00:43:22,7,1,25.01385,121.53549
500101021,1,2024-07-22 00:45:22,7,1,25.01385,121.53549
500101021,1,2024-07-22 00:45:22,7,1,25.01385,121.53549
500101021,1,2024-07-22 00:47:22,7,1,25.01385,121.53549
500101021,1,2024-07-22 00:47:22,7,1,25.01385,121.53549
500101021,1,2024-07-22 00:49:22,7,1,25.01385,121.53549
500101021,1,2024-07-22 00:50:28,7,1,25.01385,121.53549
500101021,1,2024-07-22 00:51:22,7,1,25.01385,121.53549
500101021,1,2024-07-22 00:52:22,7,1,25.01385,121.53549
500101021,1,2024-07-22 00:53:22,7,1,25.01385,121.53549
500101021,1,2024-07-22 00:54:22,7,1,25.01385,121.53549
500101021,1,2024-07-22 00:55:22,7,1,25.01385,121.53549
500101021,1,2024-07-22 00:56:22,7,1,25.01385,121.53549
500101021,1,2024-07-22 00:57:22,7,1,25.01385,121.53549
500101021,1,2024-07-22 00:58:22,7,1,25.01385,121.53549
500101021,1,2024-07-22 00:59:22,7,1,25.01385,121.53549
500101021,1,2024-07-22 01:00:28,7,1,25.01385,121.53549
500101021,1,2024-07-22 01:01:22,7,1,25.01385,121.53549
500101021,1,2024-07-22 01:02:23,7,1,25.01385,121.53549
500101021,1,2024-07-22 01:03:22,7,1,25.01385,121.53549
500101021,1,2024-07-22 01:04:22,7,1,25.01385,121.53549
500101021,1,2024-07-22 01:05:22,7,1,25.01385,121.53549
500101021,1,2024-07-22 01:06:22,7,1,25.01385,121.53549
500101021,1,2024-07-22 01:07:22,7,1,25.01385,121.53549
500101021,1,2024-07-22 01:08:22,7,1,25.01385,121.53549
500101021,1,2024-07-22 01:09:22,7,1,25.01385,121.53549
500101021,1,2024-07-22 01:10:28,7,1,25.01385,121.53549
500101021,1,2024-07-22 01:11:22,7,1,25.01385,121.53549
500101021,1,2024-07-22 01:12:22,7,1,25.01385,121.53549
500101021,1,2024-07-22 01:13:22,7,1,25.01385,121.53549
500101021,1,2024-07-22 01:14:22,7,2,25.01385,121.53549
500101021,1,2024-07-22 01:15:22,7,2,25.01385,121.53549
500101021,1,2024-07-22 01:16:22,7,2,25.01385,121.53549
500101021,1,2024-07-22 01:17:22,7,2,25.01385,121.53549
500101021,1,2024-07-22 01:18:22,7,2,25.01385,121.53549
500101021,1,2024-07-22 01:19:22,7,2,25.01385,121.53549
500101021,1,2024-07-22 01:20:28,7,2,25.01385,121.53549
500101021,1,2024-07-22 01:21:22,7,2,25.01385,121.53549
500101021,1,2024-07-22 01:22:22,7,2,25.01385,121.53549
500101021,1,2024-07-22 01:23:22,7,2,25.01385,121.53549
500101021,1,2024-07-22 01:24:21,7,2,25.01385,121.53549
500101021,1,2024-07-22 01:26:22,7,2,25.01385,121.53549
500101021,1,2024-07-22 01:26:22,7,2,25.01385,121.53549
500101021,1,2024-07-22 01:27:22,7,2,25.01385,121.53549
500101021,1,2024-07-22 01:29:22,7,2,25.01385,121.53549
500101021,1,2024-07-22 01:29:22,7,2,25.01385,121.53549
500101021,1,2024-07-22 01:30:27,7,2,25.01385,121.53549
500101021,1,2024-07-22 01:32:22,7,2,25.01385,121.53549
500101021,1,2024-07-22 01:32:22,7,2,25.01385,121.53549
500101021,1,2024-07-22 01:34:22,7,3,25.01385,121.53549
500101021,1,2024-07-22 01:35:22,7,3,25.01385,121.53549
500101021,1,2024-07-22 01:36:22,7,3,25.01385,121.53549
500101021,1,2024-07-22 01:37:22,7,3,25.01385,121.53549
500101021,1,2024-07-22 01:37:22,7,3,25.01385,121.53549
500101021,1,2024-07-22 01:39:22,7,3,25.01385,121.53549
500101021,1,2024-07-22 01:40:28,7,3,25.01385,121.53549
500101021,1,2024-07-22 01:41:22,7,3,25.01385,121.53549
500101021,1,2024-07-22 01:42:22,7,3,25.01385,121.53549
500101021,1,2024-07-22 01:42:22,7,3,25.01385,121.53549
500101021,1,2024-07-22 01:44:22,7,3,25.01385,121.53549
500101021,1,2024-07-22 01:45:22,7,3,25.01385,121.53549
500101021,1,2024-07-22 01:46:22,7,3,25.01385,121.53549
500101021,1,2024-07-22 01:46:22,7,3,25.01385,121.53549
500101021,1,2024-07-22 01:48:21,7,3,25.01385,121.53549
500101021,1,2024-07-22 01:49:22,7,3,25.01385,121.53549
500101021,1,2024-07-22 01:50:28,7,3,25.01385,121.53549
500101021,1,2024-07-22 01:51:22,7,3,25.01385,121.53549
500101021,1,2024-07-22 01:52:22,7,3,25.01385,121.53549
500101021,1,2024-07-22 01:53:22,7,3,25.01385,121.53549
500101021,1,2024-07-22 01:54:22,7,3,25.01385,121.53549
500101021,1,2024-07-22 01:55:22,7,3,25.01385,121.53549
500101021,1,2024-07-22 01:56:22,7,3,25.01385,121.53549
500101021,1,2024-07-22 01:57:22,7,3,25.01385,121.53549
500101021,1,2024-07-22 01:58:22,7,3,25.01385,121.53549
500101021,1,2024-07-22 01:59:22,7,3,25.01385,121.53549
500101021,1,2024-07-22 02:00:28,7,3,25.01385,121.53549
500101021,1,2024-07-22 02:01:22,7,3,25.01385,121.53549
500101021,1,2024-07-22 02:02:22,7,3,25.01385,121.53549
500101021,1,2024-07-22 02:03:25,7,3,25.01385,121.53549
500101021,1,2024-07-22 02:04:23,7,3,25.01385,121.53549
500101021,1,2024-07-22 02:05:22,7,3,25.01385,121.53549
500101021,1,2024-07-22 02:06:22,7,3,25.01385,121.53549
500101021,1,2024-07-22 02:07:22,7,3,25.01385,121.53549
500101021,1,2024-07-22 02:08:22,7,3,25.01385,121.53549
500101021,1,2024-07-22 02:09:22,7,3,25.01385,121.53549
500101021,1,2024-07-22 02:10:28,7,3,25.01385,121.53549
500101021,1,2024-07-22 02:11:22,7,3,25.01385,121.53549
500101021,1,2024-07-22 02:12:22,7,3,25.01385,121.53549
500101021,1,2024-07-22 02:13:22,7,3,25.01385,121.53549
500101021,1,2024-07-22 02:14:22,7,3,25.01385,121.53549
500101021,1,2024-07-22 02:15:26,7,3,25.01385,121.53549
500101021,1,2024-07-22 02:16:22,7,3,25.01385,121.53549
500101021,1,2024-07-22 02:17:22,7,3,25.01385,121.53549
500101021,1,2024-07-22 02:18:22,7,3,25.01385,121.53549
500101021,1,2024-07-22 02:19:21,7,3,25.01385,121.53549
500101021,1,2024-07-22 02:20:27,7,3,25.01385,121.53549
500101021,1,2024-07-22 02:21:22,7,3,25.01385,121.53549
500101021,1,2024-07-22 02:22:22,7,3,25.01385,121.53549
500101021,1,2024-07-22 02:23:22,7,3,25.01385,121.53549
500101021,1,2024-07-22 02:23:22,7,3,25.01385,121.53549
500101021,1,2024-07-22 02:25:22,7,3,25.01385,121.53549
500101021,1,2024-07-22 02:26:22,7,3,25.01385,121.53549
500101021,1,2024-07-22 02:27:22,7,3,25.01385,121.53549
500101021,1,2024-07-22 02:28:22,7,3,25.01385,121.53549
500101021,1,2024-07-22 02:29:22,7,3,25.01385,121.53549
500101021,1,2024-07-22 02:30:28,7,3,25.01385,121.53549
500101021,1,2024-07-22 02:30:28,7,3,25.01385,121.53549
500101021,1,2024-07-22 02:32:21,7,3,25.01385,121.53549
500101021,1,2024-07-22 02:33:22,7,3,25.01385,121.53549
500101021,1,2024-07-22 02:33:22,7,3,25.01385,121.53549
500101021,1,2024-07-22 02:35:22,7,3,25.01385,121.53549
500101021,1,2024-07-22 02:36:22,7,3,25.01385,121.53549
500101021,1,2024-07-22 02:37:22,7,3,25.01385,121.53549
500101021,1,2024-07-22 02:38:22,7,3,25.01385,121.53549
500101021,1,2024-07-22 02:39:22,7,3,25.01385,121.53549
500101021,1,2024-07-22 02:40:27,7,3,25.01385,121.53549
500101021,1,2024-07-22 02:41:22,7,3,25.01385,121.53549
500101021,1,2024-07-22 02:42:22,7,3,25.01385,121.53549
500101021,1,2024-07-22 02:43:22,7,3,25.01385,121.53549
500101021,1,2024-07-22 02:44:22,7,3,25.01385,121.53549
500101021,1,2024-07-22 02:45:22,7,3,25.01385,121.53549
500101021,1,2024-07-22 02:46:22,7,3,25.01385,121.53549
500101021,1,2024-07-22 02:47:22,7,3,25.01385,121.53549
500101021,1,2024-07-22 02:48:22,7,3,25.01385,121.53549
500101021,1,2024-07-22 02:49:22,7,3,25.01385,121.53549
500101021,1,2024-07-22 02:50:27,7,3,25.01385,121.53549
500101021,1,2024-07-22 02:51:21,7,3,25.01385,121.53549
500101021,1,2024-07-22 02:52:22,7,3,25.01385,121.53549
500101021,1,2024-07-22 02:53:22,7,3,25.01385,121.53549
500101021,1,2024-07-22 02:53:22,7,3,25.01385,121.53549
500101021,1,2024-07-22 02:55:22,7,3,25.01385,121.53549
500101021,1,2024-07-22 02:56:21,7,3,25.01385,121.53549
500101021,1,2024-07-22 02:57:22,7,3,25.01385,121.53549
500101021,1,2024-07-22 02:58:22,7,3,25.01385,121.53549
500101021,1,2024-07-22 02:59:21,7,3,25.01385,121.53549
500101021,1,2024-07-22 02:59:21,7,3,25.01385,121.53549
500101021,1,2024-07-22 03:00:28,7,3,25.01385,121.53549
500101021,1,2024-07-22 03:02:22,7,3,25.01385,121.53549
500101021,1,2024-07-22 03:02:22,7,3,25.01385,121.53549
500101021,1,2024-07-22 03:04:22,7,3,25.01385,121.53549
500101021,1,2024-07-22 03:05:23,7,3,25.01385,121.53549
500101021,1,2024-07-22 03:06:22,7,3,25.01385,121.53549
500101021,1,2024-07-22 03:07:22,7,3,25.01385,121.53549
500101021,1,2024-07-22 03:07:22,7,3,25.01385,121.53549
500101021,1,2024-07-22 03:09:22,7,3,25.01385,121.53549
500101021,1,2024-07-22 03:09:22,7,3,25.01385,121.53549
500101021,1,2024-07-22 03:11:22,7,3,25.01385,121.53549
500101021,1,2024-07-22 03:12:22,7,3,25.01385,121.53549
500101021,1,2024-07-22 03:13:22,7,3,25.01385,121.53549
500101021,1,2024-07-22 03:14:21,7,3,25.01385,121.53549
500101021,1,2024-07-22 03:15:22,7,3,25.01385,121.53549
500101021,1,2024-07-22 03:16:22,7,3,25.01385,121.53549
500101021,1,2024-07-22 03:17:21,7,3,25.01385,121.53549
500101021,1,2024-07-22 03:18:22,7,3,25.01385,121.53549
500101021,1,2024-07-22 03:19:22,7,3,25.01385,121.53549
500101021,1,2024-07-22 03:19:22,7,3,25.01385,121.53549
500101021,1,2024-07-22 03:21:22,7,3,25.01385,121.53549
500101021,1,2024-07-22 03:22:22,7,3,25.01385,121.53549
500101021,1,2024-07-22 03:22:22,7,3,25.01385,121.53549
500101021,1,2024-07-22 03:24:22,7,3,25.01385,121.53549
500101021,1,2024-07-22 03:25:22,7,3,25.01385,121.53549
500101021,1,2024-07-22 03:26:22,7,3,25.01385,121.53549
500101021,1,2024-07-22 03:27:22,7,2,25.01385,121.53549
500101021,1,2024-07-22 03:28:22,7,2,25.01385,121.53549
500101021,1,2024-07-22 03:28:22,7,2,25.01385,121.53549
500101021,1,2024-07-22 03:29:23,7,2,25.01385,121.53549
500101021,1,2024-07-22 03:31:22,7,2,25.01385,121.53549
500101021,1,2024-07-22 03:32:22,7,2,25.01385,121.53549
500101021,1,2024-07-22 03:32:22,7,2,25.01385,121.53549
500101021,1,2024-07-22 03:33:22,7,2,25.01385,121.53549
500101021,1,2024-07-22 03:35:22,7,2,25.01385,121.53549
500101021,1,2024-07-22 03:36:21,7,2,25.01385,121.53549
500101021,1,2024-07-22 03:37:22,7,2,25.01385,121.53549
500101021,1,2024-07-22 03:38:21,7,2,25.01385,121.53549
500101021,1,2024-07-22 03:38:21,7,2,25.01385,121.53549
500101021,1,2024-07-22 03:40:28,7,2,25.01385,121.53549
500101021,1,2024-07-22 03:41:21,7,2,25.01385,121.53549
500101021,1,2024-07-22 03:42:22,7,2,25.01385,121.53549
500101021,1,2024-07-22 03:42:22,7,2,25.01385,121.53549
500101021,1,2024-07-22 03:44:22,7,2,25.01385,121.53549
500101021,1,2024-07-22 03:45:22,7,2,25.01385,121.53549
500101021,1,2024-07-22 03:46:22,7,2,25.01385,121.53549
500101021,1,2024-07-22 03:47:22,7,2,25.01385,121.53549
500101021,1,2024-07-22 03:48:22,7,2,25.01385,121.53549
500101021,1,2024-07-22 03:49:22,7,2,25.01385,121.53549
500101021,1,2024-07-22 03:50:27,7,2,25.01385,121.53549
500101021,1,2024-07-22 03:50:27,7,2,25.01385,121.53549
500101021,1,2024-07-22 03:52:22,7,2,25.01385,121.53549
500101021,1,2024-07-22 03:52:22,7,2,25.01385,121.53549
500101021,1,2024-07-22 03:54:22,7,2,25.01385,121.53549
500101021,1,2024-07-22 03:55:22,7,2,25.01385,121.53549
500101021,1,2024-07-22 03:56:22,7,2,25.01385,121.53549
500101021,1,2024-07-22 03:57:22,7,2,25.01385,121.53549
500101021,1,2024-07-22 03:58:21,7,2,25.01385,121.53549
500101021,1,2024-07-22 03:59:22,7,2,25.01385,121.53549
500101021,1,2024-07-22 04:00:28,7,2,25.01385,121.53549
500101021,1,2024-07-22 04:01:22,7,2,25.01385,121.53549
500101021,1,2024-07-22 04:02:21,7,2,25.01385,121.53549
500101021,1,2024-07-22 04:03:22,7,2,25.01385,121.53549
500101021,1,2024-07-22 04:04:23,7,2,25.01385,121.53549
500101021,1,2024-07-22 04:05:21,7,2,25.01385,121.53549
500101021,1,2024-07-22 04:06:22,7,2,25.01385,121.53549
500101021,1,2024-07-22 04:07:22,7,2,25.01385,121.53549
500101021,1,2024-07-22 04:08:22,7,2,25.01385,121.53549
500101021,1,2024-07-22 04:09:22,7,2,25.01385,121.53549
500101021,1,2024-07-22 04:10:28,7,2,25.01385,121.53549
500101021,1,2024-07-22 04:11:21,7,2,25.01385,121.53549
500101021,1,2024-07-22 04:12:22,7,2,25.01385,121.53549
500101021,1,2024-07-22 04:13:22,7,2,25.01385,121.53549
500101021,1,2024-07-22 04:14:22,7,2,25.01385,121.53549
500101021,1,2024-07-22 04:15:21,7,2,25.01385,121.53549
500101021,1,2024-07-22 04:16:22,7,2,25.01385,121.53549
500101021,1,2024-07-22 04:17:22,7,2,25.01385,121.53549
500101021,1,2024-07-22 04:18:22,7,2,25.01385,121.53549
500101021,1,2024-07-22 04:19:21,7,2,25.01385,121.53549
500101021,1,2024-07-22 04:20:28,7,2,25.01385,121.53549
500101021,1,2024-07-22 04:21:22,7,2,25.01385,121.53549
500101021,1,2024-07-22 04:22:22,7,2,25.01385,121.53549
500101021,1,2024-07-22 04:23:23,7,2,25.01385,121.53549
500101021,1,2024-07-22 04:24:22,7,2,25.01385,121.53549
500101021,1,2024-07-22 04:25:22,7,2,25.01385,121.53549
500101021,1,2024-07-22 04:26:22,7,2,25.01385,121.53549
500101021,1,2024-07-22 04:28:21,7,2,25.01385,121.53549
500101021,1,2024-07-22 04:29:22,7,2,25.01385,121.53549
500101021,1,2024-07-22 04:30:28,7,2,25.01385,121.53549
500101021,1,2024-07-22 04:30:28,7,2,25.01385,121.53549
500101021,1,2024-07-22 04:32:22,7,2,25.01385,121.53549
500101021,1,2024-07-22 04:33:22,7,2,25.01385,121.53549
500101021,1,2024-07-22 04:33:22,7,2,25.01385,121.53549
500101021,1,2024-07-22 04:34:22,7,2,25.01385,121.53549
500101021,1,2024-07-22 04:36:22,7,2,25.01385,121.53549
500101021,1,2024-07-22 04:36:22,7,2,25.01385,121.53549
500101021,1,2024-07-22 04:38:22,7,2,25.01385,121.53549
500101021,1,2024-07-22 04:39:22,7,2,25.01385,121.53549
500101021,1,2024-07-22 04:40:28,7,2,25.01385,121.53549
500101021,1,2024-07-22 04:40:28,7,2,25.01385,121.53549
500101021,1,2024-07-22 04:42:21,7,2,25.01385,121.53549
500101021,1,2024-07-22 04:42:21,7,2,25.01385,121.53549
500101021,1,2024-07-22 04:43:22,7,2,25.01385,121.53549
500101021,1,2024-07-22 04:45:22,7,2,25.01385,121.53549
500101021,1,2024-07-22 04:45:22,7,2,25.01385,121.53549
500101021,1,2024-07-22 04:47:22,7,2,25.01385,121.53549
500101021,1,2024-07-22 04:47:22,7,2,25.01385,121.53549
500101021,1,2024-07-22 04:49:22,7,2,25.01385,121.53549
500101021,1,2024-07-22 04:49:22,7,2,25.01385,121.53549
500101021,1,2024-07-22 04:51:22,7,2,25.01385,121.53549
500101021,1,2024-07-22 04:52:22,7,2,25.01385,121.53549
500101021,1,2024-07-22 04:53:22,7,2,25.01385,121.53549
500101021,1,2024-07-22 04:53:22,7,2,25.01385,121.53549
500101021,1,2024-07-22 04:55:22,7,2,25.01385,121.53549
500101021,1,2024-07-22 04:56:22,7,2,25.01385,121.53549
500101021,1,2024-07-22 04:57:22,7,2,25.01385,121.53549
500101021,1,2024-07-22 04:58:21,7,2,25.01385,121.53549
500101021,1,2024-07-22 04:59:22,7,2,25.01385,121.53549
500101021,1,2024-07-22 04:59:22,7,2,25.01385,121.53549
500101021,1,2024-07-22 05:01:25,7,2,25.01385,121.53549
500101021,1,2024-07-22 05:01:25,7,2,25.01385,121.53549
500101021,1,2024-07-22 05:02:23,7,2,25.01385,121.53549
500101021,1,2024-07-22 05:04:22,7,3,25.01385,121.53549
500101021,1,2024-07-22 05:04:22,7,3,25.01385,121.53549
500101021,1,2024-07-22 05:06:22,7,3,25.01385,121.53549
500101021,1,2024-07-22 05:07:22,7,3,25.01385,121.53549
500101021,1,2024-07-22 05:07:22,7,3,25.01385,121.53549
500101021,1,2024-07-22 05:09:22,7,3,25.01385,121.53549
500101021,1,2024-07-22 05:10:28,7,3,25.01385,121.53549
500101021,1,2024-07-22 05:10:28,7,3,25.01385,121.53549
500101021,1,2024-07-22 05:12:22,7,3,25.01385,121.53549
500101021,1,2024-07-22 05:13:22,7,3,25.01385,121.53549
500101021,1,2024-07-22 05:14:22,7,3,25.01385,121.53549
500101021,1,2024-07-22 05:15:22,7,3,25.01385,121.53549
500101021,1,2024-07-22 05:15:22,7,3,25.01385,121.53549
500101021,1,2024-07-22 05:16:22,7,3,25.01385,121.53549
500101021,1,2024-07-22 05:17:22,7,3,25.01385,121.53549
500101021,1,2024-07-22 05:18:22,7,3,25.01385,121.53549
500101021,1,2024-07-22 05:19:23,7,3,25.01385,121.53549
500101021,1,2024-07-22 05:20:28,7,3,25.01385,121.53549
500101021,1,2024-07-22 05:21:23,7,3,25.01385,121.53549
500101021,1,2024-07-22 05:23:22,7,3,25.01385,121.53549
500101021,1,2024-07-22 05:23:22,7,3,25.01385,121.53549
500101021,1,2024-07-22 05:24:22,7,3,25.01385,121.53549
500101021,1,2024-07-22 05:25:23,7,3,25.01385,121.53549
500101021,1,2024-07-22 05:26:22,7,3,25.01385,121.53549
500101021,1,2024-07-22 05:27:22,7,3,25.01385,121.53549
500101021,1,2024-07-22 05:29:22,7,3,25.01385,121.53549
500101021,1,2024-07-22 05:29:22,7,3,25.01385,121.53549
500101021,1,2024-07-22 05:31:22,7,3,25.01385,121.53549
500101021,1,2024-07-22 05:31:22,7,3,25.01385,121.53549
500101021,1,2024-07-22 05:33:23,7,3,25.01385,121.53549
500101021,1,2024-07-22 05:34:22,7,3,25.01385,121.53549
500101021,1,2024-07-22 05:34:22,7,3,25.01385,121.53549
500101021,1,2024-07-22 05:35:23,7,3,25.01385,121.53549
500101021,1,2024-07-22 05:36:23,7,3,25.01385,121.53549
500101021,1,2024-07-22 05:37:22,7,3,25.01385,121.53549
500101021,1,2024-07-22 05:38:22,7,3,25.01385,121.53549
500101021,1,2024-07-22 05:39:22,7,4,25.01385,121.53549
500101021,1,2024-07-22 05:41:22,7,4,25.01385,121.53549
500101021,1,2024-07-22 05:41:22,7,4,25.01385,121.53549
500101021,1,2024-07-22 05:42:23,7,4,25.01385,121.53549
500101021,1,2024-07-22 05:43:23,7,4,25.01385,121.53549
500101021,1,2024-07-22 05:45:23,7,4,25.01385,121.53549
500101021,1,2024-07-22 05:46:22,7,4,25.01385,121.53549
500101021,1,2024-07-22 05:46:22,7,4,25.01385,121.53549
500101021,1,2024-07-22 05:47:22,7,4,25.01385,121.53549
500101021,1,2024-07-22 05:48:23,7,4,25.01385,121.53549
500101021,1,2024-07-22 05:50:29,7,4,25.01385,121.53549
500101021,1,2024-07-22 05:50:29,7,4,25.01385,121.53549
500101021,1,2024-07-22 05:52:22,7,4,25.01385,121.53549
500101021,1,2024-07-22 05:52:22,7,4,25.01385,121.53549
500101021,1,2024-07-22 05:54:23,7,4,25.01385,121.53549
500101021,1,2024-07-22 05:54:23,7,4,25.01385,121.53549
500101021,1,2024-07-22 05:55:22,7,4,25.01385,121.53549
500101021,1,2024-07-22 05:56:22,7,4,25.01385,121.53549
500101021,1,2024-07-22 05:57:23,7,4,25.01385,121.53549
500101021,1,2024-07-22 05:59:22,7,4,25.01385,121.53549
500101021,1,2024-07-22 05:59:22,7,4,25.01385,121.53549
500101021,1,2024-07-22 06:00:29,7,4,25.01385,121.53549
500101021,1,2024-07-22 06:01:23,7,1,25.01385,121.53549
500101021,1,2024-07-22 06:02:23,7,1,25.01385,121.53549
500101021,1,2024-07-22 06:03:23,7,1,25.01385,121.53549
500101021,1,2024-07-22 06:04:23,7,1,25.01385,121.53549
500101021,1,2024-07-22 06:05:23,7,1,25.01385,121.53549
500101021,1,2024-07-22 06:06:23,7,1,25.01385,121.53549
500101021,1,2024-07-22 06:07:23,7,1,25.01385,121.53549
500101021,1,2024-07-22 06:08:23,7,1,25.01385,121.53549
500101021,1,2024-07-22 06:09:23,7,1,25.01385,121.53549
500101021,1,2024-07-22 06:10:28,7,1,25.01385,121.53549
500101021,1,2024-07-22 06:11:23,7,1,25.01385,121.53549
500101021,1,2024-07-22 06:12:23,7,1,25.01385,121.53549
500101021,1,2024-07-22 06:13:22,7,1,25.01385,121.53549
500101021,1,2024-07-22 06:14:23,7,1,25.01385,121.53549
500101021,1,2024-07-22 06:15:23,7,1,25.01385,121.53549
500101021,1,2024-07-22 06:16:27,7,1,25.01385,121.53549
500101021,1,2024-07-22 06:17:22,7,1,25.01385,121.53549
500101021,1,2024-07-22 06:18:23,7,1,25.01385,121.53549
500101021,1,2024-07-22 06:19:23,7,1,25.01385,121.53549
500101021,1,2024-07-22 06:20:29,7,1,25.01385,121.53549
500101021,1,2024-07-22 06:21:23,7,1,25.01385,121.53549
500101021,1,2024-07-22 06:22:23,7,1,25.01385,121.53549
500101021,1,2024-07-22 06:23:24,7,1,25.01385,121.53549
500101021,1,2024-07-22 06:24:21,7,1,25.01385,121.53549
500101021,1,2024-07-22 06:26:23,7,1,25.01385,121.53549
500101021,1,2024-07-22 06:26:23,7,1,25.01385,121.53549
500101021,1,2024-07-22 06:27:24,7,1,25.01385,121.53549
500101021,1,2024-07-22 06:28:23,7,1,25.01385,121.53549
500101021,1,2024-07-22 06:29:24,7,1,25.01385,121.53549
500101021,1,2024-07-22 06:30:29,7,1,25.01385,121.53549
500101021,1,2024-07-22 06:31:23,7,1,25.01385,121.53549
500101021,1,2024-07-22 06:32:28,7,1,25.01385,121.53549
500101021,1,2024-07-22 06:34:23,7,1,25.01385,121.53549
500101021,1,2024-07-22 06:34:23,7,1,25.01385,121.53549
500101021,1,2024-07-22 06:35:24,7,1,25.01385,121.53549
500101021,1,2024-07-22 06:36:23,7,1,25.01385,121.53549
500101021,1,2024-07-22 06:37:23,7,2,25.01385,121.53549
500101021,1,2024-07-22 06:38:23,7,2,25.01385,121.53549
500101021,1,2024-07-22 06:39:24,7,2,25.01385,121.53549
500101021,1,2024-07-22 06:40:30,7,2,25.01385,121.53549
500101021,1,2024-07-22 06:41:24,7,2,25.01385,121.53549
500101021,1,2024-07-22 06:42:23,7,1,25.01385,121.53549
500101021,1,2024-07-22 06:43:24,7,1,25.01385,121.53549
500101021,1,2024-07-22 06:44:24,7,1,25.01385,121.53549
500101021,1,2024-07-22 06:45:24,7,1,25.01385,121.53549
500101021,1,2024-07-22 06:46:23,7,1,25.01385,121.53549
500101021,1,2024-07-22 06:47:23,7,1,25.01385,121.53549
500101021,1,2024-07-22 06:48:23,7,1,25.01385,121.53549
500101021,1,2024-07-22 06:49:24,7,1,25.01385,121.53549
500101021,1,2024-07-22 06:50:30,7,1,25.01385,121.53549
500101021,1,2024-07-22 06:51:24,7,1,25.01385,121.53549
500101021,1,2024-07-22 06:52:24,7,1,25.01385,121.53549
500101021,1,2024-07-22 06:53:24,7,1,25.01385,121.53549
500101021,1,2024-07-22 06:54:24,7,1,25.01385,121.53549
500101021,1,2024-07-22 06:55:23,7,1,25.01385,121.53549
500101021,1,2024-07-22 06:57:24,7,3,25.01385,121.53549
500101021,1,2024-07-22 06:58:24,7,3,25.01385,121.53549
500101021,1,2024-07-22 06:59:24,7,3,25.01385,121.53549
500101021,1,2024-07-22 07:00:28,7,3,25.01385,121.53549
500101021,1,2024-07-22 07:01:24,7,3,25.01385,121.53549
500101021,1,2024-07-22 07:02:24,7,3,25.01385,121.53549
500101021,1,2024-07-22 07:03:24,7,3,25.01385,121.53549
500101021,1,2024-07-22 07:04:24,7,3,25.01385,121.53549
500101021,1,2024-07-22 07:05:24,7,2,25.01385,121.53549
500101021,1,2024-07-22 07:06:24,7,2,25.01385,121.53549
500101021,1,2024-07-22 07:07:24,7,2,25.01385,121.53549
500101021,1,2024-07-22 07:08:24,7,1,25.01385,121.53549
500101021,1,2024-07-22 07:09:24,7,1,25.01385,121.53549
500101021,1,2024-07-22 07:10:30,7,1,25.01385,121.53549
500101021,1,2024-07-22 07:11:24,7,1,25.01385,121.53549
500101021,1,2024-07-22 07:12:24,7,1,25.01385,121.53549
500101021,1,2024-07-22 07:13:24,7,1,25.01385,121.53549
500101021,1,2024-07-22 07:14:25,7,1,25.01385,121.53549
500101021,1,2024-07-22 07:15:24,7,1,25.01385,121.53549
500101021,1,2024-07-22 07:16:24,7,1,25.01385,121.53549
500101021,1,2024-07-22 07:17:24,7,1,25.01385,121.53549
500101021,1,2024-07-22 07:18:25,7,1,25.01385,121.53549
500101021,1,2024-07-22 07:19:24,7,1,25.01385,121.53549
500101021,1,2024-07-22 07:20:30,7,1,25.01385,121.53549
500101021,1,2024-07-22 07:21:25,7,1,25.01385,121.53549
500101021,1,2024-07-22 07:22:25,7,1,25.01385,121.53549
500101021,1,2024-07-22 07:23:25,7,1,25.01385,121.53549
500101021,1,2024-07-22 07:24:25,7,2,25.01385,121.53549
500101021,1,2024-07-22 07:25:24,7,2,25.01385,121.53549
500101021,1,2024-07-22 07:26:24,7,2,25.01385,121.53549
500101021,1,2024-07-22 07:27:24,7,2,25.01385,121.53549
500101021,1,2024-07-22 07:28:25,7,2,25.01385,121.53549
500101021,1,2024-07-22 07:29:24,7,2,25.01385,121.53549
500101021,1,2024-07-22 07:30:30,7,2,25.01385,121.53549
500101021,1,2024-07-22 07:31:25,7,2,25.01385,121.53549
500101021,1,2024-07-22 07:32:25,7,1,25.01385,121.53549
500101021,1,2024-07-22 07:33:25,7,2,25.01385,121.53549
500101021,1,2024-07-22 07:34:25,7,2,25.01385,121.53549
500101021,1,2024-07-22 07:35:25,7,2,25.01385,121.53549
500101021,1,2024-07-22 07:36:25,7,2,25.01385,121.53549
500101021,1,2024-07-22 07:37:25,7,2,25.01385,121.53549
500101021,1,2024-07-22 07:38:25,7,3,25.01385,121.53549
500101021,1,2024-07-22 07:39:25,7,2,25.01385,121.53549
500101021,1,2024-07-22 07:40:30,7,2,25.01385,121.53549
500101021,1,2024-07-22 07:41:24,7,1,25.01385,121.53549
500101021,1,2024-07-22 07:42:25,7,1,25.01385,121.53549
500101021,1,2024-07-22 07:43:24,7,1,25.01385,121.53549
500101021,1,2024-07-22 07:44:25,7,1,25.01385,121.53549
500101021,1,2024-07-22 07:45:25,7,1,25.01385,121.53549
500101021,1,2024-07-22 07:46:25,7,1,25.01385,121.53549
500101021,1,2024-07-22 07:47:24,7,1,25.01385,121.53549
500101021,1,2024-07-22 07:48:24,7,1,25.01385,121.53549
500101021,1,2024-07-22 07:49:25,7,1,25.01385,121.53549
500101021,1,2024-07-22 07:50:30,7,1,25.01385,121.53549
500101021,1,2024-07-22 07:51:25,7,1,25.01385,121.53549
500101021,1,2024-07-22 07:52:25,7,1,25.01385,121.53549
500101021,1,2024-07-22 07:53:25,7,1,25.01385,121.53549
500101021,1,2024-07-22 07:54:25,7,1,25.01385,121.53549
500101021,1,2024-07-22 07:55:24,7,1,25.01385,121.53549
500101021,1,2024-07-22 07:56:25,7,1,25.01385,121.53549
500101021,1,2024-07-22 07:57:26,7,1,25.01385,121.53549
500101021,1,2024-07-22 07:58:25,7,2,25.01385,121.53549
500101021,1,2024-07-22 07:59:25,7,4,25.01385,121.53549
500101021,1,2024-07-22 08:00:30,7,4,25.01385,121.53549
500101021,1,2024-07-22 08:01:24,7,2,25.01385,121.53549
500101021,1,2024-07-22 08:02:25,7,1,25.01385,121.53549
500101021,1,2024-07-22 08:03:25,7,1,25.01385,121.53549
500101021,1,2024-07-22 08:04:25,7,1,25.01385,121.53549
500101021,1,2024-07-22 08:05:25,7,1,25.01385,121.53549
500101021,1,2024-07-22 08:06:25,7,1,25.01385,121.53549
500101021,1,2024-07-22 08:07:25,7,1,25.01385,121.53549
500101021,1,2024-07-22 08:08:24,7,2,25.01385,121.53549
500101021,1,2024-07-22 08:09:25,7,2,25.01385,121.53549
500101021,1,2024-07-22 08:10:31,7,2,25.01385,121.53549
500101021,1,2024-07-22 08:11:25,7,2,25.01385,121.53549
500101021,1,2024-07-22 08:12:25,7,1,25.01385,121.53549
500101021,1,2024-07-22 08:13:25,7,1,25.01385,121.53549
500101021,1,2024-07-22 08:14:25,7,1,25.01385,121.53549
500101021,1,2024-07-22 08:15:25,7,1,25.01385,121.53549
500101021,1,2024-07-22 08:16:25,7,1,25.01385,121.53549
500101021,1,2024-07-22 08:17:24,7,1,25.01385,121.53549
500101021,1,2024-07-22 08:18:24,7,1,25.01385,121.53549
500101021,1,2024-07-22 08:19:24,7,1,25.01385,121.53549
500101021,1,2024-07-22 08:20:31,7,1,25.01385,121.53549
500101021,1,2024-07-22 08:21:25,7,1,25.01385,121.53549
500101021,1,2024-07-22 08:22:25,7,1,25.01385,121.53549
500101021,1,2024-07-22 08:23:25,7,1,25.01385,121.53549
500101021,1,2024-07-22 08:24:25,7,1,25.01385,121.53549
500101021,1,2024-07-22 08:25:25,7,1,25.01385,121.53549
500101021,1,2024-07-22 08:26:25,7,1,25.01385,121.53549
500101021,1,2024-07-22 08:27:25,7,1,25.01385,121.53549
500101021,1,2024-07-22 08:28:25,7,1,25.01385,121.53549
500101021,1,2024-07-22 08:29:24,7,1,25.01385,121.53549
500101021,1,2024-07-22 08:30:30,7,1,25.01385,121.53549
500101021,1,2024-07-22 08:31:25,7,1,25.01385,121.53549
500101021,1,2024-07-22 08:32:25,7,1,25.01385,121.53549
500101021,1,2024-07-22 08:33:24,7,1,25.01385,121.53549
500101021,1,2024-07-22 08:34:25,7,2,25.01385,121.53549
500101021,1,2024-07-22 08:35:24,7,2,25.01385,121.53549
500101021,1,2024-07-22 08:36:25,7,2,25.01385,121.53549
500101021,1,2024-07-22 08:37:24,7,1,25.01385,121.53549
500101021,1,2024-07-22 08:38:24,7,1,25.01385,121.53549
500101021,1,2024-07-22 08:39:24,7,1,25.01385,121.53549
500101021,1,2024-07-22 08:40:31,7,1,25.01385,121.53549
500101021,1,2024-07-22 08:41:25,7,1,25.01385,121.53549
500101021,1,2024-07-22 08:42:24,7,1,25.01385,121.53549
500101021,1,2024-07-22 08:43:25,7,1,25.01385,121.53549
500101021,1,2024-07-22 08:44:25,7,1,25.01385,121.53549
500101021,1,2024-07-22 08:45:25,7,1,25.01385,121.53549
500101021,1,2024-07-22 08:46:25,7,1,25.01385,121.53549
500101021,1,2024-07-22 08:47:25,7,1,25.01385,121.53549
500101021,1,2024-07-22 08:48:25,7,1,25.01385,121.53549
500101021,1,2024-07-22 08:49:25,7,1,25.01385,121.53549
500101021,1,2024-07-22 08:50:30,7,1,25.01385,121.53549
500101021,1,2024-07-22 08:51:24,7,1,25.01385,121.53549
500101021,1,2024-07-22 08:52:24,7,1,25.01385,121.53549
500101021,1,2024-07-22 08:53:24,7,1,25.01385,121.53549
500101021,1,2024-07-22 08:54:25,7,1,25.01385,121.53549
500101021,1,2024-07-22 08:55:24,7,1,25.01385,121.53549
500101021,1,2024-07-22 08:56:25,7,3,25.01385,121.53549
500101021,1,2024-07-22 08:57:26,7,3,25.01385,121.53549
500101021,1,2024-07-22 08:58:25,7,2,25.01385,121.53549
500101021,1,2024-07-22 08:59:24,7,3,25.01385,121.53549
500101021,1,2024-07-22 09:00:30,7,3,25.01385,121.53549
500101021,1,2024-07-22 09:01:27,7,3,25.01385,121.53549
500101021,1,2024-07-22 09:02:25,7,3,25.01385,121.53549
500101021,1,2024-07-22 09:03:24,7,3,25.01385,121.53549
500101021,1,2024-07-22 09:04:24,7,1,25.01385,121.53549
500101021,1,2024-07-22 09:05:24,7,1,25.01385,121.53549
500101021,1,2024-07-22 09:06:25,7,1,25.01385,121.53549
500101021,1,2024-07-22 09:07:24,7,1,25.01385,121.53549
500101021,1,2024-07-22 09:08:24,7,2,25.01385,121.53549
500101021,1,2024-07-22 09:09:24,7,1,25.01385,121.53549
500101021,1,2024-07-22 09:10:30,7,1,25.01385,121.53549
500101021,1,2024-07-22 09:11:25,7,1,25.01385,121.53549
500101021,1,2024-07-22 09:12:24,7,1,25.01385,121.53549
500101021,1,2024-07-22 09:13:24,7,1,25.01385,121.53549
500101021,1,2024-07-22 09:14:24,7,1,25.01385,121.53549
500101021,1,2024-07-22 09:15:24,7,1,25.01385,121.53549
500101021,1,2024-07-22 09:16:24,7,1,25.01385,121.53549
500101021,1,2024-07-22 09:17:24,7,1,25.01385,121.53549
500101021,1,2024-07-22 09:18:24,7,2,25.01385,121.53549
500101021,1,2024-07-22 09:19:24,7,1,25.01385,121.53549
500101021,1,2024-07-22 09:20:34,7,1,25.01385,121.53549
500101021,1,2024-07-22 09:21:24,7,1,25.01385,121.53549
500101021,1,2024-07-22 09:22:24,7,1,25.01385,121.53549
500101021,1,2024-07-22 09:23:24,7,1,25.01385,121.53549
500101021,1,2024-07-22 09:24:24,7,1,25.01385,121.53549
500101021,1,2024-07-22 09:25:25,7,1,25.01385,121.53549
500101021,1,2024-07-22 09:26:25,7,1,25.01385,121.53549
500101021,1,2024-07-22 09:27:24,7,1,25.01385,121.53549
500101021,1,2024-07-22 09:28:24,7,1,25.01385,121.53549
500101021,1,2024-07-22 09:29:23,7,1,25.01385,121.53549
500101021,1,2024-07-22 09:30:29,7,1,25.01385,121.53549
500101021,1,2024-07-22 09:31:24,7,1,25.01385,121.53549
500101021,1,2024-07-22 09:32:24,7,1,25.01385,121.53549
500101021,1,2024-07-22 09:33:24,7,1,25.01385,121.53549
500101021,1,2024-07-22 09:34:24,7,1,25.01385,121.53549
500101021,1,2024-07-22 09:35:24,7,1,25.01385,121.53549
500101021,1,2024-07-22 09:36:24,7,1,25.01385,121.53549
500101021,1,2024-07-22 09:37:23,7,1,25.01385,121.53549
500101021,1,2024-07-22 09:38:24,7,1,25.01385,121.53549
500101021,1,2024-07-22 09:39:23,7,1,25.01385,121.53549
500101021,1,2024-07-22 09:40:30,7,1,25.01385,121.53549
500101021,1,2024-07-22 09:41:24,7,1,25.01385,121.53549
500101021,1,2024-07-22 09:42:24,7,1,25.01385,121.53549
500101021,1,2024-07-22 09:43:24,7,1,25.01385,121.53549
500101021,1,2024-07-22 09:44:24,7,1,25.01385,121.53549
500101021,1,2024-07-22 09:45:25,7,1,25.01385,121.53549
500101021,1,2024-07-22 09:46:24,7,1,25.01385,121.53549
500101021,1,2024-07-22 09:47:23,7,1,25.01385,121.53549
500101021,1,2024-07-22 09:48:24,7,1,25.01385,121.53549
500101021,1,2024-07-22 09:49:24,7,1,25.01385,121.53549
500101021,1,2024-07-22 09:50:30,7,2,25.01385,121.53549
500101021,1,2024-07-22 09:51:24,7,1,25.01385,121.53549
500101021,1,2024-07-22 09:52:24,7,1,25.01385,121.53549
500101021,1,2024-07-22 09:53:24,7,1,25.01385,121.53549
500101021,1,2024-07-22 09:54:24,7,1,25.01385,121.53549
500101021,1,2024-07-22 09:55:24,7,1,25.01385,121.53549
500101021,1,2024-07-22 09:57:24,7,3,25.01385,121.53549
500101021,1,2024-07-22 09:58:24,7,3,25.01385,121.53549
500101021,1,2024-07-22 09:59:24,7,1,25.01385,121.53549
500101021,1,2024-07-22 10:00:29,7,1,25.01385,121.53549
500101021,1,2024-07-22 10:00:29,7,1,25.01385,121.53549
500101021,1,2024-07-22 10:02:24,7,1,25.01385,121.53549
500101021,1,2024-07-22 10:03:24,7,1,25.01385,121.53549
500101021,1,2024-07-22 10:04:24,7,1,25.01385,121.53549
500101021,1,2024-07-22 10:05:24,7,1,25.01385,121.53549
500101021,1,2024-07-22 10:06:24,7,1,25.01385,121.53549
500101021,1,2024-07-22 10:07:24,7,1,25.01385,121.53549
500101021,1,2024-07-22 10:08:24,7,1,25.01385,121.53549
500101021,1,2024-07-22 10:09:24,7,1,25.01385,121.53549
500101021,1,2024-07-22 10:10:30,7,1,25.01385,121.53549
500101021,1,2024-07-22 10:11:24,7,1,25.01385,121.53549
500101021,1,2024-07-22 10:12:23,7,1,25.01385,121.53549
500101021,1,2024-07-22 10:13:23,7,1,25.01385,121.53549
500101021,1,2024-07-22 10:14:24,7,1,25.01385,121.53549
500101021,1,2024-07-22 10:15:24,7,1,25.01385,121.53549
500101021,1,2024-07-22 10:16:24,7,1,25.01385,121.53549
500101021,1,2024-07-22 10:17:23,7,1,25.01385,121.53549
500101021,1,2024-07-22 10:18:23,7,1,25.01385,121.53549
500101021,1,2024-07-22 10:19:24,7,1,25.01385,121.53549
500101021,1,2024-07-22 10:20:29,7,1,25.01385,121.53549
500101021,1,2024-07-22 10:21:24,7,1,25.01385,121.53549
500101021,1,2024-07-22 10:22:24,7,1,25.01385,121.53549
500101021,1,2024-07-22 10:23:24,7,1,25.01385,121.53549
500101021,1,2024-07-22 10:24:27,7,1,25.01385,121.53549
500101021,1,2024-07-22 10:25:23,7,1,25.01385,121.53549
500101021,1,2024-07-22 10:26:23,7,1,25.01385,121.53549
500101021,1,2024-07-22 10:27:24,7,1,25.01385,121.53549
500101021,1,2024-07-22 10:28:23,7,1,25.01385,121.53549
500101021,1,2024-07-22 10:29:24,7,1,25.01385,121.53549
500101021,1,2024-07-22 10:30:30,7,1,25.01385,121.53549
500101021,1,2024-07-22 10:31:24,7,1,25.01385,121.53549
500101021,1,2024-07-22 10:32:24,7,3,25.01385,121.53549
500101021,1,2024-07-22 10:33:23,7,4,25.01385,121.53549
500101021,1,2024-07-22 10:34:24,7,4,25.01385,121.53549
500101021,1,2024-07-22 10:35:24,7,4,25.01385,121.53549
500101021,1,2024-07-22 10:36:24,7,3,25.01385,121.53549
500101021,1,2024-07-22 10:37:24,7,3,25.01385,121.53549
500101021,1,2024-07-22 10:38:24,7,4,25.01385,121.53549
500101021,1,2024-07-22 10:39:23,7,2,25.01385,121.53549
500101021,1,2024-07-22 10:40:30,7,2,25.01385,121.53549
500101021,1,2024-07-22 10:41:24,7,2,25.01385,121.53549
500101021,1,2024-07-22 10:42:23,7,1,25.01385,121.53549
500101021,1,2024-07-22 10:43:24,7,1,25.01385,121.53549
500101021,1,2024-07-22 10:44:24,7,1,25.01385,121.53549
500101021,1,2024-07-22 10:45:24,7,1,25.01385,121.53549
500101021,1,2024-07-22 10:47:24,7,1,25.01385,121.53549
500101021,1,2024-07-22 10:47:24,7,1,25.01385,121.53549
500101021,1,2024-07-22 10:48:24,7,1,25.01385,121.53549
500101021,1,2024-07-22 10:49:24,7,1,25.01385,121.53549
500101021,1,2024-07-22 10:50:30,7,1,25.01385,121.53549
500101021,1,2024-07-22 10:51:24,7,1,25.01385,121.53549
500101021,1,2024-07-22 10:52:24,7,1,25.01385,121.53549
500101021,1,2024-07-22 10:54:23,7,1,25.01385,121.53549
500101021,1,2024-07-22 10:55:24,7,1,25.01385,121.53549
500101021,1,2024-07-22 10:55:24,7,1,25.01385,121.53549
500101021,1,2024-07-22 10:56:23,7,1,25.01385,121.53549
500101021,1,2024-07-22 10:58:23,7,1,25.01385,121.53549
500101021,1,2024-07-22 10:58:23,7,1,25.01385,121.53549
500101021,1,2024-07-22 11:00:29,7,2,25.01385,121.53549
500101021,1,2024-07-22 11:01:24,7,1,25.01385,121.53549
500101021,1,2024-07-22 11:01:24,7,1,25.01385,121.53549
500101021,1,2024-07-22 11:02:24,7,1,25.01385,121.53549
500101021,1,2024-07-22 11:03:23,7,1,25.01385,121.53549
500101021,1,2024-07-22 11:05:24,7,1,25.01385,121.53549
500101021,1,2024-07-22 11:05:24,7,1,25.01385,121.53549
500101021,1,2024-07-22 11:06:23,7,1,25.01385,121.53549
500101021,1,2024-07-22 11:07:24,7,1,25.01385,121.53549
500101021,1,2024-07-22 11:08:24,7,1,25.01385,121.53549
500101021,1,2024-07-22 11:09:24,7,1,25.01385,121.53549
500101021,1,2024-07-22 11:10:33,7,1,25.01385,121.53549
500101021,1,2024-07-22 11:11:23,7,1,25.01385,121.53549
500101021,1,2024-07-22 11:12:23,7,1,25.01385,121.53549
500101021,1,2024-07-22 11:13:24,7,1,25.01385,121.53549
500101021,1,2024-07-22 11:15:24,7,2,25.01385,121.53549
500101021,1,2024-07-22 11:15:24,7,2,25.01385,121.53549
500101021,1,2024-07-22 11:16:24,7,2,25.01385,121.53549
500101021,1,2024-07-22 11:17:23,7,2,25.01385,121.53549
500101021,1,2024-07-22 11:19:23,7,2,25.01385,121.53549
500101021,1,2024-07-22 11:19:23,7,2,25.01385,121.53549
500101021,1,2024-07-22 11:21:23,7,2,25.01385,121.53549
500101021,1,2024-07-22 11:22:24,7,1,25.01385,121.53549
500101021,1,2024-07-22 11:22:24,7,1,25.01385,121.53549
500101021,1,2024-07-22 11:23:24,7,1,25.01385,121.53549
500101021,1,2024-07-22 11:25:24,7,1,25.01385,121.53549
500101021,1,2024-07-22 11:25:24,7,1,25.01385,121.53549
500101021,1,2024-07-22 11:26:23,7,1,25.01385,121.53549
500101021,1,2024-07-22 11:27:24,7,1,25.01385,121.53549
500101021,1,2024-07-22 11:28:24,7,1,25.01385,121.53549
500101021,1,2024-07-22 11:29:24,7,1,25.01385,121.53549
500101021,1,2024-07-22 11:30:30,7,1,25.01385,121.53549
500101021,1,2024-07-22 11:31:24,7,1,25.01385,121.53549
500101021,1,2024-07-22 11:33:23,7,1,25.01385,121.53549
500101021,1,2024-07-22 11:34:24,7,1,25.01385,121.53549
500101021,1,2024-07-22 11:34:24,7,1,25.01385,121.53549
500101021,1,2024-07-22 11:35:23,7,1,25.01385,121.53549
500101021,1,2024-07-22 11:37:24,7,1,25.01385,121.53549
500101021,1,2024-07-22 11:37:24,7,1,25.01385,121.53549
500101021,1,2024-07-22 11:38:24,7,1,25.01385,121.53549
500101021,1,2024-07-22 11:39:24,7,1,25.01385,121.53549
500101021,1,2024-07-22 11:40:30,7,1,25.01385,121.53549
500101021,1,2024-07-22 11:41:24,7,1,25.01385,121.53549
500101021,1,2024-07-22 11:42:24,7,1,25.01385,121.53549
500101021,1,2024-07-22 11:43:24,7,1,25.01385,121.53549
500101021,1,2024-07-22 11:44:24,7,1,25.01385,121.53549
500101021,1,2024-07-22 11:46:24,7,1,25.01385,121.53549
500101021,1,2024-07-22 11:47:24,7,1,25.01385,121.53549
500101021,1,2024-07-22 11:47:24,7,1,25.01385,121.53549
500101021,1,2024-07-22 11:48:24,7,1,25.01385,121.53549
500101021,1,2024-07-22 11:49:23,7,1,25.01385,121.53549
500101021,1,2024-07-22 11:50:30,7,1,25.01385,121.53549
500101021,1,2024-07-22 11:52:23,7,2,25.01385,121.53549
500101021,1,2024-07-22 11:52:23,7,2,25.01385,121.53549
500101021,1,2024-07-22 11:54:24,7,2,25.01385,121.53549
500101021,1,2024-07-22 11:54:24,7,2,25.01385,121.53549
500101021,1,2024-07-22 11:55:23,7,2,25.01385,121.53549
500101021,1,2024-07-22 11:56:24,7,2,25.01385,121.53549
500101021,1,2024-07-22 11:58:24,7,1,25.01385,121.53549
500101021,1,2024-07-22 11:58:24,7,1,25.01385,121.53549
500101021,1,2024-07-22 11:59:24,7,1,25.01385,121.53549
500101021,1,2024-07-22 12:00:30,7,1,25.01385,121.53549
500101021,1,2024-07-22 12:01:24,7,1,25.01385,121.53549
500101021,1,2024-07-22 12:02:24,7,1,25.01385,121.53549
500101021,1,2024-07-22 12:04:25,7,3,25.01385,121.53549
500101021,1,2024-07-22 12:05:25,7,3,25.01385,121.53549
500101021,1,2024-07-22 12:06:24,7,5,25.01385,121.53549
500101021,1,2024-07-22 12:07:24,7,5,25.01385,121.53549
500101021,1,2024-07-22 12:08:25,7,5,25.01385,121.53549
500101021,1,2024-07-22 12:09:24,7,5,25.01385,121.53549
500101021,1,2024-07-22 12:10:31,7,5,25.01385,121.53549
500101021,1,2024-07-22 12:11:24,7,4,25.01385,121.53549
500101021,1,2024-07-22 12:12:25,7,5,25.01385,121.53549
500101021,1,2024-07-22 12:13:25,7,5,25.01385,121.53549
500101021,1,2024-07-22 12:14:25,7,6,25.01385,121.53549
500101021,1,2024-07-22 12:15:24,7,6,25.01385,121.53549
500101021,1,2024-07-22 12:16:25,7,6,25.01385,121.53549
500101021,1,2024-07-22 12:17:24,7,6,25.01385,121.53549
500101021,1,2024-07-22 12:18:25,7,5,25.01385,121.53549
500101021,1,2024-07-22 12:19:24,7,4,25.01385,121.53549
500101021,1,2024-07-22 12:20:30,7,4,25.01385,121.53549
500101021,1,2024-07-22 12:21:24,7,4,25.01385,121.53549
500101021,1,2024-07-22 12:22:28,7,6,25.01385,121.53549
500101021,1,2024-07-22 12:23:24,7,6,25.01385,121.53549
500101021,1,2024-07-22 12:24:24,7,6,25.01385,121.53549
500101021,1,2024-07-22 12:25:24,7,5,25.01385,121.53549
500101021,1,2024-07-22 12:26:24,7,6,25.01385,121.53549
500101021,1,2024-07-22 12:27:24,7,5,25.01385,121.53549
500101021,1,2024-07-22 12:28:24,7,5,25.01385,121.53549
500101021,1,2024-07-22 12:29:24,7,4,25.01385,121.53549
500101021,1,2024-07-22 12:30:30,7,4,25.01385,121.53549
500101021,1,2024-07-22 12:31:24,7,4,25.01385,121.53549
500101021,1,2024-07-22 12:32:25,7,3,25.01385,121.53549
500101021,1,2024-07-22 12:33:24,7,4,25.01385,121.53549
500101021,1,2024-07-22 12:34:24,7,3,25.01385,121.53549
500101021,1,2024-07-22 12:35:24,7,3,25.01385,121.53549
500101021,1,2024-07-22 12:36:24,7,3,25.01385,121.53549
500101021,1,2024-07-22 12:37:24,7,2,25.01385,121.53549
500101021,1,2024-07-22 12:38:24,7,2,25.01385,121.53549
500101021,1,2024-07-22 12:39:24,7,1,25.01385,121.53549
500101021,1,2024-07-22 12:40:30,7,3,25.01385,121.53549
500101021,1,2024-07-22 12:41:24,7,3,25.01385,121.53549
500101021,1,2024-07-22 12:42:24,7,3,25.01385,121.53549
500101021,1,2024-07-22 12:43:24,7,3,25.01385,121.53549
500101021,1,2024-07-22 12:44:24,7,3,25.01385,121.53549
500101021,1,2024-07-22 12:45:24,7,3,25.01385,121.53549
500101021,1,2024-07-22 12:46:24,7,3,25.01385,121.53549
500101021,1,2024-07-22 12:47:24,7,3,25.01385,121.53549
500101021,1,2024-07-22 12:47:24,7,3,25.01385,121.53549
500101021,1,2024-07-22 12:48:24,7,3,25.01385,121.53549
500101021,1,2024-07-22 12:49:24,7,2,25.01385,121.53549
500101021,1,2024-07-22 12:51:24,7,2,25.01385,121.53549
500101021,1,2024-07-22 12:52:24,7,2,25.01385,121.53549
500101021,1,2024-07-22 12:52:24,7,2,25.01385,121.53549
500101021,1,2024-07-22 12:53:24,7,2,25.01385,121.53549
500101021,1,2024-07-22 12:55:24,7,2,25.01385,121.53549
500101021,1,2024-07-22 12:56:24,7,2,25.01385,121.53549
500101021,1,2024-07-22 12:57:25,7,1,25.01385,121.53549
500101021,1,2024-07-22 12:58:23,7,2,25.01385,121.53549
500101021,1,2024-07-22 12:59:24,7,2,25.01385,121.53549
500101021,1,2024-07-22 13:00:29,7,2,25.01385,121.53549
500101021,1,2024-07-22 13:01:24,7,1,25.01385,121.53549
500101021,1,2024-07-22 13:02:24,7,1,25.01385,121.53549
500101021,1,2024-07-22 13:03:24,7,1,25.01385,121.53549
500101021,1,2024-07-22 13:04:24,7,1,25.01385,121.53549
500101021,1,2024-07-22 13:05:24,7,1,25.01385,121.53549
500101021,1,2024-07-22 13:06:24,7,1,25.01385,121.53549
500101021,1,2024-07-22 13:07:24,7,1,25.01385,121.53549
500101021,1,2024-07-22 13:08:24,7,1,25.01385,121.53549
500101021,1,2024-07-22 13:09:23,7,1,25.01385,121.53549
500101021,1,2024-07-22 13:10:30,7,1,25.01385,121.53549
500101021,1,2024-07-22 13:11:24,7,1,25.01385,121.53549
500101021,1,2024-07-22 13:12:24,7,1,25.01385,121.53549
500101021,1,2024-07-22 13:13:24,7,1,25.01385,121.53549
500101021,1,2024-07-22 13:14:25,7,1,25.01385,121.53549
500101021,1,2024-07-22 13:15:24,7,1,25.01385,121.53549
500101021,1,2024-07-22 13:16:24,7,1,25.01385,121.53549
500101021,1,2024-07-22 13:17:24,7,1,25.01385,121.53549
500101021,1,2024-07-22 13:18:24,7,1,25.01385,121.53549
500101021,1,2024-07-22 13:19:24,7,2,25.01385,121.53549
500101021,1,2024-07-22 13:20:30,7,2,25.01385,121.53549
500101021,1,2024-07-22 13:21:24,7,2,25.01385,121.53549
500101021,1,2024-07-22 13:22:24,7,3,25.01385,121.53549
500101021,1,2024-07-22 13:23:24,7,2,25.01385,121.53549
500101021,1,2024-07-22 13:24:24,7,2,25.01385,121.53549
500101021,1,2024-07-22 13:25:24,7,2,25.01385,121.53549
500101021,1,2024-07-22 13:26:24,7,3,25.01385,121.53549
500101021,1,2024-07-22 13:27:24,7,3,25.01385,121.53549
500101021,1,2024-07-22 13:28:23,7,5,25.01385,121.53549
500101021,1,2024-07-22 13:29:24,7,5,25.01385,121.53549
500101021,1,2024-07-22 13:30:29,7,5,25.01385,121.53549
500101021,1,2024-07-22 13:31:24,7,4,25.01385,121.53549
500101021,1,2024-07-22 13:32:23,7,4,25.01385,121.53549
500101021,1,2024-07-22 13:33:23,7,4,25.01385,121.53549
500101021,1,2024-07-22 13:34:23,7,4,25.01385,121.53549
500101021,1,2024-07-22 13:35:23,7,4,25.01385,121.53549
500101021,1,2024-07-22 13:36:23,7,4,25.01385,121.53549
500101021,1,2024-07-22 13:37:24,7,3,25.01385,121.53549
500101021,1,2024-07-22 13:38:24,7,2,25.01385,121.53549
500101021,1,2024-07-22 13:39:23,7,2,25.01385,121.53549
500101021,1,2024-07-22 13:40:30,7,2,25.01385,121.53549
500101021,1,2024-07-22 13:41:23,7,2,25.01385,121.53549
500101021,1,2024-07-22 13:42:23,7,3,25.01385,121.53549
500101021,1,2024-07-22 13:43:24,7,3,25.01385,121.53549
500101021,1,2024-07-22 13:44:23,7,2,25.01385,121.53549
500101021,1,2024-07-22 13:45:24,7,1,25.01385,121.53549
500101021,1,2024-07-22 13:46:23,7,1,25.01385,121.53549
500101021,1,2024-07-22 13:47:24,7,1,25.01385,121.53549
500101021,1,2024-07-22 13:48:23,7,1,25.01385,121.53549
500101021,1,2024-07-22 13:49:24,7,1,25.01385,121.53549
500101021,1,2024-07-22 13:50:30,7,1,25.01385,121.53549
500101021,1,2024-07-22 13:51:24,7,1,25.01385,121.53549
500101021,1,2024-07-22 13:52:24,7,2,25.01385,121.53549
500101021,1,2024-07-22 13:53:24,7,2,25.01385,121.53549
500101021,1,2024-07-22 13:54:24,7,2,25.01385,121.53549
500101021,1,2024-07-22 13:55:23,7,2,25.01385,121.53549
500101021,1,2024-07-22 13:56:23,7,2,25.01385,121.53549
500101021,1,2024-07-22 13:57:24,7,2,25.01385,121.53549
500101021,1,2024-07-22 13:58:24,7,2,25.01385,121.53549
500101021,1,2024-07-22 13:59:23,7,2,25.01385,121.53549
500101021,1,2024-07-22 14:00:29,7,2,25.01385,121.53549
500101021,1,2024-07-22 14:01:23,7,2,25.01385,121.53549
500101021,1,2024-07-22 14:02:24,7,1,25.01385,121.53549
500101021,1,2024-07-22 14:03:23,7,1,25.01385,121.53549
500101021,1,2024-07-22 14:04:24,7,1,25.01385,121.53549
500101021,1,2024-07-22 14:05:24,7,2,25.01385,121.53549
500101021,1,2024-07-22 14:06:24,7,2,25.01385,121.53549
500101021,1,2024-07-22 14:07:24,7,3,25.01385,121.53549
500101021,1,2024-07-22 14:08:26,7,3,25.01385,121.53549
500101021,1,2024-07-22 14:09:23,7,3,25.01385,121.53549
500101021,1,2024-07-22 14:10:29,7,3,25.01385,121.53549
500101021,1,2024-07-22 14:11:24,7,3,25.01385,121.53549
500101021,1,2024-07-22 14:12:24,7,2,25.01385,121.53549
500101021,1,2024-07-22 14:13:24,7,3,25.01385,121.53549
500101021,1,2024-07-22 14:14:23,7,3,25.01385,121.53549
500101021,1,2024-07-22 14:15:23,7,3,25.01385,121.53549
500101021,1,2024-07-22 14:16:23,7,3,25.01385,121.53549
500101021,1,2024-07-22 14:17:23,7,3,25.01385,121.53549
500101021,1,2024-07-22 14:18:24,7,4,25.01385,121.53549
500101021,1,2024-07-22 14:19:23,7,4,25.01385,121.53549
500101021,1,2024-07-22 14:20:30,7,4,25.01385,121.53549
500101021,1,2024-07-22 14:21:24,7,5,25.01385,121.53549
500101021,1,2024-07-22 14:22:24,7,5,25.01385,121.53549
500101021,1,2024-07-22 14:23:24,7,6,25.01385,121.53549
500101021,1,2024-07-22 14:24:24,7,6,25.01385,121.53549
500101021,1,2024-07-22 14:25:24,7,4,25.01385,121.53549
500101021,1,2024-07-22 14:26:24,7,4,25.01385,121.53549
500101021,1,2024-07-22 14:28:23,7,3,25.01385,121.53549
500101021,1,2024-07-22 14:29:24,7,2,25.01385,121.53549
500101021,1,2024-07-22 14:29:24,7,2,25.01385,121.53549
500101021,1,2024-07-22 14:30:29,7,2,25.01385,121.53549
500101021,1,2024-07-22 14:32:24,7,3,25.01385,121.53549
500101021,1,2024-07-22 14:33:23,7,3,25.01385,121.53549
500101021,1,2024-07-22 14:34:23,7,3,25.01385,121.53549
500101021,1,2024-07-22 14:35:23,7,2,25.01385,121.53549
500101021,1,2024-07-22 14:36:24,7,2,25.01385,121.53549
500101021,1,2024-07-22 14:37:23,7,2,25.01385,121.53549
500101021,1,2024-07-22 14:38:24,7,2,25.01385,121.53549
500101021,1,2024-07-22 14:39:23,7,2,25.01385,121.53549
500101021,1,2024-07-22 14:40:30,7,2,25.01385,121.53549
500101021,1,2024-07-22 14:41:24,7,1,25.01385,121.53549
500101021,1,2024-07-22 14:42:24,7,1,25.01385,121.53549
500101021,1,2024-07-22 14:43:23,7,1,25.01385,121.53549
500101021,1,2024-07-22 14:44:24,7,1,25.01385,121.53549
500101021,1,2024-07-22 14:45:23,7,1,25.01385,121.53549
500101021,1,2024-07-22 14:46:24,7,1,25.01385,121.53549
500101021,1,2024-07-22 14:47:24,7,1,25.01385,121.53549
500101021,1,2024-07-22 14:48:24,7,1,25.01385,121.53549
500101021,1,2024-07-22 14:49:24,7,1,25.01385,121.53549
500101021,1,2024-07-22 14:49:24,7,1,25.01385,121.53549
500101021,1,2024-07-22 14:51:23,7,1,25.01385,121.53549
500101021,1,2024-07-22 14:51:23,7,1,25.01385,121.53549
500101021,1,2024-07-22 14:53:24,7,2,25.01385,121.53549
500101021,1,2024-07-22 14:53:24,7,2,25.01385,121.53549
500101021,1,2024-07-22 14:55:23,7,2,25.01385,121.53549
500101021,1,2024-07-22 14:56:24,7,3,25.01385,121.53549
500101021,1,2024-07-22 14:57:24,7,3,25.01385,121.53549
500101021,1,2024-07-22 14:58:24,7,3,25.01385,121.53549
500101021,1,2024-07-22 14:59:24,7,3,25.01385,121.53549
500101021,1,2024-07-22 15:00:30,7,3,25.01385,121.53549
500101021,1,2024-07-22 15:01:23,7,4,25.01385,121.53549
500101021,1,2024-07-22 15:02:24,7,3,25.01385,121.53549
500101021,1,2024-07-22 15:03:24,7,2,25.01385,121.53549
500101021,1,2024-07-22 15:04:24,7,1,25.01385,121.53549
500101021,1,2024-07-22 15:05:24,7,2,25.01385,121.53549
500101021,1,2024-07-22 15:06:24,7,3,25.01385,121.53549
500101021,1,2024-07-22 15:07:24,7,3,25.01385,121.53549
500101021,1,2024-07-22 15:08:24,7,3,25.01385,121.53549
500101021,1,2024-07-22 15:09:24,7,3,25.01385,121.53549
500101021,1,2024-07-22 15:10:30,7,3,25.01385,121.53549
500101021,1,2024-07-22 15:11:24,7,3,25.01385,121.53549
500101021,1,2024-07-22 15:12:24,7,3,25.01385,121.53549
500101021,1,2024-07-22 15:13:24,7,3,25.01385,121.53549
500101021,1,2024-07-22 15:14:24,7,3,25.01385,121.53549
500101021,1,2024-07-22 15:15:24,7,3,25.01385,121.53549
500101021,1,2024-07-22 15:16:24,7,2,25.01385,121.53549
500101021,1,2024-07-22 15:17:24,7,2,25.01385,121.53549
500101021,1,2024-07-22 15:18:24,7,1,25.01385,121.53549
500101021,1,2024-07-22 15:19:24,7,1,25.01385,121.53549
500101021,1,2024-07-22 15:20:29,7,1,25.01385,121.53549
500101021,1,2024-07-22 15:21:24,7,1,25.01385,121.53549
500101021,1,2024-07-22 15:22:24,7,1,25.01385,121.53549
500101021,1,2024-07-22 15:23:24,7,1,25.01385,121.53549
500101021,1,2024-07-22 15:24:24,7,1,25.01385,121.53549
500101021,1,2024-07-22 15:25:24,7,1,25.01385,121.53549
500101021,1,2024-07-22 15:26:24,7,1,25.01385,121.53549
500101021,1,2024-07-22 15:27:24,7,2,25.01385,121.53549
500101021,1,2024-07-22 15:28:23,7,2,25.01385,121.53549
500101021,1,2024-07-22 15:29:24,7,2,25.01385,121.53549
500101021,1,2024-07-22 15:30:30,7,2,25.01385,121.53549
500101021,1,2024-07-22 15:31:24,7,3,25.01385,121.53549
500101021,1,2024-07-22 15:32:24,7,2,25.01385,121.53549
500101021,1,2024-07-22 15:33:24,7,2,25.01385,121.53549
500101021,1,2024-07-22 15:34:24,7,3,25.01385,121.53549
500101021,1,2024-07-22 15:35:24,7,3,25.01385,121.53549
500101021,1,2024-07-22 15:36:23,7,3,25.01385,121.53549
500101021,1,2024-07-22 15:37:24,7,3,25.01385,121.53549
500101021,1,2024-07-22 15:38:24,7,3,25.01385,121.53549
500101021,1,2024-07-22 15:39:25,7,2,25.01385,121.53549
500101021,1,2024-07-22 15:40:30,7,3,25.01385,121.53549
500101021,1,2024-07-22 15:41:24,7,3,25.01385,121.53549
500101021,1,2024-07-22 15:42:24,7,3,25.01385,121.53549
500101021,1,2024-07-22 15:43:24,7,3,25.01385,121.53549
500101021,1,2024-07-22 15:44:24,7,3,25.01385,121.53549
500101021,1,2024-07-22 15:45:24,7,3,25.01385,121.53549
500101021,1,2024-07-22 15:46:24,7,3,25.01385,121.53549
500101021,1,2024-07-22 15:47:24,7,3,25.01385,121.53549
500101021,1,2024-07-22 15:48:24,7,3,25.01385,121.53549
500101021,1,2024-07-22 15:49:24,7,4,25.01385,121.53549
500101021,1,2024-07-22 15:50:31,7,4,25.01385,121.53549
500101021,1,2024-07-22 15:51:24,7,4,25.01385,121.53549
500101021,1,2024-07-22 15:52:24,7,3,25.01385,121.53549
500101021,1,2024-07-22 15:53:23,7,3,25.01385,121.53549
500101021,1,2024-07-22 15:54:24,7,3,25.01385,121.53549
500101021,1,2024-07-22 15:55:23,7,3,25.01385,121.53549
500101021,1,2024-07-22 15:56:24,7,3,25.01385,121.53549
500101021,1,2024-07-22 15:57:25,7,3,25.01385,121.53549
500101021,1,2024-07-22 15:58:24,7,3,25.01385,121.53549
500101021,1,2024-07-22 15:59:25,7,3,25.01385,121.53549
500101021,1,2024-07-22 16:00:29,7,3,25.01385,121.53549
500101021,1,2024-07-22 16:01:24,7,3,25.01385,121.53549
500101021,1,2024-07-22 16:02:25,7,3,25.01385,121.53549
500101021,1,2024-07-22 16:03:25,7,3,25.01385,121.53549
500101021,1,2024-07-22 16:04:24,7,3,25.01385,121.53549
500101021,1,2024-07-22 16:05:24,7,3,25.01385,121.53549
500101021,1,2024-07-22 16:06:24,7,3,25.01385,121.53549
500101021,1,2024-07-22 16:07:24,7,2,25.01385,121.53549
500101021,1,2024-07-22 16:08:24,7,2,25.01385,121.53549
500101021,1,2024-07-22 16:09:24,7,2,25.01385,121.53549
500101021,1,2024-07-22 16:10:30,7,2,25.01385,121.53549
500101021,1,2024-07-22 16:11:24,7,2,25.01385,121.53549
500101021,1,2024-07-22 16:12:25,7,2,25.01385,121.53549
500101021,1,2024-07-22 16:13:25,7,2,25.01385,121.53549
500101021,1,2024-07-22 16:14:25,7,2,25.01385,121.53549
500101021,1,2024-07-22 16:15:25,7,2,25.01385,121.53549
500101021,1,2024-07-22 16:16:24,7,2,25.01385,121.53549
500101021,1,2024-07-22 16:17:24,7,2,25.01385,121.53549
500101021,1,2024-07-22 16:18:24,7,2,25.01385,121.53549
500101021,1,2024-07-22 16:19:25,7,3,25.01385,121.53549
500101021,1,2024-07-22 16:20:30,7,3,25.01385,121.53549
500101021,1,2024-07-22 16:21:25,7,3,25.01385,121.53549
500101021,1,2024-07-22 16:22:24,7,3,25.01385,121.53549
500101021,1,2024-07-22 16:23:24,7,3,25.01385,121.53549
500101021,1,2024-07-22 16:24:24,7,5,25.01385,121.53549
500101021,1,2024-07-22 16:24:24,7,5,25.01385,121.53549
500101021,1,2024-07-22 16:26:24,7,7,25.01385,121.53549
500101021,1,2024-07-22 16:27:24,7,7,25.01385,121.53549
500101021,1,2024-07-22 16:28:25,7,7,25.01385,121.53549
500101021,1,2024-07-22 16:29:25,7,7,25.01385,121.53549
500101021,1,2024-07-22 16:30:31,7,7,25.01385,121.53549
500101021,1,2024-07-22 16:31:25,7,6,25.01385,121.53549
500101021,1,2024-07-22 16:32:26,7,7,25.01385,121.53549
500101021,1,2024-07-22 16:33:26,7,7,25.01385,121.53549
500101021,1,2024-07-22 16:34:27,7,7,25.01385,121.53549
500101021,1,2024-07-22 16:35:25,7,7,25.01385,121.53549
500101021,1,2024-07-22 16:36:25,7,7,25.01385,121.53549
500101021,1,2024-07-22 16:37:25,7,7,25.01385,121.53549
500101021,1,2024-07-22 16:38:25,7,7,25.01385,121.53549
500101021,1,2024-07-22 16:39:25,7,7,25.01385,121.53549
500101021,1,2024-07-22 16:40:32,7,7,25.01385,121.53549
500101021,1,2024-07-22 16:41:25,7,6,25.01385,121.53549
500101021,1,2024-07-22 16:42:25,7,5,25.01385,121.53549
500101021,1,2024-07-22 16:43:26,7,4,25.01385,121.53549
500101021,1,2024-07-22 16:44:25,7,4,25.01385,121.53549
500101021,1,2024-07-22 16:45:26,7,3,25.01385,121.53549
500101021,1,2024-07-22 16:46:25,7,3,25.01385,121.53549
500101021,1,2024-07-22 16:47:26,7,3,25.01385,121.53549
500101021,1,2024-07-22 16:48:25,7,3,25.01385,121.53549
500101021,1,2024-07-22 16:49:25,7,3,25.01385,121.53549
500101021,1,2024-07-22 16:50:32,7,3,25.01385,121.53549
500101021,1,2024-07-22 16:51:25,7,5,25.01385,121.53549
500101021,1,2024-07-22 16:52:25,7,5,25.01385,121.53549
500101021,1,2024-07-22 16:53:26,7,5,25.01385,121.53549
500101021,1,2024-07-22 16:54:25,7,6,25.01385,121.53549
500101021,1,2024-07-22 16:55:25,7,6,25.01385,121.53549
500101021,1,2024-07-22 16:56:28,7,7,25.01385,121.53549
500101021,1,2024-07-22 16:57:26,7,7,25.01385,121.53549
500101021,1,2024-07-22 16:58:25,7,7,25.01385,121.53549
500101021,1,2024-07-22 16:59:25,7,6,25.01385,121.53549
500101021,1,2024-07-22 17:00:31,7,6,25.01385,121.53549
500101021,1,2024-07-22 17:01:25,7,6,25.01385,121.53549
500101021,1,2024-07-22 17:02:26,7,4,25.01385,121.53549
500101021,1,2024-07-22 17:03:26,7,4,25.01385,121.53549
500101021,1,2024-07-22 17:04:26,7,4,25.01385,121.53549
500101021,1,2024-07-22 17:05:26,7,4,25.01385,121.53549
500101021,1,2024-07-22 17:06:26,7,4,25.01385,121.53549
500101021,1,2024-07-22 17:07:26,7,4,25.01385,121.53549
500101021,1,2024-07-22 17:08:24,7,3,25.01385,121.53549
500101021,1,2024-07-22 17:09:26,7,3,25.01385,121.53549
500101021,1,2024-07-22 17:10:31,7,3,25.01385,121.53549
500101021,1,2024-07-22 17:11:26,7,5,25.01385,121.53549
500101021,1,2024-07-22 17:12:26,7,4,25.01385,121.53549
500101021,1,2024-07-22 17:13:26,7,4,25.01385,121.53549
500101021,1,2024-07-22 17:14:25,7,4,25.01385,121.53549
500101021,1,2024-07-22 17:15:26,7,5,25.01385,121.53549
500101021,1,2024-07-22 17:16:25,7,5,25.01385,121.53549
500101021,1,2024-07-22 17:17:25,7,5,25.01385,121.53549
500101021,1,2024-07-22 17:18:26,7,5,25.01385,121.53549
500101021,1,2024-07-22 17:19:25,7,4,25.01385,121.53549
500101021,1,2024-07-22 17:20:31,7,4,25.01385,121.53549
500101021,1,2024-07-22 17:22:29,7,5,25.01385,121.53549
500101021,1,2024-07-22 17:23:25,7,5,25.01385,121.53549
500101021,1,2024-07-22 17:24:25,7,5,25.01385,121.53549
500101021,1,2024-07-22 17:24:25,7,5,25.01385,121.53549
500101021,1,2024-07-22 17:26:25,7,5,25.01385,121.53549
500101021,1,2024-07-22 17:26:25,7,5,25.01385,121.53549
500101021,1,2024-07-22 17:27:25,7,5,25.01385,121.53549
500101021,1,2024-07-22 17:28:25,7,6,25.01385,121.53549
500101021,1,2024-07-22 17:30:32,7,5,25.01385,121.53549
500101021,1,2024-07-22 17:31:25,7,5,25.01385,121.53549
500101021,1,2024-07-22 17:31:25,7,5,25.01385,121.53549
500101021,1,2024-07-22 17:33:26,7,7,25.01385,121.53549
500101021,1,2024-07-22 17:34:26,7,7,25.01385,121.53549
500101021,1,2024-07-22 17:35:26,7,7,25.01385,121.53549
500101021,1,2024-07-22 17:36:26,7,7,25.01385,121.53549
500101021,1,2024-07-22 17:36:26,7,7,25.01385,121.53549
500101021,1,2024-07-22 17:37:25,7,7,25.01385,121.53549
500101021,1,2024-07-22 17:39:26,7,7,25.01385,121.53549
500101021,1,2024-07-22 17:40:35,7,7,25.01385,121.53549
500101021,1,2024-07-22 17:41:26,7,7,25.01385,121.53549
500101021,1,2024-07-22 17:42:26,7,7,25.01385,121.53549
500101021,1,2024-07-22 17:43:26,7,7,25.01385,121.53549
500101021,1,2024-07-22 17:44:25,7,7,25.01385,121.53549
500101021,1,2024-07-22 17:45:25,7,6,25.01385,121.53549
500101021,1,2024-07-22 17:46:26,7,6,25.01385,121.53549
500101021,1,2024-07-22 17:47:26,7,7,25.01385,121.53549
500101021,1,2024-07-22 17:47:26,7,7,25.01385,121.53549
500101021,1,2024-07-22 17:49:26,7,6,25.01385,121.53549
500101021,1,2024-07-22 17:50:32,7,6,25.01385,121.53549
500101021,1,2024-07-22 17:51:26,7,6,25.01385,121.53549
500101021,1,2024-07-22 17:52:26,7,5,25.01385,121.53549
500101021,1,2024-07-22 17:53:26,7,4,25.01385,121.53549
500101021,1,2024-07-22 17:54:26,7,4,25.01385,121.53549
500101021,1,2024-07-22 17:55:25,7,4,25.01385,121.53549
500101021,1,2024-07-22 17:56:26,7,4,25.01385,121.53549
500101021,1,2024-07-22 17:57:26,7,4,25.01385,121.53549
500101021,1,2024-07-22 17:58:26,7,4,25.01385,121.53549
500101021,1,2024-07-22 17:59:26,7,5,25.01385,121.53549
500101021,1,2024-07-22 18:00:30,7,5,25.01385,121.53549
500101021,1,2024-07-22 18:01:29,7,6,25.01385,121.53549
500101021,1,2024-07-22 18:02:26,7,6,25.01385,121.53549
500101021,1,2024-07-22 18:03:26,7,6,25.01385,121.53549
500101021,1,2024-07-22 18:04:26,7,6,25.01385,121.53549
500101021,1,2024-07-22 18:05:26,7,5,25.01385,121.53549
500101021,1,2024-07-22 18:06:26,7,6,25.01385,121.53549
500101021,1,2024-07-22 18:07:26,7,6,25.01385,121.53549
500101021,1,2024-07-22 18:08:26,7,6,25.01385,121.53549
500101021,1,2024-07-22 18:09:26,7,4,25.01385,121.53549
500101021,1,2024-07-22 18:10:33,7,6,25.01385,121.53549
500101021,1,2024-07-22 18:11:26,7,7,25.01385,121.53549
500101021,1,2024-07-22 18:12:26,7,7,25.01385,121.53549
500101021,1,2024-07-22 18:13:26,7,7,25.01385,121.53549
500101021,1,2024-07-22 18:14:26,7,7,25.01385,121.53549
500101021,1,2024-07-22 18:15:26,7,6,25.01385,121.53549
500101021,1,2024-07-22 18:16:26,7,7,25.01385,121.53549
500101021,1,2024-07-22 18:17:25,7,7,25.01385,121.53549
500101021,1,2024-07-22 18:18:27,7,7,25.01385,121.53549
500101021,1,2024-07-22 18:19:25,7,6,25.01385,121.53549
500101021,1,2024-07-22 18:20:33,7,6,25.01385,121.53549
500101021,1,2024-07-22 18:21:25,7,7,25.01385,121.53549
500101021,1,2024-07-22 18:22:26,7,6,25.01385,121.53549
500101021,1,2024-07-22 18:23:26,7,6,25.01385,121.53549
500101021,1,2024-07-22 18:24:25,7,7,25.01385,121.53549
500101021,1,2024-07-22 18:25:25,7,7,25.01385,121.53549
500101021,1,2024-07-22 18:26:25,7,7,25.01385,121.53549
500101021,1,2024-07-22 18:27:26,7,7,25.01385,121.53549
500101021,1,2024-07-22 18:28:25,7,7,25.01385,121.53549
500101021,1,2024-07-22 18:29:26,7,7,25.01385,121.53549
500101021,1,2024-07-22 18:30:32,7,7,25.01385,121.53549
500101021,1,2024-07-22 18:31:25,7,7,25.01385,121.53549
500101021,1,2024-07-22 18:32:30,7,6,25.01385,121.53549
500101021,1,2024-07-22 18:32:30,7,6,25.01385,121.53549
500101021,1,2024-07-22 18:34:26,7,3,25.01385,121.53549
500101021,1,2024-07-22 18:35:25,7,5,25.01385,121.53549
500101021,1,2024-07-22 18:36:25,7,7,25.01385,121.53549
500101021,1,2024-07-22 18:37:26,7,7,25.01385,121.53549
500101021,1,2024-07-22 18:38:25,7,7,25.01385,121.53549
500101021,1,2024-07-22 18:39:25,7,6,25.01385,121.53549
500101021,1,2024-07-22 18:40:33,7,7,25.01385,121.53549
500101021,1,2024-07-22 18:41:26,7,7,25.01385,121.53549
500101021,1,2024-07-22 18:42:25,7,6,25.01385,121.53549
500101021,1,2024-07-22 18:43:25,7,6,25.01385,121.53549
500101021,1,2024-07-22 18:44:26,7,7,25.01385,121.53549
500101021,1,2024-07-22 18:45:26,7,7,25.01385,121.53549
500101021,1,2024-07-22 18:46:26,7,7,25.01385,121.53549
500101021,1,2024-07-22 18:47:26,7,7,25.01385,121.53549
500101021,1,2024-07-22 18:48:26,7,7,25.01385,121.53549
500101021,1,2024-07-22 18:49:26,7,5,25.01385,121.53549
500101021,1,2024-07-22 18:50:32,7,5,25.01385,121.53549
500101021,1,2024-07-22 18:51:25,7,5,25.01385,121.53549
500101021,1,2024-07-22 18:52:25,7,5,25.01385,121.53549
500101021,1,2024-07-22 18:53:26,7,5,25.01385,121.53549
500101021,1,2024-07-22 18:54:26,7,6,25.01385,121.53549
500101021,1,2024-07-22 18:55:25,7,6,25.01385,121.53549
500101021,1,2024-07-22 18:56:26,7,6,25.01385,121.53549
500101021,1,2024-07-22 18:57:26,7,6,25.01385,121.53549
500101021,1,2024-07-22 18:58:25,7,6,25.01385,121.53549
500101021,1,2024-07-22 18:59:24,7,6,25.01385,121.53549
500101021,1,2024-07-22 19:00:31,7,6,25.01385,121.53549
500101021,1,2024-07-22 19:01:25,7,6,25.01385,121.53549
500101021,1,2024-07-22 19:02:26,7,6,25.01385,121.53549
500101021,1,2024-07-22 19:03:26,7,7,25.01385,121.53549
500101021,1,2024-07-22 19:04:26,7,7,25.01385,121.53549
500101021,1,2024-07-22 19:05:24,7,7,25.01385,121.53549
500101021,1,2024-07-22 19:06:26,7,7,25.01385,121.53549
500101021,1,2024-07-22 19:07:25,7,7,25.01385,121.53549
500101021,1,2024-07-22 19:08:24,7,7,25.01385,121.53549
500101021,1,2024-07-22 19:09:25,7,7,25.01385,121.53549
500101021,1,2024-07-22 19:10:33,7,7,25.01385,121.53549
500101021,1,2024-07-22 19:11:25,7,7,25.01385,121.53549
500101021,1,2024-07-22 19:12:25,7,7,25.01385,121.53549
500101021,1,2024-07-22 19:13:27,7,6,25.01385,121.53549
500101021,1,2024-07-22 19:14:25,7,7,25.01385,121.53549
500101021,1,2024-07-22 19:15:25,7,7,25.01385,121.53549
500101021,1,2024-07-22 19:16:25,7,7,25.01385,121.53549
500101021,1,2024-07-22 19:17:25,7,7,25.01385,121.53549
500101021,1,2024-07-22 19:18:25,7,7,25.01385,121.53549
500101021,1,2024-07-22 19:19:25,7,7,25.01385,121.53549
500101021,1,2024-07-22 19:20:30,7,7,25.01385,121.53549
500101021,1,2024-07-22 19:21:26,7,7,25.01385,121.53549
500101021,1,2024-07-22 19:22:26,7,7,25.01385,121.53549
500101021,1,2024-07-22 19:23:25,7,7,25.01385,121.53549
500101021,1,2024-07-22 19:24:24,7,7,25.01385,121.53549
500101021,1,2024-07-22 19:25:25,7,7,25.01385,121.53549
500101021,1,2024-07-22 19:26:25,7,7,25.01385,121.53549
500101021,1,2024-07-22 19:27:25,7,7,25.01385,121.53549
500101021,1,2024-07-22 19:28:25,7,7,25.01385,121.53549
500101021,1,2024-07-22 19:29:25,7,7,25.01385,121.53549
500101021,1,2024-07-22 19:30:30,7,7,25.01385,121.53549
500101021,1,2024-07-22 19:31:25,7,7,25.01385,121.53549
500101021,1,2024-07-22 19:32:25,7,6,25.01385,121.53549
500101021,1,2024-07-22 19:33:24,7,6,25.01385,121.53549
500101021,1,2024-07-22 19:34:24,7,6,25.01385,121.53549
500101021,1,2024-07-22 19:35:25,7,6,25.01385,121.53549
500101021,1,2024-07-22 19:36:25,7,6,25.01385,121.53549
500101021,1,2024-07-22 19:37:24,7,6,25.01385,121.53549
500101021,1,2024-07-22 19:38:25,7,7,25.01385,121.53549
500101021,1,2024-07-22 19:39:24,7,7,25.01385,121.53549
500101021,1,2024-07-22 19:40:34,7,7,25.01385,121.53549
500101021,1,2024-07-22 19:41:25,7,6,25.01385,121.53549
500101021,1,2024-07-22 19:42:24,7,6,25.01385,121.53549
500101021,1,2024-07-22 19:43:25,7,6,25.01385,121.53549
500101021,1,2024-07-22 19:44:24,7,6,25.01385,121.53549
500101021,1,2024-07-22 19:45:25,7,6,25.01385,121.53549
500101021,1,2024-07-22 19:46:25,7,6,25.01385,121.53549
500101021,1,2024-07-22 19:47:25,7,6,25.01385,121.53549
500101021,1,2024-07-22 19:48:25,7,6,25.01385,121.53549
500101021,1,2024-07-22 19:49:25,7,4,25.01385,121.53549
500101021,1,2024-07-22 19:50:31,7,4,25.01385,121.53549
500101021,1,2024-07-22 19:51:25,7,4,25.01385,121.53549
500101021,1,2024-07-22 19:52:25,7,3,25.01385,121.53549
500101021,1,2024-07-22 19:53:25,7,1,25.01385,121.53549
500101021,1,2024-07-22 19:54:24,7,1,25.01385,121.53549
500101021,1,2024-07-22 19:55:24,7,1,25.01385,121.53549
500101021,1,2024-07-22 19:56:24,7,1,25.01385,121.53549
500101021,1,2024-07-22 19:57:25,7,1,25.01385,121.53549
500101021,1,2024-07-22 19:58:24,7,1,25.01385,121.53549
500101021,1,2024-07-22 19:59:24,7,1,25.01385,121.53549
500101021,1,2024-07-22 20:00:31,7,1,25.01385,121.53549
500101021,1,2024-07-22 20:01:25,7,1,25.01385,121.53549
500101021,1,2024-07-22 20:02:25,7,1,25.01385,121.53549
500101021,1,2024-07-22 20:03:25,7,1,25.01385,121.53549
500101021,1,2024-07-22 20:04:24,7,1,25.01385,121.53549
500101021,1,2024-07-22 20:05:24,7,1,25.01385,121.53549
500101021,1,2024-07-22 20:06:24,7,1,25.01385,121.53549
500101021,1,2024-07-22 20:07:24,7,1,25.01385,121.53549
500101021,1,2024-07-22 20:08:24,7,1,25.01385,121.53549
500101021,1,2024-07-22 20:09:24,7,1,25.01385,121.53549
500101021,1,2024-07-22 20:10:31,7,1,25.01385,121.53549
500101021,1,2024-07-22 20:11:25,7,1,25.01385,121.53549
500101021,1,2024-07-22 20:12:24,7,1,25.01385,121.53549
500101021,1,2024-07-22 20:13:25,7,2,25.01385,121.53549
500101021,1,2024-07-22 20:14:25,7,2,25.01385,121.53549
500101021,1,2024-07-22 20:15:25,7,2,25.01385,121.53549
500101021,1,2024-07-22 20:16:24,7,2,25.01385,121.53549
500101021,1,2024-07-22 20:17:24,7,2,25.01385,121.53549
500101021,1,2024-07-22 20:18:25,7,3,25.01385,121.53549
500101021,1,2024-07-22 20:19:24,7,2,25.01385,121.53549
500101021,1,2024-07-22 20:21:25,7,1,25.01385,121.53549
500101021,1,2024-07-22 20:22:25,7,1,25.01385,121.53549
500101021,1,2024-07-22 20:23:24,7,1,25.01385,121.53549
500101021,1,2024-07-22 20:24:24,7,2,25.01385,121.53549
500101021,1,2024-07-22 20:25:25,7,2,25.01385,121.53549
500101021,1,2024-07-22 20:26:24,7,2,25.01385,121.53549
500101021,1,2024-07-22 20:27:24,7,2,25.01385,121.53549
500101021,1,2024-07-22 20:28:24,7,4,25.01385,121.53549
500101021,1,2024-07-22 20:28:24,7,4,25.01385,121.53549
500101021,1,2024-07-22 20:29:25,7,3,25.01385,121.53549
500101021,1,2024-07-22 20:31:25,7,2,25.01385,121.53549
500101021,1,2024-07-22 20:32:25,7,2,25.01385,121.53549
500101021,1,2024-07-22 20:33:24,7,2,25.01385,121.53549
500101021,1,2024-07-22 20:34:24,7,1,25.01385,121.53549
500101021,1,2024-07-22 20:35:25,7,1,25.01385,121.53549
500101021,1,2024-07-22 20:36:24,7,6,25.01385,121.53549
500101021,1,2024-07-22 20:37:24,7,6,25.01385,121.53549
500101021,1,2024-07-22 20:38:25,7,6,25.01385,121.53549
500101021,1,2024-07-22 20:38:25,7,6,25.01385,121.53549
500101021,1,2024-07-22 20:40:31,7,6,25.01385,121.53549
500101021,1,2024-07-22 20:41:24,7,6,25.01385,121.53549
500101021,1,2024-07-22 20:42:25,7,6,25.01385,121.53549
500101021,1,2024-07-22 20:43:25,7,6,25.01385,121.53549
500101021,1,2024-07-22 20:44:24,7,6,25.01385,121.53549
500101021,1,2024-07-22 20:45:24,7,5,25.01385,121.53549
500101021,1,2024-07-22 20:46:24,7,5,25.01385,121.53549
500101021,1,2024-07-22 20:47:24,7,3,25.01385,121.53549
500101021,1,2024-07-22 20:48:24,7,3,25.01385,121.53549
500101021,1,2024-07-22 20:49:24,7,3,25.01385,121.53549
500101021,1,2024-07-22 20:50:31,7,2,25.01385,121.53549
500101021,1,2024-07-22 20:51:25,7,2,25.01385,121.53549
500101021,1,2024-07-22 20:52:24,7,3,25.01385,121.53549
500101021,1,2024-07-22 20:53:24,7,3,25.01385,121.53549
500101021,1,2024-07-22 20:54:24,7,3,25.01385,121.53549
500101021,1,2024-07-22 20:55:24,7,3,25.01385,121.53549
500101021,1,2024-07-22 20:56:24,7,3,25.01385,121.53549
500101021,1,2024-07-22 20:57:25,7,3,25.01385,121.53549
500101021,1,2024-07-22 20:57:25,7,3,25.01385,121.53549
500101021,1,2024-07-22 20:59:24,7,3,25.01385,121.53549
500101021,1,2024-07-22 21:00:29,7,3,25.01385,121.53549
500101021,1,2024-07-22 21:01:24,7,1,25.01385,121.53549
500101021,1,2024-07-22 21:02:25,7,1,25.01385,121.53549
500101021,1,2024-07-22 21:03:24,7,1,25.01385,121.53549
500101021,1,2024-07-22 21:04:24,7,1,25.01385,121.53549
500101021,1,2024-07-22 21:05:25,7,1,25.01385,121.53549
500101021,1,2024-07-22 21:06:24,7,1,25.01385,121.53549
500101021,1,2024-07-22 21:07:24,7,1,25.01385,121.53549
500101021,1,2024-07-22 21:08:25,7,1,25.01385,121.53549
500101021,1,2024-07-22 21:09:24,7,1,25.01385,121.53549
500101021,1,2024-07-22 21:10:31,7,2,25.01385,121.53549
500101021,1,2024-07-22 21:11:25,7,2,25.01385,121.53549
500101021,1,2024-07-22 21:12:24,7,1,25.01385,121.53549
500101021,1,2024-07-22 21:13:24,7,1,25.01385,121.53549
500101021,1,2024-07-22 21:14:24,7,1,25.01385,121.53549
500101021,1,2024-07-22 21:15:24,7,1,25.01385,121.53549
500101021,1,2024-07-22 21:16:25,7,1,25.01385,121.53549
500101021,1,2024-07-22 21:17:23,7,1,25.01385,121.53549
500101021,1,2024-07-22 21:18:25,7,1,25.01385,121.53549
500101021,1,2024-07-22 21:19:24,7,1,25.01385,121.53549
500101021,1,2024-07-22 21:20:30,7,1,25.01385,121.53549
500101021,1,2024-07-22 21:21:24,7,2,25.01385,121.53549
500101021,1,2024-07-22 21:22:25,7,2,25.01385,121.53549
500101021,1,2024-07-22 21:23:25,7,1,25.01385,121.53549
500101021,1,2024-07-22 21:24:24,7,3,25.01385,121.53549
500101021,1,2024-07-22 21:25:24,7,4,25.01385,121.53549
500101021,1,2024-07-22 21:26:25,7,4,25.01385,121.53549
500101021,1,2024-07-22 21:27:24,7,4,25.01385,121.53549
500101021,1,2024-07-22 21:28:24,7,4,25.01385,121.53549
500101021,1,2024-07-22 21:29:24,7,4,25.01385,121.53549
500101021,1,2024-07-22 21:30:29,7,4,25.01385,121.53549
500101021,1,2024-07-22 21:31:24,7,5,25.01385,121.53549
500101021,1,2024-07-22 21:32:25,7,5,25.01385,121.53549
500101021,1,2024-07-22 21:33:24,7,5,25.01385,121.53549
500101021,1,2024-07-22 21:34:24,7,5,25.01385,121.53549
500101021,1,2024-07-22 21:35:24,7,5,25.01385,121.53549
500101021,1,2024-07-22 21:36:24,7,5,25.01385,121.53549
500101021,1,2024-07-22 21:37:26,7,5,25.01385,121.53549
500101021,1,2024-07-22 21:38:24,7,5,25.01385,121.53549
500101021,1,2024-07-22 21:39:24,7,5,25.01385,121.53549
500101021,1,2024-07-22 21:40:31,7,5,25.01385,121.53549
