sno,act,srcUpdateTime,total,latitude,longitude,available_return_bikes
500101169,1,2024-07-23 21:43:23,49,25.03305,121.55378,46
500101169,1,2024-07-23 21:43:23,49,25.03305,121.55378,46
500101169,1,2024-07-23 21:44:23,49,25.03305,121.55378,46
500101169,1,2024-07-23 21:45:24,49,25.03305,121.55378,48
500101169,1,2024-07-23 21:46:25,49,25.03305,121.55378,45
500101169,1,2024-07-23 21:47:27,49,25.03305,121.55378,45
500101169,1,2024-07-23 21:47:27,49,25.03305,121.55378,45
500101169,1,2024-07-23 21:49:24,49,25.03305,121.55378,42
500101169,1,2024-07-23 21:49:24,49,25.03305,121.55378,42
500101169,1,2024-07-23 21:51:25,49,25.03305,121.55378,40
500101169,1,2024-07-23 21:52:24,49,25.03305,121.55378,40
500101169,1,2024-07-23 21:53:23,49,25.03305,121.55378,39
500101169,1,2024-07-23 21:54:24,49,25.03305,121.55378,38
500101169,1,2024-07-23 21:55:23,49,25.03305,121.55378,38
500101169,1,2024-07-23 21:56:24,49,25.03305,121.55378,39
500101169,1,2024-07-23 21:57:24,49,25.03305,121.55378,40
500101169,1,2024-07-23 21:58:23,49,25.03305,121.55378,41
500101169,1,2024-07-23 21:59:23,49,25.03305,121.55378,43
500101169,1,2024-07-23 22:00:30,49,25.03305,121.55378,43
500101169,1,2024-07-23 22:01:23,49,25.03305,121.55378,43
500101169,1,2024-07-23 22:02:23,49,25.03305,121.55378,43
500101169,1,2024-07-23 22:03:26,49,25.03305,121.55378,43
500101169,1,2024-07-23 22:04:24,49,25.03305,121.55378,43
500101169,1,2024-07-23 22:05:24,49,25.03305,121.55378,43
500101169,1,2024-07-23 22:06:23,49,25.03305,121.55378,45
500101169,1,2024-07-23 22:07:23,49,25.03305,121.55378,46
500101169,1,2024-07-23 22:08:24,49,25.03305,121.55378,46
500101169,1,2024-07-23 22:09:23,49,25.03305,121.55378,46
500101169,1,2024-07-23 22:10:30,49,25.03305,121.55378,46
500101169,1,2024-07-23 22:11:24,49,25.03305,121.55378,45
500101169,1,2024-07-23 22:12:23,49,25.03305,121.55378,43
500101169,1,2024-07-23 22:13:22,49,25.03305,121.55378,43
500101169,1,2024-07-23 22:14:23,49,25.03305,121.55378,43
500101169,1,2024-07-23 22:15:23,49,25.03305,121.55378,44
500101169,1,2024-07-23 22:16:24,49,25.03305,121.55378,44
500101169,1,2024-07-23 22:17:23,49,25.03305,121.55378,44
500101169,1,2024-07-23 22:18:23,49,25.03305,121.55378,45
500101169,1,2024-07-23 22:19:23,49,25.03305,121.55378,45
500101169,1,2024-07-23 22:20:29,49,25.03305,121.55378,45
500101169,1,2024-07-23 22:21:23,49,25.03305,121.55378,46
500101169,1,2024-07-23 22:22:24,49,25.03305,121.55378,47
500101169,1,2024-07-23 22:23:23,49,25.03305,121.55378,47
500101169,1,2024-07-23 22:24:23,49,25.03305,121.55378,47
500101169,1,2024-07-23 22:25:23,49,25.03305,121.55378,46
500101169,1,2024-07-23 22:25:23,49,25.03305,121.55378,46
500101169,1,2024-07-23 22:27:21,49,25.03305,121.55378,46
500101169,1,2024-07-23 22:27:21,49,25.03305,121.55378,46
500101169,1,2024-07-23 22:29:23,49,25.03305,121.55378,47
500101169,1,2024-07-23 22:30:30,49,25.03305,121.55378,47
500101169,1,2024-07-23 22:31:23,49,25.03305,121.55378,48
500101169,1,2024-07-23 22:32:24,49,25.03305,121.55378,48
500101169,1,2024-07-23 22:33:23,49,25.03305,121.55378,49
500101169,1,2024-07-23 22:34:23,49,25.03305,121.55378,49
500101169,1,2024-07-23 22:35:23,49,25.03305,121.55378,49
500101169,1,2024-07-23 22:36:23,49,25.03305,121.55378,49
500101169,1,2024-07-23 22:37:23,49,25.03305,121.55378,49
500101169,1,2024-07-23 22:38:23,49,25.03305,121.55378,49
500101169,1,2024-07-23 22:39:23,49,25.03305,121.55378,49
500101169,1,2024-07-23 22:40:29,49,25.03305,121.55378,48
500101169,1,2024-07-23 22:41:23,49,25.03305,121.55378,48
500101169,1,2024-07-23 22:42:23,49,25.03305,121.55378,49
500101169,1,2024-07-23 22:43:23,49,25.03305,121.55378,48
500101169,1,2024-07-23 22:44:24,49,25.03305,121.55378,49
500101169,1,2024-07-23 22:45:22,49,25.03305,121.55378,49
500101169,1,2024-07-23 22:46:23,49,25.03305,121.55378,47
500101169,1,2024-07-23 22:47:23,49,25.03305,121.55378,47
500101169,1,2024-07-23 22:48:22,49,25.03305,121.55378,48
500101169,1,2024-07-23 22:49:23,49,25.03305,121.55378,49
500101169,1,2024-07-23 22:50:30,49,25.03305,121.55378,49
500101169,1,2024-07-23 22:51:23,49,25.03305,121.55378,47
500101169,1,2024-07-23 22:52:23,49,25.03305,121.55378,47
500101169,1,2024-07-23 22:53:22,49,25.03305,121.55378,47
500101169,1,2024-07-23 22:54:22,49,25.03305,121.55378,47
500101169,1,2024-07-23 22:55:22,49,25.03305,121.55378,47
500101169,1,2024-07-23 22:56:23,49,25.03305,121.55378,47
500101169,1,2024-07-23 22:57:23,49,25.03305,121.55378,47
500101169,1,2024-07-23 22:58:22,49,25.03305,121.55378,47
500101169,1,2024-07-23 22:59:22,49,25.03305,121.55378,47
500101169,1,2024-07-23 23:00:29,49,25.03305,121.55378,47
500101169,1,2024-07-23 23:01:22,49,25.03305,121.55378,47
500101169,1,2024-07-23 23:02:23,49,25.03305,121.55378,47
500101169,1,2024-07-23 23:03:23,49,25.03305,121.55378,47
500101169,1,2024-07-23 23:04:27,49,25.03305,121.55378,47
500101169,1,2024-07-23 23:05:31,49,25.03305,121.55378,47
500101169,1,2024-07-23 23:05:31,49,25.03305,121.55378,47
500101169,1,2024-07-23 23:07:13,49,25.03305,121.55378,47
500101169,1,2024-07-23 23:07:36,49,25.03305,121.55378,47
500101169,1,2024-07-23 23:08:23,49,25.03305,121.55378,47
500101169,1,2024-07-23 23:09:23,49,25.03305,121.55378,47
500101169,1,2024-07-23 23:10:29,49,25.03305,121.55378,47
500101169,1,2024-07-23 23:11:23,49,25.03305,121.55378,46
500101169,1,2024-07-23 23:12:23,49,25.03305,121.55378,46
500101169,1,2024-07-23 23:13:23,49,25.03305,121.55378,46
500101169,1,2024-07-23 23:14:23,49,25.03305,121.55378,46
500101169,1,2024-07-23 23:15:22,49,25.03305,121.55378,46
500101169,1,2024-07-23 23:16:22,49,25.03305,121.55378,46
500101169,1,2024-07-23 23:17:23,49,25.03305,121.55378,46
500101169,1,2024-07-23 23:18:22,49,25.03305,121.55378,46
500101169,1,2024-07-23 23:19:22,49,25.03305,121.55378,46
500101169,1,2024-07-23 23:20:29,49,25.03305,121.55378,46
500101169,1,2024-07-23 23:21:23,49,25.03305,121.55378,47
500101169,1,2024-07-23 23:23:23,49,25.03305,121.55378,47
500101169,1,2024-07-23 23:24:23,49,25.03305,121.55378,47
500101169,1,2024-07-23 23:25:22,49,25.03305,121.55378,47
500101169,1,2024-07-23 23:26:22,49,25.03305,121.55378,47
500101169,1,2024-07-23 23:27:22,49,25.03305,121.55378,47
500101169,1,2024-07-23 23:28:22,49,25.03305,121.55378,47
500101169,1,2024-07-23 23:29:22,49,25.03305,121.55378,47
500101169,1,2024-07-23 23:30:28,49,25.03305,121.55378,47
500101169,1,2024-07-23 23:31:22,49,25.03305,121.55378,47
500101169,1,2024-07-23 23:32:22,49,25.03305,121.55378,47
500101169,1,2024-07-23 23:33:22,49,25.03305,121.55378,47
500101169,1,2024-07-23 23:34:22,49,25.03305,121.55378,47
500101169,1,2024-07-23 23:35:22,49,25.03305,121.55378,48
500101169,1,2024-07-23 23:36:22,49,25.03305,121.55378,48
500101169,1,2024-07-23 23:37:22,49,25.03305,121.55378,48
500101169,1,2024-07-23 23:38:23,49,25.03305,121.55378,48
500101169,1,2024-07-23 23:39:22,49,25.03305,121.55378,48
500101169,1,2024-07-23 23:40:28,49,25.03305,121.55378,48
500101169,1,2024-07-23 23:41:23,49,25.03305,121.55378,48
500101169,1,2024-07-23 23:42:22,49,25.03305,121.55378,48
500101169,1,2024-07-23 23:43:22,49,25.03305,121.55378,48
500101169,1,2024-07-23 23:44:22,49,25.03305,121.55378,48
500101169,1,2024-07-23 23:45:23,49,25.03305,121.55378,48
500101169,1,2024-07-23 23:46:22,49,25.03305,121.55378,48
500101169,1,2024-07-23 23:47:23,49,25.03305,121.55378,48
500101169,1,2024-07-23 23:48:22,49,25.03305,121.55378,48
500101169,1,2024-07-23 23:49:22,49,25.03305,121.55378,48
500101169,1,2024-07-23 23:50:28,49,25.03305,121.55378,48
500101169,1,2024-07-23 23:51:22,49,25.03305,121.55378,48
500101169,1,2024-07-23 23:52:22,49,25.03305,121.55378,48
500101169,1,2024-07-23 23:53:22,49,25.03305,121.55378,48
500101169,1,2024-07-23 23:54:22,49,25.03305,121.55378,48
500101169,1,2024-07-23 23:55:22,49,25.03305,121.55378,48
500101169,1,2024-07-23 23:56:22,49,25.03305,121.55378,48
500101169,1,2024-07-23 23:57:22,49,25.03305,121.55378,48
500101169,1,2024-07-23 23:58:22,49,25.03305,121.55378,48
500101169,1,2024-07-23 23:59:23,49,25.03305,121.55378,48
500101169,1,2024-07-24 00:00:30,49,25.03305,121.55378,48
500101169,1,2024-07-24 00:01:23,49,25.03305,121.55378,48
500101169,1,2024-07-24 00:02:23,49,25.03305,121.55378,48
500101169,1,2024-07-24 00:03:23,49,25.03305,121.55378,48
500101169,1,2024-07-24 00:04:22,49,25.03305,121.55378,48
500101169,1,2024-07-24 00:05:23,49,25.03305,121.55378,48
500101169,1,2024-07-24 00:06:22,49,25.03305,121.55378,48
500101169,1,2024-07-24 00:07:23,49,25.03305,121.55378,48
500101169,1,2024-07-24 00:08:22,49,25.03305,121.55378,48
500101169,1,2024-07-24 00:09:22,49,25.03305,121.55378,48
500101169,1,2024-07-24 00:10:28,49,25.03305,121.55378,48
500101169,1,2024-07-24 00:11:23,49,25.03305,121.55378,48
500101169,1,2024-07-24 00:12:23,49,25.03305,121.55378,48
500101169,1,2024-07-24 00:13:23,49,25.03305,121.55378,48
500101169,1,2024-07-24 00:14:23,49,25.03305,121.55378,48
500101169,1,2024-07-24 00:15:22,49,25.03305,121.55378,48
500101169,1,2024-07-24 00:16:23,49,25.03305,121.55378,48
500101169,1,2024-07-24 00:17:22,49,25.03305,121.55378,48
500101169,1,2024-07-24 00:18:23,49,25.03305,121.55378,48
500101169,1,2024-07-24 00:19:22,49,25.03305,121.55378,48
500101169,1,2024-07-24 00:20:28,49,25.03305,121.55378,48
500101169,1,2024-07-24 00:21:23,49,25.03305,121.55378,48
500101169,1,2024-07-24 00:22:22,49,25.03305,121.55378,48
500101169,1,2024-07-24 00:23:22,49,25.03305,121.55378,48
500101169,1,2024-07-24 00:24:22,49,25.03305,121.55378,48
500101169,1,2024-07-24 00:25:22,49,25.03305,121.55378,48
500101169,1,2024-07-24 00:26:22,49,25.03305,121.55378,48
500101169,1,2024-07-24 00:27:23,49,25.03305,121.55378,48
500101169,1,2024-07-24 00:28:22,49,25.03305,121.55378,48
500101169,1,2024-07-24 00:29:22,49,25.03305,121.55378,48
500101169,1,2024-07-24 00:30:28,49,25.03305,121.55378,48
500101169,1,2024-07-24 00:31:22,49,25.03305,121.55378,48
500101169,1,2024-07-24 00:32:22,49,25.03305,121.55378,48
500101169,1,2024-07-24 00:33:22,49,25.03305,121.55378,48
500101169,1,2024-07-24 00:34:22,49,25.03305,121.55378,48
500101169,1,2024-07-24 00:35:22,49,25.03305,121.55378,48
500101169,1,2024-07-24 00:36:21,49,25.03305,121.55378,48
500101169,1,2024-07-24 00:37:22,49,25.03305,121.55378,48
500101169,1,2024-07-24 00:38:22,49,25.03305,121.55378,48
500101169,1,2024-07-24 00:39:22,49,25.03305,121.55378,48
500101169,1,2024-07-24 00:40:27,49,25.03305,121.55378,48
500101169,1,2024-07-24 00:41:22,49,25.03305,121.55378,48
500101169,1,2024-07-24 00:42:22,49,25.03305,121.55378,48
500101169,1,2024-07-24 00:43:22,49,25.03305,121.55378,48
500101169,1,2024-07-24 00:44:22,49,25.03305,121.55378,48
500101169,1,2024-07-24 00:45:22,49,25.03305,121.55378,48
500101169,1,2024-07-24 00:46:22,49,25.03305,121.55378,48
500101169,1,2024-07-24 00:47:22,49,25.03305,121.55378,48
500101169,1,2024-07-24 00:48:22,49,25.03305,121.55378,48
500101169,1,2024-07-24 00:49:22,49,25.03305,121.55378,48
500101169,1,2024-07-24 00:50:27,49,25.03305,121.55378,48
500101169,1,2024-07-24 00:51:22,49,25.03305,121.55378,48
500101169,1,2024-07-24 00:52:22,49,25.03305,121.55378,48
500101169,1,2024-07-24 00:53:21,49,25.03305,121.55378,48
500101169,1,2024-07-24 00:54:22,49,25.03305,121.55378,48
500101169,1,2024-07-24 00:55:22,49,25.03305,121.55378,48
500101169,1,2024-07-24 00:56:23,49,25.03305,121.55378,48
500101169,1,2024-07-24 00:57:21,49,25.03305,121.55378,48
500101169,1,2024-07-24 00:58:21,49,25.03305,121.55378,48
500101169,1,2024-07-24 00:59:22,49,25.03305,121.55378,48
500101169,1,2024-07-24 01:00:27,49,25.03305,121.55378,48
500101169,1,2024-07-24 01:01:23,49,25.03305,121.55378,48
500101169,1,2024-07-24 01:02:24,49,25.03305,121.55378,49
500101169,1,2024-07-24 01:03:22,49,25.03305,121.55378,49
500101169,1,2024-07-24 01:04:22,49,25.03305,121.55378,49
500101169,1,2024-07-24 01:05:22,49,25.03305,121.55378,49
500101169,1,2024-07-24 01:06:22,49,25.03305,121.55378,49
500101169,1,2024-07-24 01:07:22,49,25.03305,121.55378,49
500101169,1,2024-07-24 01:08:22,49,25.03305,121.55378,49
500101169,1,2024-07-24 01:09:21,49,25.03305,121.55378,49
500101169,1,2024-07-24 01:10:30,49,25.03305,121.55378,49
500101169,1,2024-07-24 01:11:22,49,25.03305,121.55378,49
500101169,1,2024-07-24 01:12:22,49,25.03305,121.55378,49
500101169,1,2024-07-24 01:13:22,49,25.03305,121.55378,49
500101169,1,2024-07-24 01:14:22,49,25.03305,121.55378,49
500101169,1,2024-07-24 01:15:22,49,25.03305,121.55378,49
500101169,1,2024-07-24 01:16:21,49,25.03305,121.55378,49
500101169,1,2024-07-24 01:17:22,49,25.03305,121.55378,49
500101169,1,2024-07-24 01:18:22,49,25.03305,121.55378,49
500101169,1,2024-07-24 01:19:21,49,25.03305,121.55378,49
500101169,1,2024-07-24 01:20:28,49,25.03305,121.55378,49
500101169,1,2024-07-24 01:21:21,49,25.03305,121.55378,49
500101169,1,2024-07-24 01:22:22,49,25.03305,121.55378,49
500101169,1,2024-07-24 01:23:21,49,25.03305,121.55378,49
500101169,1,2024-07-24 01:24:21,49,25.03305,121.55378,49
500101169,1,2024-07-24 01:25:22,49,25.03305,121.55378,49
500101169,1,2024-07-24 01:26:22,49,25.03305,121.55378,49
500101169,1,2024-07-24 01:27:22,49,25.03305,121.55378,49
500101169,1,2024-07-24 01:28:21,49,25.03305,121.55378,49
500101169,1,2024-07-24 01:29:22,49,25.03305,121.55378,49
500101169,1,2024-07-24 01:30:27,49,25.03305,121.55378,49
500101169,1,2024-07-24 01:31:20,49,25.03305,121.55378,49
500101169,1,2024-07-24 01:32:22,49,25.03305,121.55378,49
500101169,1,2024-07-24 01:33:22,49,25.03305,121.55378,49
500101169,1,2024-07-24 01:34:22,49,25.03305,121.55378,49
500101169,1,2024-07-24 01:35:22,49,25.03305,121.55378,49
500101169,1,2024-07-24 01:36:22,49,25.03305,121.55378,49
500101169,1,2024-07-24 01:37:22,49,25.03305,121.55378,49
500101169,1,2024-07-24 01:38:22,49,25.03305,121.55378,49
500101169,1,2024-07-24 01:39:22,49,25.03305,121.55378,49
500101169,1,2024-07-24 01:40:28,49,25.03305,121.55378,49
500101169,1,2024-07-24 01:41:22,49,25.03305,121.55378,49
500101169,1,2024-07-24 01:42:22,49,25.03305,121.55378,49
500101169,1,2024-07-24 01:43:22,49,25.03305,121.55378,49
500101169,1,2024-07-24 01:44:22,49,25.03305,121.55378,49
500101169,1,2024-07-24 01:45:22,49,25.03305,121.55378,49
500101169,1,2024-07-24 01:46:22,49,25.03305,121.55378,49
500101169,1,2024-07-24 01:47:22,49,25.03305,121.55378,49
500101169,1,2024-07-24 01:48:23,49,25.03305,121.55378,0
500101169,1,2024-07-24 01:49:22,49,25.03305,121.55378,48
500101169,1,2024-07-24 01:50:28,49,25.03305,121.55378,48
500101169,1,2024-07-24 01:51:22,49,25.03305,121.55378,48
500101169,1,2024-07-24 01:52:22,49,25.03305,121.55378,0
500101169,1,2024-07-24 01:53:22,49,25.03305,121.55378,0
500101169,1,2024-07-24 01:54:22,49,25.03305,121.55378,0
500101169,1,2024-07-24 01:55:21,49,25.03305,121.55378,0
500101169,1,2024-07-24 01:56:23,49,25.03305,121.55378,0
500101169,1,2024-07-24 01:57:22,49,25.03305,121.55378,0
500101169,1,2024-07-24 01:58:23,49,25.03305,121.55378,0
500101169,1,2024-07-24 01:59:22,49,25.03305,121.55378,0
500101169,1,2024-07-24 02:00:28,49,25.03305,121.55378,0
500101169,1,2024-07-24 02:01:22,49,25.03305,121.55378,0
500101169,1,2024-07-24 02:02:22,49,25.03305,121.55378,0
500101169,1,2024-07-24 02:03:22,49,25.03305,121.55378,0
500101169,1,2024-07-24 02:04:22,49,25.03305,121.55378,0
500101169,1,2024-07-24 02:05:22,49,25.03305,121.55378,0
500101169,1,2024-07-24 02:06:22,49,25.03305,121.55378,0
500101169,1,2024-07-24 02:07:22,49,25.03305,121.55378,0
500101169,1,2024-07-24 02:08:22,49,25.03305,121.55378,0
500101169,1,2024-07-24 02:09:22,49,25.03305,121.55378,0
500101169,1,2024-07-24 02:10:28,49,25.03305,121.55378,0
500101169,1,2024-07-24 02:11:22,49,25.03305,121.55378,0
500101169,1,2024-07-24 02:12:21,49,25.03305,121.55378,0
500101169,1,2024-07-24 02:13:21,49,25.03305,121.55378,0
500101169,1,2024-07-24 02:14:22,49,25.03305,121.55378,0
500101169,1,2024-07-24 02:15:22,49,25.03305,121.55378,0
500101169,1,2024-07-24 02:16:22,49,25.03305,121.55378,0
500101169,1,2024-07-24 02:17:22,49,25.03305,121.55378,0
500101169,1,2024-07-24 02:18:22,49,25.03305,121.55378,0
500101169,1,2024-07-24 02:19:22,49,25.03305,121.55378,0
500101169,1,2024-07-24 02:20:28,49,25.03305,121.55378,0
500101169,1,2024-07-24 02:21:22,49,25.03305,121.55378,0
500101169,1,2024-07-24 02:22:21,49,25.03305,121.55378,0
500101169,1,2024-07-24 02:24:22,49,25.03305,121.55378,0
500101169,1,2024-07-24 02:25:22,49,25.03305,121.55378,0
500101169,1,2024-07-24 02:26:22,49,25.03305,121.55378,0
500101169,1,2024-07-24 02:27:22,49,25.03305,121.55378,0
500101169,1,2024-07-24 02:28:22,49,25.03305,121.55378,0
500101169,1,2024-07-24 02:29:21,49,25.03305,121.55378,0
500101169,1,2024-07-24 02:30:27,49,25.03305,121.55378,0
500101169,1,2024-07-24 02:31:21,49,25.03305,121.55378,0
500101169,1,2024-07-24 02:32:22,49,25.03305,121.55378,0
500101169,1,2024-07-24 02:33:22,49,25.03305,121.55378,0
500101169,1,2024-07-24 02:34:22,49,25.03305,121.55378,0
500101169,1,2024-07-24 02:35:22,49,25.03305,121.55378,0
500101169,1,2024-07-24 02:36:22,49,25.03305,121.55378,0
500101169,1,2024-07-24 02:37:21,49,25.03305,121.55378,0
500101169,1,2024-07-24 02:38:22,49,25.03305,121.55378,0
500101169,1,2024-07-24 02:39:22,49,25.03305,121.55378,0
500101169,1,2024-07-24 02:40:28,49,25.03305,121.55378,0
500101169,1,2024-07-24 02:41:21,49,25.03305,121.55378,0
500101169,1,2024-07-24 02:42:21,49,25.03305,121.55378,0
500101169,1,2024-07-24 02:43:22,49,25.03305,121.55378,0
500101169,1,2024-07-24 02:44:21,49,25.03305,121.55378,0
500101169,1,2024-07-24 02:45:22,49,25.03305,121.55378,0
500101169,1,2024-07-24 02:46:22,49,25.03305,121.55378,0
500101169,1,2024-07-24 02:47:21,49,25.03305,121.55378,0
500101169,1,2024-07-24 02:48:22,49,25.03305,121.55378,0
500101169,1,2024-07-24 02:49:21,49,25.03305,121.55378,0
500101169,1,2024-07-24 02:50:28,49,25.03305,121.55378,0
500101169,1,2024-07-24 02:51:22,49,25.03305,121.55378,0
500101169,1,2024-07-24 02:52:22,49,25.03305,121.55378,0
500101169,1,2024-07-24 02:53:22,49,25.03305,121.55378,0
500101169,1,2024-07-24 02:54:21,49,25.03305,121.55378,0
500101169,1,2024-07-24 02:55:22,49,25.03305,121.55378,0
500101169,1,2024-07-24 02:56:21,49,25.03305,121.55378,0
500101169,1,2024-07-24 02:57:22,49,25.03305,121.55378,0
500101169,1,2024-07-24 02:58:21,49,25.03305,121.55378,0
500101169,1,2024-07-24 02:59:22,49,25.03305,121.55378,0
500101169,1,2024-07-24 03:00:28,49,25.03305,121.55378,0
500101169,1,2024-07-24 03:01:21,49,25.03305,121.55378,0
500101169,1,2024-07-24 03:02:22,49,25.03305,121.55378,0
500101169,1,2024-07-24 03:03:21,49,25.03305,121.55378,0
500101169,1,2024-07-24 03:04:22,49,25.03305,121.55378,0
500101169,1,2024-07-24 03:05:21,49,25.03305,121.55378,0
500101169,1,2024-07-24 03:06:22,49,25.03305,121.55378,0
500101169,1,2024-07-24 03:07:22,49,25.03305,121.55378,0
500101169,1,2024-07-24 03:08:23,49,25.03305,121.55378,0
500101169,1,2024-07-24 03:09:22,49,25.03305,121.55378,0
500101169,1,2024-07-24 03:10:29,49,25.03305,121.55378,0
500101169,1,2024-07-24 03:11:22,49,25.03305,121.55378,0
500101169,1,2024-07-24 03:12:21,49,25.03305,121.55378,0
500101169,1,2024-07-24 03:13:22,49,25.03305,121.55378,0
500101169,1,2024-07-24 03:14:22,49,25.03305,121.55378,0
500101169,1,2024-07-24 03:15:22,49,25.03305,121.55378,0
500101169,1,2024-07-24 03:16:21,49,25.03305,121.55378,0
500101169,1,2024-07-24 03:17:21,49,25.03305,121.55378,0
500101169,1,2024-07-24 03:18:22,49,25.03305,121.55378,0
500101169,1,2024-07-24 03:19:22,49,25.03305,121.55378,0
500101169,1,2024-07-24 03:20:28,49,25.03305,121.55378,0
500101169,1,2024-07-24 03:21:22,49,25.03305,121.55378,0
500101169,1,2024-07-24 03:22:22,49,25.03305,121.55378,0
500101169,1,2024-07-24 03:23:22,49,25.03305,121.55378,0
500101169,1,2024-07-24 03:24:21,49,25.03305,121.55378,0
500101169,1,2024-07-24 03:25:22,49,25.03305,121.55378,0
500101169,1,2024-07-24 03:26:22,49,25.03305,121.55378,0
500101169,1,2024-07-24 03:27:22,49,25.03305,121.55378,0
500101169,1,2024-07-24 03:28:22,49,25.03305,121.55378,0
500101169,1,2024-07-24 03:29:22,49,25.03305,121.55378,0
500101169,1,2024-07-24 03:30:28,49,25.03305,121.55378,0
500101169,1,2024-07-24 03:31:22,49,25.03305,121.55378,0
500101169,1,2024-07-24 03:32:22,49,25.03305,121.55378,0
500101169,1,2024-07-24 03:33:22,49,25.03305,121.55378,0
500101169,1,2024-07-24 03:34:22,49,25.03305,121.55378,0
500101169,1,2024-07-24 03:35:22,49,25.03305,121.55378,0
500101169,1,2024-07-24 03:36:22,49,25.03305,121.55378,0
500101169,1,2024-07-24 03:37:22,49,25.03305,121.55378,0
500101169,1,2024-07-24 03:38:21,49,25.03305,121.55378,0
500101169,1,2024-07-24 03:39:22,49,25.03305,121.55378,0
500101169,1,2024-07-24 03:40:29,49,25.03305,121.55378,0
500101169,1,2024-07-24 03:41:21,49,25.03305,121.55378,0
500101169,1,2024-07-24 03:42:21,49,25.03305,121.55378,0
500101169,1,2024-07-24 03:43:22,49,25.03305,121.55378,0
500101169,1,2024-07-24 03:44:22,49,25.03305,121.55378,0
500101169,1,2024-07-24 03:45:22,49,25.03305,121.55378,0
500101169,1,2024-07-24 03:46:22,49,25.03305,121.55378,0
500101169,1,2024-07-24 03:47:22,49,25.03305,121.55378,0
500101169,1,2024-07-24 03:48:21,49,25.03305,121.55378,0
500101169,1,2024-07-24 03:49:22,49,25.03305,121.55378,0
500101169,1,2024-07-24 03:50:28,49,25.03305,121.55378,0
500101169,1,2024-07-24 03:51:21,49,25.03305,121.55378,0
500101169,1,2024-07-24 03:52:22,49,25.03305,121.55378,0
500101169,1,2024-07-24 03:53:21,49,25.03305,121.55378,0
500101169,1,2024-07-24 03:54:22,49,25.03305,121.55378,0
500101169,1,2024-07-24 03:55:22,49,25.03305,121.55378,0
500101169,1,2024-07-24 03:56:21,49,25.03305,121.55378,0
500101169,1,2024-07-24 03:57:21,49,25.03305,121.55378,0
500101169,1,2024-07-24 03:58:22,49,25.03305,121.55378,0
500101169,1,2024-07-24 03:59:22,49,25.03305,121.55378,0
500101169,1,2024-07-24 04:00:27,49,25.03305,121.55378,0
500101169,1,2024-07-24 04:01:22,49,25.03305,121.55378,0
500101169,1,2024-07-24 04:02:22,49,25.03305,121.55378,0
500101169,1,2024-07-24 04:03:22,49,25.03305,121.55378,0
500101169,1,2024-07-24 04:04:22,49,25.03305,121.55378,0
500101169,1,2024-07-24 04:05:21,49,25.03305,121.55378,0
500101169,1,2024-07-24 04:06:22,49,25.03305,121.55378,0
500101169,1,2024-07-24 04:07:22,49,25.03305,121.55378,0
500101169,1,2024-07-24 04:08:22,49,25.03305,121.55378,0
500101169,1,2024-07-24 04:09:21,49,25.03305,121.55378,0
500101169,1,2024-07-24 04:10:27,49,25.03305,121.55378,0
500101169,1,2024-07-24 04:11:22,49,25.03305,121.55378,0
500101169,1,2024-07-24 04:12:21,49,25.03305,121.55378,0
500101169,1,2024-07-24 04:13:22,49,25.03305,121.55378,0
500101169,1,2024-07-24 04:14:21,49,25.03305,121.55378,0
500101169,1,2024-07-24 04:15:22,49,25.03305,121.55378,0
500101169,1,2024-07-24 04:16:22,49,25.03305,121.55378,0
500101169,1,2024-07-24 04:17:22,49,25.03305,121.55378,0
500101169,1,2024-07-24 04:18:22,49,25.03305,121.55378,0
500101169,1,2024-07-24 04:19:22,49,25.03305,121.55378,0
500101169,1,2024-07-24 04:20:27,49,25.03305,121.55378,0
500101169,1,2024-07-24 04:21:22,49,25.03305,121.55378,0
500101169,1,2024-07-24 04:22:22,49,25.03305,121.55378,0
500101169,1,2024-07-24 04:23:22,49,25.03305,121.55378,0
500101169,1,2024-07-24 04:24:21,49,25.03305,121.55378,0
500101169,1,2024-07-24 04:25:22,49,25.03305,121.55378,0
500101169,1,2024-07-24 04:26:22,49,25.03305,121.55378,0
500101169,1,2024-07-24 04:27:22,49,25.03305,121.55378,0
500101169,1,2024-07-24 04:28:22,49,25.03305,121.55378,0
500101169,1,2024-07-24 04:29:22,49,25.03305,121.55378,0
500101169,1,2024-07-24 04:30:27,49,25.03305,121.55378,0
500101169,1,2024-07-24 04:31:21,49,25.03305,121.55378,0
500101169,1,2024-07-24 04:32:22,49,25.03305,121.55378,0
500101169,1,2024-07-24 04:33:21,49,25.03305,121.55378,0
500101169,1,2024-07-24 04:34:22,49,25.03305,121.55378,0
500101169,1,2024-07-24 04:35:22,49,25.03305,121.55378,0
500101169,1,2024-07-24 04:36:21,49,25.03305,121.55378,0
500101169,1,2024-07-24 04:37:22,49,25.03305,121.55378,0
500101169,1,2024-07-24 04:38:22,49,25.03305,121.55378,0
500101169,1,2024-07-24 04:39:22,49,25.03305,121.55378,0
500101169,1,2024-07-24 04:40:28,49,25.03305,121.55378,0
500101169,1,2024-07-24 04:41:21,49,25.03305,121.55378,0
500101169,1,2024-07-24 04:42:22,49,25.03305,121.55378,0
500101169,1,2024-07-24 04:43:21,49,25.03305,121.55378,0
500101169,1,2024-07-24 04:44:22,49,25.03305,121.55378,0
500101169,1,2024-07-24 04:45:22,49,25.03305,121.55378,0
500101169,1,2024-07-24 04:46:22,49,25.03305,121.55378,0
500101169,1,2024-07-24 04:47:22,49,25.03305,121.55378,0
500101169,1,2024-07-24 04:48:21,49,25.03305,121.55378,0
500101169,1,2024-07-24 04:49:22,49,25.03305,121.55378,0
500101169,1,2024-07-24 04:50:27,49,25.03305,121.55378,0
500101169,1,2024-07-24 04:51:22,49,25.03305,121.55378,0
500101169,1,2024-07-24 04:52:21,49,25.03305,121.55378,0
500101169,1,2024-07-24 04:53:21,49,25.03305,121.55378,0
500101169,1,2024-07-24 04:54:22,49,25.03305,121.55378,0
500101169,1,2024-07-24 04:55:21,49,25.03305,121.55378,0
500101169,1,2024-07-24 04:56:22,49,25.03305,121.55378,0
500101169,1,2024-07-24 04:57:22,49,25.03305,121.55378,0
500101169,1,2024-07-24 04:58:22,49,25.03305,121.55378,0
500101169,1,2024-07-24 04:59:21,49,25.03305,121.55378,0
500101169,1,2024-07-24 05:00:30,49,25.03305,121.55378,0
500101169,1,2024-07-24 05:01:22,49,25.03305,121.55378,0
500101169,1,2024-07-24 05:02:25,49,25.03305,121.55378,0
500101169,1,2024-07-24 05:03:22,49,25.03305,121.55378,0
500101169,1,2024-07-24 05:04:22,49,25.03305,121.55378,0
500101169,1,2024-07-24 05:05:21,49,25.03305,121.55378,0
500101169,1,2024-07-24 05:06:22,49,25.03305,121.55378,0
500101169,1,2024-07-24 05:07:22,49,25.03305,121.55378,0
500101169,1,2024-07-24 05:08:21,49,25.03305,121.55378,0
500101169,1,2024-07-24 05:09:22,49,25.03305,121.55378,0
500101169,1,2024-07-24 05:10:27,49,25.03305,121.55378,0
500101169,1,2024-07-24 05:11:22,49,25.03305,121.55378,0
500101169,1,2024-07-24 05:12:21,49,25.03305,121.55378,0
500101169,1,2024-07-24 05:13:22,49,25.03305,121.55378,0
500101169,1,2024-07-24 05:14:21,49,25.03305,121.55378,0
500101169,1,2024-07-24 05:15:22,49,25.03305,121.55378,0
500101169,1,2024-07-24 05:16:22,49,25.03305,121.55378,0
500101169,1,2024-07-24 05:17:22,49,25.03305,121.55378,0
500101169,1,2024-07-24 05:18:21,49,25.03305,121.55378,0
500101169,1,2024-07-24 05:19:22,49,25.03305,121.55378,0
500101169,1,2024-07-24 05:20:27,49,25.03305,121.55378,0
500101169,1,2024-07-24 05:21:22,49,25.03305,121.55378,0
500101169,1,2024-07-24 05:22:22,49,25.03305,121.55378,0
500101169,1,2024-07-24 05:23:22,49,25.03305,121.55378,0
500101169,1,2024-07-24 05:24:21,49,25.03305,121.55378,0
500101169,1,2024-07-24 05:26:22,49,25.03305,121.55378,0
500101169,1,2024-07-24 05:27:21,49,25.03305,121.55378,0
500101169,1,2024-07-24 05:28:22,49,25.03305,121.55378,0
500101169,1,2024-07-24 05:29:22,49,25.03305,121.55378,0
500101169,1,2024-07-24 05:30:27,49,25.03305,121.55378,0
500101169,1,2024-07-24 05:31:21,49,25.03305,121.55378,0
500101169,1,2024-07-24 05:32:22,49,25.03305,121.55378,0
500101169,1,2024-07-24 05:33:21,49,25.03305,121.55378,0
500101169,1,2024-07-24 05:34:22,49,25.03305,121.55378,0
500101169,1,2024-07-24 05:35:22,49,25.03305,121.55378,0
500101169,1,2024-07-24 05:36:22,49,25.03305,121.55378,0
500101169,1,2024-07-24 05:37:22,49,25.03305,121.55378,0
500101169,1,2024-07-24 05:38:21,49,25.03305,121.55378,0
500101169,1,2024-07-24 05:39:22,49,25.03305,121.55378,0
500101169,1,2024-07-24 05:40:28,49,25.03305,121.55378,0
500101169,1,2024-07-24 05:41:22,49,25.03305,121.55378,0
500101169,1,2024-07-24 05:42:22,49,25.03305,121.55378,0
500101169,1,2024-07-24 05:43:21,49,25.03305,121.55378,0
500101169,1,2024-07-24 05:44:22,49,25.03305,121.55378,0
500101169,1,2024-07-24 05:45:22,49,25.03305,121.55378,0
500101169,1,2024-07-24 05:46:22,49,25.03305,121.55378,0
500101169,1,2024-07-24 05:47:22,49,25.03305,121.55378,0
500101169,1,2024-07-24 05:48:22,49,25.03305,121.55378,0
500101169,1,2024-07-24 05:49:22,49,25.03305,121.55378,0
500101169,1,2024-07-24 05:50:28,49,25.03305,121.55378,0
500101169,1,2024-07-24 05:51:22,49,25.03305,121.55378,0
500101169,1,2024-07-24 05:52:21,49,25.03305,121.55378,0
500101169,1,2024-07-24 05:53:22,49,25.03305,121.55378,0
500101169,1,2024-07-24 05:54:22,49,25.03305,121.55378,0
500101169,1,2024-07-24 05:55:22,49,25.03305,121.55378,0
500101169,1,2024-07-24 05:56:23,49,25.03305,121.55378,0
500101169,1,2024-07-24 05:57:22,49,25.03305,121.55378,0
500101169,1,2024-07-24 05:58:22,49,25.03305,121.55378,0
500101169,1,2024-07-24 05:59:22,49,25.03305,121.55378,0
500101169,1,2024-07-24 06:00:32,49,25.03305,121.55378,0
500101169,1,2024-07-24 06:01:22,49,25.03305,121.55378,0
500101169,1,2024-07-24 06:02:22,49,25.03305,121.55378,0
500101169,1,2024-07-24 06:03:22,49,25.03305,121.55378,0
500101169,1,2024-07-24 06:04:22,49,25.03305,121.55378,0
500101169,1,2024-07-24 06:05:22,49,25.03305,121.55378,0
500101169,1,2024-07-24 06:06:22,49,25.03305,121.55378,0
500101169,1,2024-07-24 06:07:22,49,25.03305,121.55378,0
500101169,1,2024-07-24 06:08:21,49,25.03305,121.55378,0
500101169,1,2024-07-24 06:09:21,49,25.03305,121.55378,0
500101169,1,2024-07-24 06:10:28,49,25.03305,121.55378,0
500101169,1,2024-07-24 06:11:21,49,25.03305,121.55378,0
500101169,1,2024-07-24 06:12:21,49,25.03305,121.55378,0
500101169,1,2024-07-24 06:13:21,49,25.03305,121.55378,0
500101169,1,2024-07-24 06:14:24,49,25.03305,121.55378,0
500101169,1,2024-07-24 06:15:22,49,25.03305,121.55378,0
500101169,1,2024-07-24 06:16:21,49,25.03305,121.55378,0
500101169,1,2024-07-24 06:17:21,49,25.03305,121.55378,0
500101169,1,2024-07-24 06:18:22,49,25.03305,121.55378,0
500101169,1,2024-07-24 06:19:22,49,25.03305,121.55378,0
500101169,1,2024-07-24 06:20:28,49,25.03305,121.55378,0
500101169,1,2024-07-24 06:21:22,49,25.03305,121.55378,0
500101169,1,2024-07-24 06:22:22,49,25.03305,121.55378,0
500101169,1,2024-07-24 06:23:22,49,25.03305,121.55378,0
500101169,1,2024-07-24 06:24:21,49,25.03305,121.55378,0
500101169,1,2024-07-24 06:25:22,49,25.03305,121.55378,0
500101169,1,2024-07-24 06:26:22,49,25.03305,121.55378,0
500101169,1,2024-07-24 06:27:22,49,25.03305,121.55378,0
500101169,1,2024-07-24 06:28:22,49,25.03305,121.55378,0
500101169,1,2024-07-24 06:29:22,49,25.03305,121.55378,0
500101169,1,2024-07-24 06:30:27,49,25.03305,121.55378,0
500101169,1,2024-07-24 06:31:22,49,25.03305,121.55378,0
500101169,1,2024-07-24 06:32:22,49,25.03305,121.55378,0
500101169,1,2024-07-24 06:33:22,49,25.03305,121.55378,0
500101169,1,2024-07-24 06:34:21,49,25.03305,121.55378,0
500101169,1,2024-07-24 06:35:22,49,25.03305,121.55378,0
500101169,1,2024-07-24 06:36:21,49,25.03305,121.55378,0
500101169,1,2024-07-24 06:37:22,49,25.03305,121.55378,0
500101169,1,2024-07-24 06:38:21,49,25.03305,121.55378,0
500101169,1,2024-07-24 06:39:22,49,25.03305,121.55378,0
500101169,1,2024-07-24 06:40:28,49,25.03305,121.55378,0
500101169,1,2024-07-24 06:41:21,49,25.03305,121.55378,0
500101169,1,2024-07-24 06:42:22,49,25.03305,121.55378,0
500101169,1,2024-07-24 06:43:22,49,25.03305,121.55378,0
500101169,1,2024-07-24 06:44:22,49,25.03305,121.55378,0
500101169,1,2024-07-24 06:45:22,49,25.03305,121.55378,0
500101169,1,2024-07-24 06:46:22,49,25.03305,121.55378,0
500101169,1,2024-07-24 06:47:22,49,25.03305,121.55378,0
500101169,1,2024-07-24 06:48:21,49,25.03305,121.55378,0
500101169,1,2024-07-24 06:49:21,49,25.03305,121.55378,0
500101169,1,2024-07-24 06:50:27,49,25.03305,121.55378,0
500101169,1,2024-07-24 06:51:21,49,25.03305,121.55378,0
500101169,1,2024-07-24 06:52:21,49,25.03305,121.55378,0
500101169,1,2024-07-24 06:53:22,49,25.03305,121.55378,0
500101169,1,2024-07-24 06:54:21,49,25.03305,121.55378,0
500101169,1,2024-07-24 06:55:22,49,25.03305,121.55378,0
500101169,1,2024-07-24 06:56:21,49,25.03305,121.55378,0
500101169,1,2024-07-24 06:57:22,49,25.03305,121.55378,0
500101169,1,2024-07-24 06:58:22,49,25.03305,121.55378,0
500101169,1,2024-07-24 06:59:22,49,25.03305,121.55378,0
500101169,1,2024-07-24 07:00:28,49,25.03305,121.55378,0
500101169,1,2024-07-24 07:01:21,49,25.03305,121.55378,0
500101169,1,2024-07-24 07:02:22,49,25.03305,121.55378,0
500101169,1,2024-07-24 07:03:21,49,25.03305,121.55378,0
500101169,1,2024-07-24 07:04:22,49,25.03305,121.55378,0
500101169,1,2024-07-24 07:05:22,49,25.03305,121.55378,0
500101169,1,2024-07-24 07:06:21,49,25.03305,121.55378,0
500101169,1,2024-07-24 07:07:21,49,25.03305,121.55378,0
500101169,1,2024-07-24 07:08:22,49,25.03305,121.55378,0
500101169,1,2024-07-24 07:09:22,49,25.03305,121.55378,0
500101169,1,2024-07-24 07:10:28,49,25.03305,121.55378,0
500101169,1,2024-07-24 07:11:22,49,25.03305,121.55378,0
500101169,1,2024-07-24 07:12:21,49,25.03305,121.55378,0
500101169,1,2024-07-24 07:13:22,49,25.03305,121.55378,0
500101169,1,2024-07-24 07:14:22,49,25.03305,121.55378,0
500101169,1,2024-07-24 07:15:22,49,25.03305,121.55378,0
500101169,1,2024-07-24 07:16:22,49,25.03305,121.55378,0
500101169,1,2024-07-24 07:17:22,49,25.03305,121.55378,0
500101169,1,2024-07-24 07:18:21,49,25.03305,121.55378,0
500101169,1,2024-07-24 07:19:21,49,25.03305,121.55378,0
500101169,1,2024-07-24 07:20:27,49,25.03305,121.55378,0
500101169,1,2024-07-24 07:21:22,49,25.03305,121.55378,0
500101169,1,2024-07-24 07:22:21,49,25.03305,121.55378,0
500101169,1,2024-07-24 07:23:22,49,25.03305,121.55378,0
500101169,1,2024-07-24 07:24:22,49,25.03305,121.55378,0
500101169,1,2024-07-24 07:25:21,49,25.03305,121.55378,0
500101169,1,2024-07-24 07:26:22,49,25.03305,121.55378,0
500101169,1,2024-07-24 07:27:21,49,25.03305,121.55378,0
500101169,1,2024-07-24 07:28:21,49,25.03305,121.55378,0
500101169,1,2024-07-24 07:29:21,49,25.03305,121.55378,0
500101169,1,2024-07-24 07:30:27,49,25.03305,121.55378,0
500101169,1,2024-07-24 07:31:21,49,25.03305,121.55378,0
500101169,1,2024-07-24 07:32:22,49,25.03305,121.55378,0
500101169,1,2024-07-24 07:33:22,49,25.03305,121.55378,0
500101169,1,2024-07-24 07:34:22,49,25.03305,121.55378,0
500101169,1,2024-07-24 07:35:22,49,25.03305,121.55378,0
500101169,1,2024-07-24 07:36:22,49,25.03305,121.55378,0
500101169,1,2024-07-24 07:37:22,49,25.03305,121.55378,0
500101169,1,2024-07-24 07:38:22,49,25.03305,121.55378,0
500101169,1,2024-07-24 07:39:22,49,25.03305,121.55378,0
500101169,1,2024-07-24 07:40:28,49,25.03305,121.55378,0
500101169,1,2024-07-24 07:41:22,49,25.03305,121.55378,0
500101169,1,2024-07-24 07:42:22,49,25.03305,121.55378,0
500101169,1,2024-07-24 07:43:21,49,25.03305,121.55378,0
500101169,1,2024-07-24 07:44:22,49,25.03305,121.55378,0
500101169,1,2024-07-24 07:45:22,49,25.03305,121.55378,0
500101169,1,2024-07-24 07:46:21,49,25.03305,121.55378,0
500101169,1,2024-07-24 07:47:21,49,25.03305,121.55378,0
500101169,1,2024-07-24 07:48:21,49,25.03305,121.55378,0
500101169,1,2024-07-24 07:49:22,49,25.03305,121.55378,0
500101169,1,2024-07-24 07:50:28,49,25.03305,121.55378,0
500101169,1,2024-07-24 07:51:22,49,25.03305,121.55378,0
500101169,1,2024-07-24 07:52:22,49,25.03305,121.55378,0
500101169,1,2024-07-24 07:53:22,49,25.03305,121.55378,0
500101169,1,2024-07-24 07:54:21,49,25.03305,121.55378,0
500101169,1,2024-07-24 07:55:21,49,25.03305,121.55378,0
500101169,1,2024-07-24 07:56:22,49,25.03305,121.55378,0
500101169,1,2024-07-24 07:57:22,49,25.03305,121.55378,0
500101169,1,2024-07-24 07:58:22,49,25.03305,121.55378,0
500101169,1,2024-07-24 07:59:22,49,25.03305,121.55378,0
500101169,1,2024-07-24 08:00:28,49,25.03305,121.55378,0
500101169,1,2024-07-24 08:01:22,49,25.03305,121.55378,0
500101169,1,2024-07-24 08:02:22,49,25.03305,121.55378,0
500101169,1,2024-07-24 08:03:22,49,25.03305,121.55378,0
500101169,1,2024-07-24 08:04:22,49,25.03305,121.55378,0
500101169,1,2024-07-24 08:05:22,49,25.03305,121.55378,0
500101169,1,2024-07-24 08:06:22,49,25.03305,121.55378,0
500101169,1,2024-07-24 08:07:22,49,25.03305,121.55378,0
500101169,1,2024-07-24 08:08:21,49,25.03305,121.55378,0
500101169,1,2024-07-24 08:09:22,49,25.03305,121.55378,0
500101169,1,2024-07-24 08:10:28,49,25.03305,121.55378,0
500101169,1,2024-07-24 08:11:22,49,25.03305,121.55378,0
500101169,1,2024-07-24 08:12:22,49,25.03305,121.55378,0
500101169,1,2024-07-24 08:13:22,49,25.03305,121.55378,0
500101169,1,2024-07-24 08:14:22,49,25.03305,121.55378,0
500101169,1,2024-07-24 08:15:22,49,25.03305,121.55378,0
500101169,1,2024-07-24 08:16:22,49,25.03305,121.55378,0
500101169,1,2024-07-24 08:17:22,49,25.03305,121.55378,0
500101169,1,2024-07-24 08:18:22,49,25.03305,121.55378,0
500101169,1,2024-07-24 08:19:22,49,25.03305,121.55378,0
500101169,1,2024-07-24 08:20:28,49,25.03305,121.55378,0
500101169,1,2024-07-24 08:21:21,49,25.03305,121.55378,0
500101169,1,2024-07-24 08:22:22,49,25.03305,121.55378,0
500101169,1,2024-07-24 08:23:22,49,25.03305,121.55378,0
500101169,1,2024-07-24 08:24:22,49,25.03305,121.55378,0
500101169,1,2024-07-24 08:25:22,49,25.03305,121.55378,0
500101169,1,2024-07-24 08:26:21,49,25.03305,121.55378,0
500101169,1,2024-07-24 08:27:21,49,25.03305,121.55378,0
500101169,1,2024-07-24 08:28:22,49,25.03305,121.55378,0
500101169,1,2024-07-24 08:29:22,49,25.03305,121.55378,0
500101169,1,2024-07-24 08:30:27,49,25.03305,121.55378,0
500101169,1,2024-07-24 08:31:21,49,25.03305,121.55378,0
500101169,1,2024-07-24 08:32:22,49,25.03305,121.55378,0
500101169,1,2024-07-24 08:33:21,49,25.03305,121.55378,0
500101169,1,2024-07-24 08:34:22,49,25.03305,121.55378,0
500101169,1,2024-07-24 08:35:22,49,25.03305,121.55378,0
500101169,1,2024-07-24 08:37:22,49,25.03305,121.55378,0
500101169,1,2024-07-24 08:37:22,49,25.03305,121.55378,0
500101169,1,2024-07-24 08:39:21,49,25.03305,121.55378,0
500101169,1,2024-07-24 08:40:27,49,25.03305,121.55378,0
500101169,1,2024-07-24 08:41:22,49,25.03305,121.55378,0
500101169,1,2024-07-24 08:42:21,49,25.03305,121.55378,0
500101169,1,2024-07-24 08:43:22,49,25.03305,121.55378,0
500101169,1,2024-07-24 08:44:23,49,25.03305,121.55378,0
500101169,1,2024-07-24 08:45:22,49,25.03305,121.55378,0
500101169,1,2024-07-24 08:46:22,49,25.03305,121.55378,0
500101169,1,2024-07-24 08:47:22,49,25.03305,121.55378,0
500101169,1,2024-07-24 08:48:22,49,25.03305,121.55378,0
500101169,1,2024-07-24 08:49:22,49,25.03305,121.55378,0
500101169,1,2024-07-24 08:50:27,49,25.03305,121.55378,0
500101169,1,2024-07-24 08:51:22,49,25.03305,121.55378,0
500101169,1,2024-07-24 08:52:22,49,25.03305,121.55378,0
500101169,1,2024-07-24 08:53:22,49,25.03305,121.55378,0
500101169,1,2024-07-24 08:54:22,49,25.03305,121.55378,0
500101169,1,2024-07-24 08:55:22,49,25.03305,121.55378,0
500101169,1,2024-07-24 08:56:22,49,25.03305,121.55378,0
500101169,1,2024-07-24 08:57:22,49,25.03305,121.55378,0
500101169,1,2024-07-24 08:58:22,49,25.03305,121.55378,0
500101169,1,2024-07-24 08:59:22,49,25.03305,121.55378,0
500101169,1,2024-07-24 09:00:28,49,25.03305,121.55378,0
500101169,1,2024-07-24 09:01:22,49,25.03305,121.55378,0
500101169,1,2024-07-24 09:02:22,49,25.03305,121.55378,0
500101169,1,2024-07-24 09:03:22,49,25.03305,121.55378,0
500101169,1,2024-07-24 09:04:21,49,25.03305,121.55378,0
500101169,1,2024-07-24 09:05:22,49,25.03305,121.55378,0
500101169,1,2024-07-24 09:06:22,49,25.03305,121.55378,0
500101169,1,2024-07-24 09:07:21,49,25.03305,121.55378,0
500101169,1,2024-07-24 09:08:21,49,25.03305,121.55378,0
500101169,1,2024-07-24 09:09:22,49,25.03305,121.55378,0
500101169,1,2024-07-24 09:10:28,49,25.03305,121.55378,0
500101169,1,2024-07-24 09:11:22,49,25.03305,121.55378,0
500101169,1,2024-07-24 09:12:22,49,25.03305,121.55378,0
500101169,1,2024-07-24 09:13:22,49,25.03305,121.55378,0
500101169,1,2024-07-24 09:14:22,49,25.03305,121.55378,0
500101169,1,2024-07-24 09:15:22,49,25.03305,121.55378,0
500101169,1,2024-07-24 09:16:22,49,25.03305,121.55378,0
500101169,1,2024-07-24 09:17:22,49,25.03305,121.55378,0
500101169,1,2024-07-24 09:18:22,49,25.03305,121.55378,0
500101169,1,2024-07-24 09:19:22,49,25.03305,121.55378,0
500101169,1,2024-07-24 09:20:28,49,25.03305,121.55378,0
500101169,1,2024-07-24 09:21:22,49,25.03305,121.55378,0
500101169,1,2024-07-24 09:22:22,49,25.03305,121.55378,0
500101169,1,2024-07-24 09:23:22,49,25.03305,121.55378,0
500101169,1,2024-07-24 09:24:22,49,25.03305,121.55378,0
500101169,1,2024-07-24 09:25:22,49,25.03305,121.55378,0
500101169,1,2024-07-24 09:26:22,49,25.03305,121.55378,0
500101169,1,2024-07-24 09:27:22,49,25.03305,121.55378,0
500101169,1,2024-07-24 09:28:21,49,25.03305,121.55378,0
500101169,1,2024-07-24 09:29:21,49,25.03305,121.55378,0
500101169,1,2024-07-24 09:30:27,49,25.03305,121.55378,0
500101169,1,2024-07-24 09:31:22,49,25.03305,121.55378,0
500101169,1,2024-07-24 09:32:22,49,25.03305,121.55378,0
500101169,1,2024-07-24 09:33:22,49,25.03305,121.55378,0
500101169,1,2024-07-24 09:34:22,49,25.03305,121.55378,0
500101169,1,2024-07-24 09:35:22,49,25.03305,121.55378,0
500101169,1,2024-07-24 09:36:21,49,25.03305,121.55378,0
500101169,1,2024-07-24 09:37:22,49,25.03305,121.55378,0
500101169,1,2024-07-24 09:38:22,49,25.03305,121.55378,0
500101169,1,2024-07-24 09:39:22,49,25.03305,121.55378,0
500101169,1,2024-07-24 09:40:27,49,25.03305,121.55378,0
500101169,1,2024-07-24 09:41:22,49,25.03305,121.55378,0
500101169,1,2024-07-24 09:42:21,49,25.03305,121.55378,0
500101169,1,2024-07-24 09:43:21,49,25.03305,121.55378,0
500101169,1,2024-07-24 09:44:21,49,25.03305,121.55378,0
500101169,1,2024-07-24 09:45:22,49,25.03305,121.55378,0
500101169,1,2024-07-24 09:46:21,49,25.03305,121.55378,0
500101169,1,2024-07-24 09:47:21,49,25.03305,121.55378,0
500101169,1,2024-07-24 09:48:22,49,25.03305,121.55378,0
500101169,1,2024-07-24 09:49:22,49,25.03305,121.55378,0
500101169,1,2024-07-24 09:50:27,49,25.03305,121.55378,0
500101169,1,2024-07-24 09:51:21,49,25.03305,121.55378,0
500101169,1,2024-07-24 09:52:21,49,25.03305,121.55378,0
500101169,1,2024-07-24 09:53:22,49,25.03305,121.55378,0
500101169,1,2024-07-24 09:54:22,49,25.03305,121.55378,0
500101169,1,2024-07-24 09:55:22,49,25.03305,121.55378,0
500101169,1,2024-07-24 09:56:21,49,25.03305,121.55378,0
500101169,1,2024-07-24 09:57:22,49,25.03305,121.55378,0
500101169,1,2024-07-24 09:58:21,49,25.03305,121.55378,0
500101169,1,2024-07-24 09:59:22,49,25.03305,121.55378,0
500101169,1,2024-07-24 10:00:27,49,25.03305,121.55378,0
500101169,1,2024-07-24 10:01:22,49,25.03305,121.55378,0
500101169,1,2024-07-24 10:02:22,49,25.03305,121.55378,0
500101169,1,2024-07-24 10:03:22,49,25.03305,121.55378,0
500101169,1,2024-07-24 10:04:22,49,25.03305,121.55378,0
500101169,1,2024-07-24 10:05:23,49,25.03305,121.55378,0
500101169,1,2024-07-24 10:06:22,49,25.03305,121.55378,0
500101169,1,2024-07-24 10:07:22,49,25.03305,121.55378,0
500101169,1,2024-07-24 10:08:22,49,25.03305,121.55378,0
500101169,1,2024-07-24 10:09:21,49,25.03305,121.55378,0
500101169,1,2024-07-24 10:10:28,49,25.03305,121.55378,0
500101169,1,2024-07-24 10:11:22,49,25.03305,121.55378,0
500101169,1,2024-07-24 10:12:21,49,25.03305,121.55378,0
500101169,1,2024-07-24 10:13:22,49,25.03305,121.55378,0
500101169,1,2024-07-24 10:14:22,49,25.03305,121.55378,0
500101169,1,2024-07-24 10:15:22,49,25.03305,121.55378,0
500101169,1,2024-07-24 10:17:21,49,25.03305,121.55378,0
500101169,1,2024-07-24 10:18:21,49,25.03305,121.55378,0
500101169,1,2024-07-24 10:19:22,49,25.03305,121.55378,0
500101169,1,2024-07-24 10:20:28,49,25.03305,121.55378,0
500101169,1,2024-07-24 10:21:21,49,25.03305,121.55378,0
500101169,1,2024-07-24 10:22:22,49,25.03305,121.55378,0
500101169,1,2024-07-24 10:23:22,49,25.03305,121.55378,0
500101169,1,2024-07-24 10:24:22,49,25.03305,121.55378,0
500101169,1,2024-07-24 10:25:22,49,25.03305,121.55378,0
500101169,1,2024-07-24 10:26:22,49,25.03305,121.55378,0
500101169,1,2024-07-24 10:27:22,49,25.03305,121.55378,0
500101169,0,2024-07-24 10:28:22,49,25.03305,121.55378,0
500101169,0,2024-07-24 10:29:22,49,25.03305,121.55378,0
500101169,0,2024-07-24 10:30:29,49,25.03305,121.55378,0
500101169,0,2024-07-24 10:31:23,49,25.03305,121.55378,0
500101169,0,2024-07-24 10:32:23,49,25.03305,121.55378,0
500101169,0,2024-07-24 10:33:22,49,25.03305,121.55378,0
500101169,0,2024-07-24 10:34:22,49,25.03305,121.55378,0
500101169,0,2024-07-24 10:35:22,49,25.03305,121.55378,0
500101169,0,2024-07-24 10:36:22,49,25.03305,121.55378,0
500101169,0,2024-07-24 10:37:22,49,25.03305,121.55378,0
500101169,0,2024-07-24 10:38:22,49,25.03305,121.55378,0
500101169,0,2024-07-24 10:39:22,49,25.03305,121.55378,0
500101169,0,2024-07-24 10:40:27,49,25.03305,121.55378,0
500101169,0,2024-07-24 10:41:22,49,25.03305,121.55378,0
500101169,0,2024-07-24 10:42:21,49,25.03305,121.55378,0
500101169,0,2024-07-24 10:43:20,49,25.03305,121.55378,0
500101169,0,2024-07-24 10:44:22,49,25.03305,121.55378,0
500101169,0,2024-07-24 10:45:22,49,25.03305,121.55378,0
500101169,0,2024-07-24 10:46:22,49,25.03305,121.55378,0
500101169,0,2024-07-24 10:47:22,49,25.03305,121.55378,0
500101169,0,2024-07-24 10:48:21,49,25.03305,121.55378,0
500101169,0,2024-07-24 10:49:21,49,25.03305,121.55378,0
500101169,0,2024-07-24 10:50:27,49,25.03305,121.55378,0
500101169,0,2024-07-24 10:51:22,49,25.03305,121.55378,0
500101169,0,2024-07-24 10:52:21,49,25.03305,121.55378,0
500101169,0,2024-07-24 10:53:22,49,25.03305,121.55378,0
500101169,0,2024-07-24 10:54:21,49,25.03305,121.55378,0
500101169,0,2024-07-24 10:55:22,49,25.03305,121.55378,0
500101169,0,2024-07-24 10:56:22,49,25.03305,121.55378,0
500101169,0,2024-07-24 10:57:21,49,25.03305,121.55378,0
500101169,0,2024-07-24 10:58:22,49,25.03305,121.55378,0
500101169,0,2024-07-24 10:59:22,49,25.03305,121.55378,0
500101169,0,2024-07-24 11:00:28,49,25.03305,121.55378,0
500101169,0,2024-07-24 11:01:22,49,25.03305,121.55378,0
500101169,0,2024-07-24 11:02:22,49,25.03305,121.55378,0
500101169,0,2024-07-24 11:03:22,49,25.03305,121.55378,0
500101169,0,2024-07-24 11:04:22,49,25.03305,121.55378,0
500101169,0,2024-07-24 11:05:22,49,25.03305,121.55378,0
500101169,0,2024-07-24 11:06:22,49,25.03305,121.55378,0
500101169,0,2024-07-24 11:07:22,49,25.03305,121.55378,0
500101169,0,2024-07-24 11:08:21,49,25.03305,121.55378,0
500101169,0,2024-07-24 11:09:22,49,25.03305,121.55378,0
500101169,0,2024-07-24 11:10:28,49,25.03305,121.55378,0
500101169,0,2024-07-24 11:11:21,49,25.03305,121.55378,0
500101169,0,2024-07-24 11:12:22,49,25.03305,121.55378,0
500101169,0,2024-07-24 11:13:21,49,25.03305,121.55378,0
500101169,0,2024-07-24 11:14:22,49,25.03305,121.55378,0
500101169,0,2024-07-24 11:15:21,49,25.03305,121.55378,0
500101169,0,2024-07-24 11:16:22,49,25.03305,121.55378,0
500101169,0,2024-07-24 11:17:22,49,25.03305,121.55378,0
500101169,0,2024-07-24 11:18:22,49,25.03305,121.55378,0
500101169,0,2024-07-24 11:19:21,49,25.03305,121.55378,0
500101169,0,2024-07-24 11:20:28,49,25.03305,121.55378,0
500101169,0,2024-07-24 11:21:22,49,25.03305,121.55378,0
500101169,0,2024-07-24 11:22:21,49,25.03305,121.55378,0
500101169,0,2024-07-24 11:23:22,49,25.03305,121.55378,0
500101169,0,2024-07-24 11:24:21,49,25.03305,121.55378,0
500101169,0,2024-07-24 11:25:22,49,25.03305,121.55378,0
500101169,0,2024-07-24 11:26:22,49,25.03305,121.55378,0
500101169,0,2024-07-24 11:27:22,49,25.03305,121.55378,0
500101169,0,2024-07-24 11:28:21,49,25.03305,121.55378,0
500101169,0,2024-07-24 11:29:22,49,25.03305,121.55378,0
500101169,0,2024-07-24 11:30:27,49,25.03305,121.55378,0
500101169,0,2024-07-24 11:31:22,49,25.03305,121.55378,0
500101169,0,2024-07-24 11:32:21,49,25.03305,121.55378,0
500101169,0,2024-07-24 11:33:22,49,25.03305,121.55378,0
500101169,0,2024-07-24 11:34:21,49,25.03305,121.55378,0
500101169,0,2024-07-24 11:35:22,49,25.03305,121.55378,0
500101169,0,2024-07-24 11:36:21,49,25.03305,121.55378,0
500101169,0,2024-07-24 11:37:22,49,25.03305,121.55378,0
500101169,0,2024-07-24 11:38:22,49,25.03305,121.55378,0
500101169,0,2024-07-24 11:39:22,49,25.03305,121.55378,0
500101169,0,2024-07-24 11:40:27,49,25.03305,121.55378,0
500101169,0,2024-07-24 11:41:22,49,25.03305,121.55378,0
500101169,0,2024-07-24 11:42:21,49,25.03305,121.55378,0
500101169,0,2024-07-24 11:43:21,49,25.03305,121.55378,0
500101169,0,2024-07-24 11:44:22,49,25.03305,121.55378,0
500101169,0,2024-07-24 11:45:21,49,25.03305,121.55378,0
500101169,0,2024-07-24 11:46:22,49,25.03305,121.55378,0
500101169,0,2024-07-24 11:47:22,49,25.03305,121.55378,0
500101169,0,2024-07-24 11:48:21,49,25.03305,121.55378,0
500101169,0,2024-07-24 11:49:22,49,25.03305,121.55378,0
500101169,0,2024-07-24 11:50:28,49,25.03305,121.55378,0
500101169,0,2024-07-24 11:51:22,49,25.03305,121.55378,0
500101169,0,2024-07-24 11:52:22,49,25.03305,121.55378,0
500101169,0,2024-07-24 11:53:21,49,25.03305,121.55378,0
500101169,0,2024-07-24 11:54:22,49,25.03305,121.55378,0
500101169,0,2024-07-24 11:55:22,49,25.03305,121.55378,0
500101169,0,2024-07-24 11:56:21,49,25.03305,121.55378,0
500101169,0,2024-07-24 11:57:21,49,25.03305,121.55378,0
500101169,0,2024-07-24 11:58:21,49,25.03305,121.55378,0
500101169,0,2024-07-24 11:59:21,49,25.03305,121.55378,0
500101169,0,2024-07-24 12:00:27,49,25.03305,121.55378,0
500101169,0,2024-07-24 12:01:21,49,25.03305,121.55378,0
500101169,0,2024-07-24 12:02:21,49,25.03305,121.55378,0
500101169,0,2024-07-24 12:03:21,49,25.03305,121.55378,0
500101169,0,2024-07-24 12:04:21,49,25.03305,121.55378,0
500101169,0,2024-07-24 12:05:21,49,25.03305,121.55378,0
500101169,0,2024-07-24 12:06:22,49,25.03305,121.55378,0
500101169,0,2024-07-24 12:07:22,49,25.03305,121.55378,0
500101169,0,2024-07-24 12:08:21,49,25.03305,121.55378,0
500101169,0,2024-07-24 12:09:22,49,25.03305,121.55378,0
500101169,0,2024-07-24 12:10:27,49,25.03305,121.55378,0
500101169,0,2024-07-24 12:11:21,49,25.03305,121.55378,0
500101169,0,2024-07-24 12:12:21,49,25.03305,121.55378,0
500101169,0,2024-07-24 12:13:22,49,25.03305,121.55378,0
500101169,0,2024-07-24 12:14:22,49,25.03305,121.55378,0
500101169,0,2024-07-24 12:15:22,49,25.03305,121.55378,0
500101169,0,2024-07-24 12:16:21,49,25.03305,121.55378,0
500101169,0,2024-07-24 12:17:21,49,25.03305,121.55378,0
500101169,0,2024-07-24 12:18:22,49,25.03305,121.55378,0
500101169,0,2024-07-24 12:19:21,49,25.03305,121.55378,0
500101169,0,2024-07-24 12:20:28,49,25.03305,121.55378,0
500101169,0,2024-07-24 12:21:21,49,25.03305,121.55378,0
500101169,0,2024-07-24 12:22:22,49,25.03305,121.55378,0
500101169,0,2024-07-24 12:23:21,49,25.03305,121.55378,0
500101169,0,2024-07-24 12:24:22,49,25.03305,121.55378,0
500101169,0,2024-07-24 12:25:21,49,25.03305,121.55378,0
500101169,0,2024-07-24 12:26:22,49,25.03305,121.55378,0
500101169,0,2024-07-24 12:27:22,49,25.03305,121.55378,0
500101169,0,2024-07-24 12:28:22,49,25.03305,121.55378,0
500101169,0,2024-07-24 12:29:22,49,25.03305,121.55378,0
500101169,0,2024-07-24 12:30:27,49,25.03305,121.55378,0
500101169,0,2024-07-24 12:31:22,49,25.03305,121.55378,0
500101169,0,2024-07-24 12:32:22,49,25.03305,121.55378,0
500101169,0,2024-07-24 12:33:22,49,25.03305,121.55378,0
500101169,0,2024-07-24 12:34:22,49,25.03305,121.55378,0
500101169,0,2024-07-24 12:35:22,49,25.03305,121.55378,0
500101169,0,2024-07-24 12:36:22,49,25.03305,121.55378,0
500101169,0,2024-07-24 12:37:22,49,25.03305,121.55378,0
500101169,0,2024-07-24 12:38:21,49,25.03305,121.55378,0
500101169,0,2024-07-24 12:39:22,49,25.03305,121.55378,0
500101169,0,2024-07-24 12:40:28,49,25.03305,121.55378,0
500101169,0,2024-07-24 12:41:22,49,25.03305,121.55378,0
500101169,0,2024-07-24 12:42:22,49,25.03305,121.55378,0
500101169,0,2024-07-24 12:43:21,49,25.03305,121.55378,0
500101169,0,2024-07-24 12:44:22,49,25.03305,121.55378,0
500101169,0,2024-07-24 12:45:21,49,25.03305,121.55378,0
500101169,0,2024-07-24 12:46:22,49,25.03305,121.55378,0
500101169,0,2024-07-24 12:47:22,49,25.03305,121.55378,0
500101169,0,2024-07-24 12:48:22,49,25.03305,121.55378,0
500101169,0,2024-07-24 12:49:21,49,25.03305,121.55378,0
500101169,0,2024-07-24 12:50:27,49,25.03305,121.55378,0
500101169,0,2024-07-24 12:51:22,49,25.03305,121.55378,0
500101169,0,2024-07-24 12:52:22,49,25.03305,121.55378,0
500101169,0,2024-07-24 12:53:22,49,25.03305,121.55378,0
500101169,0,2024-07-24 12:54:22,49,25.03305,121.55378,0
500101169,0,2024-07-24 12:55:22,49,25.03305,121.55378,0
500101169,0,2024-07-24 12:56:22,49,25.03305,121.55378,0
500101169,0,2024-07-24 12:57:22,49,25.03305,121.55378,0
500101169,0,2024-07-24 12:58:21,49,25.03305,121.55378,0
500101169,0,2024-07-24 12:59:22,49,25.03305,121.55378,0
500101169,0,2024-07-24 13:00:27,49,25.03305,121.55378,0
500101169,0,2024-07-24 13:01:21,49,25.03305,121.55378,0
500101169,0,2024-07-24 13:02:21,49,25.03305,121.55378,0
500101169,0,2024-07-24 13:03:22,49,25.03305,121.55378,0
500101169,0,2024-07-24 13:04:22,49,25.03305,121.55378,0
500101169,0,2024-07-24 13:05:21,49,25.03305,121.55378,0
500101169,0,2024-07-24 13:06:22,49,25.03305,121.55378,0
500101169,0,2024-07-24 13:07:21,49,25.03305,121.55378,0
500101169,0,2024-07-24 13:08:22,49,25.03305,121.55378,0
500101169,0,2024-07-24 13:09:22,49,25.03305,121.55378,0
500101169,0,2024-07-24 13:10:27,49,25.03305,121.55378,0
500101169,0,2024-07-24 13:11:22,49,25.03305,121.55378,0
500101169,0,2024-07-24 13:12:21,49,25.03305,121.55378,0
500101169,0,2024-07-24 13:13:22,49,25.03305,121.55378,0
500101169,0,2024-07-24 13:15:22,49,25.03305,121.55378,0
500101169,0,2024-07-24 13:16:21,49,25.03305,121.55378,0
500101169,0,2024-07-24 13:17:22,49,25.03305,121.55378,0
500101169,0,2024-07-24 13:18:21,49,25.03305,121.55378,0
500101169,0,2024-07-24 13:19:22,49,25.03305,121.55378,0
500101169,0,2024-07-24 13:20:28,49,25.03305,121.55378,0
500101169,0,2024-07-24 13:21:22,49,25.03305,121.55378,0
500101169,0,2024-07-24 13:22:21,49,25.03305,121.55378,0
500101169,0,2024-07-24 13:23:22,49,25.03305,121.55378,0
500101169,0,2024-07-24 13:24:22,49,25.03305,121.55378,0
500101169,0,2024-07-24 13:25:21,49,25.03305,121.55378,0
500101169,0,2024-07-24 13:26:22,49,25.03305,121.55378,0
500101169,0,2024-07-24 13:27:21,49,25.03305,121.55378,0
500101169,0,2024-07-24 13:27:21,49,25.03305,121.55378,0
500101169,0,2024-07-24 13:29:22,49,25.03305,121.55378,0
500101169,0,2024-07-24 13:30:27,49,25.03305,121.55378,0
500101169,0,2024-07-24 13:31:21,49,25.03305,121.55378,0
500101169,0,2024-07-24 13:32:22,49,25.03305,121.55378,0
500101169,0,2024-07-24 13:33:21,49,25.03305,121.55378,0
500101169,0,2024-07-24 13:34:22,49,25.03305,121.55378,0
500101169,0,2024-07-24 13:35:21,49,25.03305,121.55378,0
500101169,0,2024-07-24 13:36:21,49,25.03305,121.55378,0
500101169,0,2024-07-24 13:37:22,49,25.03305,121.55378,0
500101169,0,2024-07-24 13:38:21,49,25.03305,121.55378,0
500101169,0,2024-07-24 13:39:22,49,25.03305,121.55378,0
500101169,0,2024-07-24 13:40:27,49,25.03305,121.55378,0
500101169,0,2024-07-24 13:41:22,49,25.03305,121.55378,0
500101169,0,2024-07-24 13:42:22,49,25.03305,121.55378,0
500101169,0,2024-07-24 13:43:21,49,25.03305,121.55378,0
500101169,0,2024-07-24 13:44:22,49,25.03305,121.55378,0
500101169,0,2024-07-24 13:45:22,49,25.03305,121.55378,0
500101169,0,2024-07-24 13:46:21,49,25.03305,121.55378,0
500101169,0,2024-07-24 13:47:22,49,25.03305,121.55378,0
500101169,0,2024-07-24 13:48:22,49,25.03305,121.55378,0
500101169,0,2024-07-24 13:49:22,49,25.03305,121.55378,0
500101169,0,2024-07-24 13:50:27,49,25.03305,121.55378,0
500101169,0,2024-07-24 13:51:22,49,25.03305,121.55378,0
500101169,0,2024-07-24 13:52:22,49,25.03305,121.55378,0
500101169,0,2024-07-24 13:53:22,49,25.03305,121.55378,0
500101169,0,2024-07-24 13:54:22,49,25.03305,121.55378,0
500101169,0,2024-07-24 13:55:22,49,25.03305,121.55378,0
500101169,0,2024-07-24 13:56:22,49,25.03305,121.55378,0
500101169,0,2024-07-24 13:57:21,49,25.03305,121.55378,0
500101169,0,2024-07-24 13:58:22,49,25.03305,121.55378,0
500101169,0,2024-07-24 13:59:22,49,25.03305,121.55378,0
500101169,0,2024-07-24 14:00:27,49,25.03305,121.55378,0
500101169,0,2024-07-24 14:01:22,49,25.03305,121.55378,0
500101169,0,2024-07-24 14:02:22,49,25.03305,121.55378,0
500101169,0,2024-07-24 14:03:22,49,25.03305,121.55378,0
500101169,0,2024-07-24 14:04:22,49,25.03305,121.55378,0
500101169,0,2024-07-24 14:05:23,49,25.03305,121.55378,0
500101169,0,2024-07-24 14:06:22,49,25.03305,121.55378,0
500101169,0,2024-07-24 14:07:22,49,25.03305,121.55378,0
500101169,0,2024-07-24 14:08:22,49,25.03305,121.55378,0
500101169,0,2024-07-24 14:09:22,49,25.03305,121.55378,0
500101169,0,2024-07-24 14:10:28,49,25.03305,121.55378,0
500101169,0,2024-07-24 14:11:22,49,25.03305,121.55378,0
500101169,0,2024-07-24 14:12:21,49,25.03305,121.55378,0
500101169,0,2024-07-24 14:13:22,49,25.03305,121.55378,0
500101169,0,2024-07-24 14:14:22,49,25.03305,121.55378,0
500101169,0,2024-07-24 14:15:20,49,25.03305,121.55378,0
500101169,0,2024-07-24 14:16:22,49,25.03305,121.55378,0
500101169,0,2024-07-24 14:17:22,49,25.03305,121.55378,0
500101169,0,2024-07-24 14:18:22,49,25.03305,121.55378,0
500101169,0,2024-07-24 14:19:21,49,25.03305,121.55378,0
500101169,0,2024-07-24 14:20:27,49,25.03305,121.55378,0
500101169,0,2024-07-24 14:21:22,49,25.03305,121.55378,0
500101169,0,2024-07-24 14:22:22,49,25.03305,121.55378,0
500101169,0,2024-07-24 14:23:21,49,25.03305,121.55378,0
500101169,0,2024-07-24 14:24:21,49,25.03305,121.55378,0
500101169,0,2024-07-24 14:25:22,49,25.03305,121.55378,0
500101169,0,2024-07-24 14:26:21,49,25.03305,121.55378,0
500101169,0,2024-07-24 14:27:21,49,25.03305,121.55378,0
500101169,0,2024-07-24 14:28:22,49,25.03305,121.55378,0
500101169,0,2024-07-24 14:29:22,49,25.03305,121.55378,0
500101169,0,2024-07-24 14:30:28,49,25.03305,121.55378,0
500101169,0,2024-07-24 14:31:22,49,25.03305,121.55378,0
500101169,0,2024-07-24 14:32:22,49,25.03305,121.55378,0
500101169,0,2024-07-24 14:33:22,49,25.03305,121.55378,0
500101169,0,2024-07-24 14:34:21,49,25.03305,121.55378,0
500101169,0,2024-07-24 14:35:22,49,25.03305,121.55378,0
500101169,0,2024-07-24 14:36:21,49,25.03305,121.55378,0
500101169,0,2024-07-24 14:37:22,49,25.03305,121.55378,0
500101169,0,2024-07-24 14:38:21,49,25.03305,121.55378,0
500101169,0,2024-07-24 14:39:21,49,25.03305,121.55378,0
500101169,0,2024-07-24 14:40:27,49,25.03305,121.55378,0
500101169,0,2024-07-24 14:41:22,49,25.03305,121.55378,0
500101169,0,2024-07-24 14:42:22,49,25.03305,121.55378,0
500101169,0,2024-07-24 14:43:22,49,25.03305,121.55378,0
500101169,0,2024-07-24 14:44:22,49,25.03305,121.55378,0
500101169,0,2024-07-24 14:45:22,49,25.03305,121.55378,0
500101169,0,2024-07-24 14:46:21,49,25.03305,121.55378,0
500101169,0,2024-07-24 14:47:22,49,25.03305,121.55378,0
500101169,0,2024-07-24 14:48:22,49,25.03305,121.55378,0
500101169,0,2024-07-24 14:49:21,49,25.03305,121.55378,0
500101169,0,2024-07-24 14:50:28,49,25.03305,121.55378,0
500101169,0,2024-07-24 14:51:22,49,25.03305,121.55378,0
500101169,0,2024-07-24 14:52:22,49,25.03305,121.55378,0
500101169,0,2024-07-24 14:53:22,49,25.03305,121.55378,0
500101169,0,2024-07-24 14:54:22,49,25.03305,121.55378,0
500101169,0,2024-07-24 14:55:21,49,25.03305,121.55378,0
500101169,0,2024-07-24 14:56:22,49,25.03305,121.55378,0
500101169,0,2024-07-24 14:57:21,49,25.03305,121.55378,0
500101169,0,2024-07-24 14:58:22,49,25.03305,121.55378,0
500101169,0,2024-07-24 14:59:22,49,25.03305,121.55378,0
500101169,0,2024-07-24 15:00:27,49,25.03305,121.55378,0
500101169,0,2024-07-24 15:01:22,49,25.03305,121.55378,0
500101169,0,2024-07-24 15:02:21,49,25.03305,121.55378,0
500101169,0,2024-07-24 15:03:21,49,25.03305,121.55378,0
500101169,0,2024-07-24 15:04:22,49,25.03305,121.55378,0
500101169,0,2024-07-24 15:05:21,49,25.03305,121.55378,0
500101169,0,2024-07-24 15:06:22,49,25.03305,121.55378,0
500101169,0,2024-07-24 15:07:22,49,25.03305,121.55378,0
500101169,0,2024-07-24 15:08:22,49,25.03305,121.55378,0
500101169,0,2024-07-24 15:09:22,49,25.03305,121.55378,0
500101169,0,2024-07-24 15:10:28,49,25.03305,121.55378,0
500101169,0,2024-07-24 15:11:22,49,25.03305,121.55378,0
500101169,0,2024-07-24 15:12:21,49,25.03305,121.55378,0
500101169,0,2024-07-24 15:13:22,49,25.03305,121.55378,0
500101169,0,2024-07-24 15:14:22,49,25.03305,121.55378,0
500101169,0,2024-07-24 15:15:22,49,25.03305,121.55378,0
500101169,0,2024-07-24 15:16:22,49,25.03305,121.55378,0
500101169,0,2024-07-24 15:17:21,49,25.03305,121.55378,0
500101169,0,2024-07-24 15:18:22,49,25.03305,121.55378,0
500101169,0,2024-07-24 15:19:22,49,25.03305,121.55378,0
500101169,0,2024-07-24 15:20:31,49,25.03305,121.55378,0
500101169,0,2024-07-24 15:21:22,49,25.03305,121.55378,0
500101169,0,2024-07-24 15:22:22,49,25.03305,121.55378,0
500101169,0,2024-07-24 15:23:21,49,25.03305,121.55378,0
500101169,0,2024-07-24 15:24:21,49,25.03305,121.55378,0
500101169,0,2024-07-24 15:25:22,49,25.03305,121.55378,0
500101169,0,2024-07-24 15:26:22,49,25.03305,121.55378,0
500101169,0,2024-07-24 15:27:21,49,25.03305,121.55378,0
500101169,0,2024-07-24 15:28:21,49,25.03305,121.55378,0
500101169,0,2024-07-24 15:29:22,49,25.03305,121.55378,0
500101169,0,2024-07-24 15:30:28,49,25.03305,121.55378,0
500101169,0,2024-07-24 15:31:21,49,25.03305,121.55378,0
500101169,0,2024-07-24 15:32:21,49,25.03305,121.55378,0
500101169,0,2024-07-24 15:33:21,49,25.03305,121.55378,0
500101169,0,2024-07-24 15:34:22,49,25.03305,121.55378,0
500101169,0,2024-07-24 15:35:22,49,25.03305,121.55378,0
500101169,0,2024-07-24 15:36:21,49,25.03305,121.55378,0
500101169,0,2024-07-24 15:37:22,49,25.03305,121.55378,0
500101169,0,2024-07-24 15:38:22,49,25.03305,121.55378,0
500101169,0,2024-07-24 15:39:22,49,25.03305,121.55378,0
500101169,0,2024-07-24 15:40:28,49,25.03305,121.55378,0
500101169,0,2024-07-24 15:41:21,49,25.03305,121.55378,0
500101169,0,2024-07-24 15:42:22,49,25.03305,121.55378,0
500101169,0,2024-07-24 15:43:22,49,25.03305,121.55378,0
500101169,0,2024-07-24 15:44:22,49,25.03305,121.55378,0
500101169,0,2024-07-24 15:45:21,49,25.03305,121.55378,0
500101169,0,2024-07-24 15:46:21,49,25.03305,121.55378,0
500101169,0,2024-07-24 15:47:22,49,25.03305,121.55378,0
500101169,0,2024-07-24 15:48:22,49,25.03305,121.55378,0
500101169,0,2024-07-24 15:49:22,49,25.03305,121.55378,0
500101169,0,2024-07-24 15:50:28,49,25.03305,121.55378,0
500101169,0,2024-07-24 15:51:21,49,25.03305,121.55378,0
500101169,0,2024-07-24 15:52:21,49,25.03305,121.55378,0
500101169,0,2024-07-24 15:53:21,49,25.03305,121.55378,0
500101169,0,2024-07-24 15:54:22,49,25.03305,121.55378,0
500101169,0,2024-07-24 15:55:22,49,25.03305,121.55378,0
500101169,0,2024-07-24 15:56:22,49,25.03305,121.55378,0
500101169,0,2024-07-24 15:57:21,49,25.03305,121.55378,0
500101169,0,2024-07-24 15:58:22,49,25.03305,121.55378,0
500101169,0,2024-07-24 15:59:21,49,25.03305,121.55378,0
500101169,0,2024-07-24 16:00:27,49,25.03305,121.55378,0
500101169,0,2024-07-24 16:01:21,49,25.03305,121.55378,0
500101169,0,2024-07-24 16:02:21,49,25.03305,121.55378,0
500101169,0,2024-07-24 16:03:21,49,25.03305,121.55378,0
500101169,0,2024-07-24 16:04:21,49,25.03305,121.55378,0
500101169,0,2024-07-24 16:05:21,49,25.03305,121.55378,0
500101169,0,2024-07-24 16:07:22,49,25.03305,121.55378,0
500101169,0,2024-07-24 16:08:22,49,25.03305,121.55378,0
500101169,0,2024-07-24 16:09:22,49,25.03305,121.55378,0
500101169,0,2024-07-24 16:10:28,49,25.03305,121.55378,0
500101169,0,2024-07-24 16:11:21,49,25.03305,121.55378,0
500101169,0,2024-07-24 16:12:21,49,25.03305,121.55378,0
500101169,0,2024-07-24 16:13:22,49,25.03305,121.55378,0
500101169,0,2024-07-24 16:14:21,49,25.03305,121.55378,0
500101169,0,2024-07-24 16:15:21,49,25.03305,121.55378,0
500101169,0,2024-07-24 16:16:22,49,25.03305,121.55378,0
500101169,0,2024-07-24 16:17:21,49,25.03305,121.55378,0
500101169,0,2024-07-24 16:18:22,49,25.03305,121.55378,0
500101169,0,2024-07-24 16:19:22,49,25.03305,121.55378,0
500101169,0,2024-07-24 16:20:28,49,25.03305,121.55378,0
500101169,0,2024-07-24 16:21:22,49,25.03305,121.55378,0
500101169,0,2024-07-24 16:22:22,49,25.03305,121.55378,0
500101169,0,2024-07-24 16:23:22,49,25.03305,121.55378,0
500101169,0,2024-07-24 16:24:21,49,25.03305,121.55378,0
500101169,0,2024-07-24 16:25:22,49,25.03305,121.55378,0
500101169,0,2024-07-24 16:26:22,49,25.03305,121.55378,0
500101169,0,2024-07-24 16:27:21,49,25.03305,121.55378,0
500101169,0,2024-07-24 16:28:22,49,25.03305,121.55378,0
500101169,0,2024-07-24 16:29:22,49,25.03305,121.55378,0
500101169,0,2024-07-24 16:30:27,49,25.03305,121.55378,0
500101169,0,2024-07-24 16:31:22,49,25.03305,121.55378,0
500101169,0,2024-07-24 16:32:21,49,25.03305,121.55378,0
500101169,0,2024-07-24 16:33:22,49,25.03305,121.55378,0
500101169,0,2024-07-24 16:34:22,49,25.03305,121.55378,0
500101169,0,2024-07-24 16:35:21,49,25.03305,121.55378,0
500101169,0,2024-07-24 16:36:22,49,25.03305,121.55378,0
500101169,0,2024-07-24 16:37:22,49,25.03305,121.55378,0
500101169,0,2024-07-24 16:38:22,49,25.03305,121.55378,0
500101169,0,2024-07-24 16:39:22,49,25.03305,121.55378,0
500101169,0,2024-07-24 16:40:28,49,25.03305,121.55378,0
500101169,0,2024-07-24 16:41:22,49,25.03305,121.55378,0
500101169,0,2024-07-24 16:42:21,49,25.03305,121.55378,0
500101169,0,2024-07-24 16:43:22,49,25.03305,121.55378,0
500101169,0,2024-07-24 16:44:21,49,25.03305,121.55378,0
500101169,0,2024-07-24 16:45:21,49,25.03305,121.55378,0
500101169,0,2024-07-24 16:46:22,49,25.03305,121.55378,0
500101169,0,2024-07-24 16:47:22,49,25.03305,121.55378,0
500101169,0,2024-07-24 16:48:22,49,25.03305,121.55378,0
500101169,0,2024-07-24 16:49:21,49,25.03305,121.55378,0
500101169,0,2024-07-24 16:50:28,49,25.03305,121.55378,0
500101169,0,2024-07-24 16:51:21,49,25.03305,121.55378,0
500101169,0,2024-07-24 16:52:22,49,25.03305,121.55378,0
500101169,0,2024-07-24 16:53:21,49,25.03305,121.55378,0
500101169,0,2024-07-24 16:54:21,49,25.03305,121.55378,0
500101169,0,2024-07-24 16:55:21,49,25.03305,121.55378,0
500101169,0,2024-07-24 16:56:22,49,25.03305,121.55378,0
500101169,0,2024-07-24 16:57:21,49,25.03305,121.55378,0
500101169,0,2024-07-24 16:58:22,49,25.03305,121.55378,0
500101169,0,2024-07-24 16:59:21,49,25.03305,121.55378,0
500101169,0,2024-07-24 17:00:27,49,25.03305,121.55378,0
500101169,0,2024-07-24 17:01:22,49,25.03305,121.55378,0
500101169,0,2024-07-24 17:02:22,49,25.03305,121.55378,0
500101169,0,2024-07-24 17:03:22,49,25.03305,121.55378,0
500101169,0,2024-07-24 17:04:22,49,25.03305,121.55378,0
500101169,0,2024-07-24 17:05:21,49,25.03305,121.55378,0
500101169,0,2024-07-24 17:06:21,49,25.03305,121.55378,0
500101169,0,2024-07-24 17:07:22,49,25.03305,121.55378,0
500101169,0,2024-07-24 17:08:21,49,25.03305,121.55378,0
500101169,0,2024-07-24 17:09:22,49,25.03305,121.55378,0
500101169,0,2024-07-24 17:10:27,49,25.03305,121.55378,0
500101169,0,2024-07-24 17:11:22,49,25.03305,121.55378,0
500101169,0,2024-07-24 17:12:22,49,25.03305,121.55378,0
500101169,0,2024-07-24 17:13:22,49,25.03305,121.55378,0
500101169,0,2024-07-24 17:14:22,49,25.03305,121.55378,0
500101169,0,2024-07-24 17:15:21,49,25.03305,121.55378,0
500101169,0,2024-07-24 17:16:21,49,25.03305,121.55378,0
500101169,0,2024-07-24 17:17:22,49,25.03305,121.55378,0
500101169,0,2024-07-24 17:18:21,49,25.03305,121.55378,0
500101169,0,2024-07-24 17:19:22,49,25.03305,121.55378,0
500101169,0,2024-07-24 17:20:27,49,25.03305,121.55378,0
500101169,0,2024-07-24 17:21:21,49,25.03305,121.55378,0
500101169,0,2024-07-24 17:22:22,49,25.03305,121.55378,0
500101169,0,2024-07-24 17:23:22,49,25.03305,121.55378,0
500101169,0,2024-07-24 17:24:21,49,25.03305,121.55378,0
500101169,0,2024-07-24 17:25:21,49,25.03305,121.55378,0
500101169,0,2024-07-24 17:26:22,49,25.03305,121.55378,0
500101169,0,2024-07-24 17:27:22,49,25.03305,121.55378,0
500101169,0,2024-07-24 17:28:22,49,25.03305,121.55378,0
500101169,0,2024-07-24 17:29:21,49,25.03305,121.55378,0
500101169,0,2024-07-24 17:30:28,49,25.03305,121.55378,0
500101169,0,2024-07-24 17:31:21,49,25.03305,121.55378,0
500101169,0,2024-07-24 17:32:21,49,25.03305,121.55378,0
500101169,0,2024-07-24 17:33:22,49,25.03305,121.55378,0
500101169,0,2024-07-24 17:34:21,49,25.03305,121.55378,0
500101169,0,2024-07-24 17:35:21,49,25.03305,121.55378,0
500101169,0,2024-07-24 17:36:21,49,25.03305,121.55378,0
500101169,0,2024-07-24 17:37:22,49,25.03305,121.55378,0
500101169,0,2024-07-24 17:38:21,49,25.03305,121.55378,0
500101169,0,2024-07-24 17:39:22,49,25.03305,121.55378,0
500101169,0,2024-07-24 17:40:27,49,25.03305,121.55378,0
500101169,0,2024-07-24 17:41:21,49,25.03305,121.55378,0
500101169,0,2024-07-24 17:42:22,49,25.03305,121.55378,0
500101169,0,2024-07-24 17:43:21,49,25.03305,121.55378,0
500101169,0,2024-07-24 17:44:21,49,25.03305,121.55378,0
500101169,0,2024-07-24 17:45:22,49,25.03305,121.55378,0
500101169,0,2024-07-24 17:46:22,49,25.03305,121.55378,0
500101169,0,2024-07-24 17:47:21,49,25.03305,121.55378,0
500101169,0,2024-07-24 17:48:22,49,25.03305,121.55378,0
500101169,0,2024-07-24 17:49:22,49,25.03305,121.55378,0
500101169,0,2024-07-24 17:50:27,49,25.03305,121.55378,0
500101169,0,2024-07-24 17:51:21,49,25.03305,121.55378,0
500101169,0,2024-07-24 17:52:22,49,25.03305,121.55378,0
500101169,0,2024-07-24 17:53:22,49,25.03305,121.55378,0
500101169,0,2024-07-24 17:54:21,49,25.03305,121.55378,0
500101169,0,2024-07-24 17:55:21,49,25.03305,121.55378,0
500101169,0,2024-07-24 17:56:21,49,25.03305,121.55378,0
500101169,0,2024-07-24 17:57:21,49,25.03305,121.55378,0
500101169,0,2024-07-24 17:58:21,49,25.03305,121.55378,0
500101169,0,2024-07-24 17:59:22,49,25.03305,121.55378,0
500101169,0,2024-07-24 18:00:28,49,25.03305,121.55378,0
500101169,0,2024-07-24 18:01:21,49,25.03305,121.55378,0
500101169,0,2024-07-24 18:02:22,49,25.03305,121.55378,0
500101169,0,2024-07-24 18:03:21,49,25.03305,121.55378,0
500101169,0,2024-07-24 18:04:21,49,25.03305,121.55378,0
500101169,0,2024-07-24 18:05:22,49,25.03305,121.55378,0
500101169,0,2024-07-24 18:06:21,49,25.03305,121.55378,0
500101169,0,2024-07-24 18:07:22,49,25.03305,121.55378,0
500101169,0,2024-07-24 18:08:21,49,25.03305,121.55378,0
500101169,0,2024-07-24 18:09:22,49,25.03305,121.55378,0
500101169,0,2024-07-24 18:10:27,49,25.03305,121.55378,0
500101169,0,2024-07-24 18:11:22,49,25.03305,121.55378,0
500101169,0,2024-07-24 18:12:21,49,25.03305,121.55378,0
500101169,0,2024-07-24 18:13:22,49,25.03305,121.55378,0
500101169,0,2024-07-24 18:14:22,49,25.03305,121.55378,0
500101169,0,2024-07-24 18:15:21,49,25.03305,121.55378,0
500101169,0,2024-07-24 18:16:21,49,25.03305,121.55378,0
500101169,0,2024-07-24 18:17:21,49,25.03305,121.55378,0
500101169,0,2024-07-24 18:18:22,49,25.03305,121.55378,0
500101169,0,2024-07-24 18:19:21,49,25.03305,121.55378,0
500101169,0,2024-07-24 18:20:28,49,25.03305,121.55378,0
500101169,0,2024-07-24 18:21:21,49,25.03305,121.55378,0
500101169,0,2024-07-24 18:22:21,49,25.03305,121.55378,0
500101169,0,2024-07-24 18:23:21,49,25.03305,121.55378,0
500101169,0,2024-07-24 18:24:22,49,25.03305,121.55378,0
500101169,0,2024-07-24 18:25:22,49,25.03305,121.55378,0
500101169,0,2024-07-24 18:26:21,49,25.03305,121.55378,0
500101169,0,2024-07-24 18:27:21,49,25.03305,121.55378,0
500101169,0,2024-07-24 18:28:21,49,25.03305,121.55378,0
500101169,0,2024-07-24 18:29:22,49,25.03305,121.55378,0
500101169,0,2024-07-24 18:30:28,49,25.03305,121.55378,0
500101169,0,2024-07-24 18:31:21,49,25.03305,121.55378,0
500101169,0,2024-07-24 18:32:22,49,25.03305,121.55378,0
500101169,0,2024-07-24 18:33:22,49,25.03305,121.55378,0
500101169,0,2024-07-24 18:34:22,49,25.03305,121.55378,0
500101169,0,2024-07-24 18:35:22,49,25.03305,121.55378,0
500101169,0,2024-07-24 18:36:22,49,25.03305,121.55378,0
500101169,0,2024-07-24 18:37:21,49,25.03305,121.55378,0
500101169,0,2024-07-24 18:38:22,49,25.03305,121.55378,0
500101169,0,2024-07-24 18:39:21,49,25.03305,121.55378,0
500101169,0,2024-07-24 18:40:28,49,25.03305,121.55378,0
500101169,0,2024-07-24 18:41:22,49,25.03305,121.55378,0
500101169,0,2024-07-24 18:42:21,49,25.03305,121.55378,0
500101169,0,2024-07-24 18:43:22,49,25.03305,121.55378,0
500101169,0,2024-07-24 18:44:22,49,25.03305,121.55378,0
500101169,0,2024-07-24 18:45:22,49,25.03305,121.55378,0
500101169,0,2024-07-24 18:46:21,49,25.03305,121.55378,0
500101169,0,2024-07-24 18:47:22,49,25.03305,121.55378,0
500101169,0,2024-07-24 18:48:21,49,25.03305,121.55378,0
500101169,0,2024-07-24 18:49:22,49,25.03305,121.55378,0
500101169,0,2024-07-24 18:50:27,49,25.03305,121.55378,0
500101169,0,2024-07-24 18:51:22,49,25.03305,121.55378,0
500101169,0,2024-07-24 18:52:21,49,25.03305,121.55378,0
500101169,0,2024-07-24 18:53:21,49,25.03305,121.55378,0
500101169,0,2024-07-24 18:54:22,49,25.03305,121.55378,0
500101169,0,2024-07-24 18:55:22,49,25.03305,121.55378,0
500101169,0,2024-07-24 18:56:21,49,25.03305,121.55378,0
500101169,0,2024-07-24 18:57:21,49,25.03305,121.55378,0
500101169,0,2024-07-24 18:58:22,49,25.03305,121.55378,0
500101169,0,2024-07-24 18:59:21,49,25.03305,121.55378,0
500101169,0,2024-07-24 19:00:27,49,25.03305,121.55378,0
500101169,0,2024-07-24 19:01:22,49,25.03305,121.55378,0
500101169,0,2024-07-24 19:02:22,49,25.03305,121.55378,0
500101169,0,2024-07-24 19:03:21,49,25.03305,121.55378,0
500101169,0,2024-07-24 19:04:21,49,25.03305,121.55378,0
500101169,0,2024-07-24 19:05:22,49,25.03305,121.55378,0
500101169,0,2024-07-24 19:06:22,49,25.03305,121.55378,0
500101169,0,2024-07-24 19:07:21,49,25.03305,121.55378,0
500101169,0,2024-07-24 19:08:22,49,25.03305,121.55378,0
500101169,0,2024-07-24 19:09:21,49,25.03305,121.55378,0
500101169,0,2024-07-24 19:11:22,49,25.03305,121.55378,0
500101169,0,2024-07-24 19:12:22,49,25.03305,121.55378,0
500101169,0,2024-07-24 19:13:21,49,25.03305,121.55378,0
500101169,0,2024-07-24 19:14:21,49,25.03305,121.55378,0
500101169,0,2024-07-24 19:15:22,49,25.03305,121.55378,0
500101169,0,2024-07-24 19:16:23,49,25.03305,121.55378,0
500101169,0,2024-07-24 19:17:22,49,25.03305,121.55378,0
500101169,0,2024-07-24 19:18:23,49,25.03305,121.55378,0
500101169,0,2024-07-24 19:19:22,49,25.03305,121.55378,0
500101169,0,2024-07-24 19:20:29,49,25.03305,121.55378,0
500101169,0,2024-07-24 19:21:22,49,25.03305,121.55378,0
500101169,0,2024-07-24 19:22:22,49,25.03305,121.55378,0
500101169,0,2024-07-24 19:23:21,49,25.03305,121.55378,0
500101169,0,2024-07-24 19:24:22,49,25.03305,121.55378,0
500101169,0,2024-07-24 19:25:22,49,25.03305,121.55378,0
500101169,0,2024-07-24 19:26:22,49,25.03305,121.55378,0
500101169,0,2024-07-24 19:27:22,49,25.03305,121.55378,0
500101169,0,2024-07-24 19:28:22,49,25.03305,121.55378,0
500101169,0,2024-07-24 19:29:22,49,25.03305,121.55378,0
500101169,0,2024-07-24 19:30:28,49,25.03305,121.55378,0
500101169,0,2024-07-24 19:31:22,49,25.03305,121.55378,0
500101169,0,2024-07-24 19:32:22,49,25.03305,121.55378,0
500101169,0,2024-07-24 19:33:22,49,25.03305,121.55378,0
500101169,0,2024-07-24 19:34:22,49,25.03305,121.55378,0
500101169,0,2024-07-24 19:35:22,49,25.03305,121.55378,0
500101169,0,2024-07-24 19:36:21,49,25.03305,121.55378,0
500101169,0,2024-07-24 19:37:22,49,25.03305,121.55378,0
500101169,0,2024-07-24 19:38:21,49,25.03305,121.55378,0
500101169,0,2024-07-24 19:39:22,49,25.03305,121.55378,0
500101169,0,2024-07-24 19:40:28,49,25.03305,121.55378,0
500101169,0,2024-07-24 19:41:22,49,25.03305,121.55378,0
500101169,0,2024-07-24 19:42:22,49,25.03305,121.55378,0
500101169,0,2024-07-24 19:43:22,49,25.03305,121.55378,0
500101169,0,2024-07-24 19:44:22,49,25.03305,121.55378,0
500101169,0,2024-07-24 19:45:21,49,25.03305,121.55378,0
500101169,0,2024-07-24 19:46:22,49,25.03305,121.55378,0
500101169,0,2024-07-24 19:47:22,49,25.03305,121.55378,0
500101169,0,2024-07-24 19:48:21,49,25.03305,121.55378,0
500101169,0,2024-07-24 19:49:21,49,25.03305,121.55378,0
500101169,0,2024-07-24 19:50:28,49,25.03305,121.55378,0
500101169,0,2024-07-24 19:51:21,49,25.03305,121.55378,0
500101169,0,2024-07-24 19:52:22,49,25.03305,121.55378,0
500101169,0,2024-07-24 19:53:22,49,25.03305,121.55378,0
500101169,0,2024-07-24 19:54:21,49,25.03305,121.55378,0
500101169,0,2024-07-24 19:55:22,49,25.03305,121.55378,0
500101169,0,2024-07-24 19:56:22,49,25.03305,121.55378,0
500101169,0,2024-07-24 19:57:22,49,25.03305,121.55378,0
500101169,0,2024-07-24 19:58:22,49,25.03305,121.55378,0
500101169,0,2024-07-24 19:59:22,49,25.03305,121.55378,0
500101169,0,2024-07-24 20:00:28,49,25.03305,121.55378,0
500101169,0,2024-07-24 20:01:21,49,25.03305,121.55378,0
500101169,0,2024-07-24 20:02:22,49,25.03305,121.55378,0
500101169,0,2024-07-24 20:03:22,49,25.03305,121.55378,0
500101169,0,2024-07-24 20:04:22,49,25.03305,121.55378,0
500101169,0,2024-07-24 20:05:21,49,25.03305,121.55378,0
500101169,0,2024-07-24 20:06:22,49,25.03305,121.55378,0
500101169,0,2024-07-24 20:07:21,49,25.03305,121.55378,0
500101169,0,2024-07-24 20:08:22,49,25.03305,121.55378,0
500101169,0,2024-07-24 20:09:22,49,25.03305,121.55378,0
500101169,0,2024-07-24 20:10:27,49,25.03305,121.55378,0
500101169,0,2024-07-24 20:11:22,49,25.03305,121.55378,0
500101169,0,2024-07-24 20:12:22,49,25.03305,121.55378,0
500101169,0,2024-07-24 20:13:22,49,25.03305,121.55378,0
500101169,0,2024-07-24 20:14:22,49,25.03305,121.55378,0
500101169,0,2024-07-24 20:15:22,49,25.03305,121.55378,0
500101169,0,2024-07-24 20:16:22,49,25.03305,121.55378,0
500101169,0,2024-07-24 20:17:21,49,25.03305,121.55378,0
500101169,0,2024-07-24 20:18:22,49,25.03305,121.55378,0
500101169,0,2024-07-24 20:19:22,49,25.03305,121.55378,0
500101169,0,2024-07-24 20:20:27,49,25.03305,121.55378,0
500101169,0,2024-07-24 20:21:22,49,25.03305,121.55378,0
500101169,0,2024-07-24 20:22:22,49,25.03305,121.55378,0
500101169,0,2024-07-24 20:23:21,49,25.03305,121.55378,0
500101169,0,2024-07-24 20:24:21,49,25.03305,121.55378,0
500101169,0,2024-07-24 20:25:21,49,25.03305,121.55378,0
500101169,0,2024-07-24 20:26:21,49,25.03305,121.55378,0
500101169,0,2024-07-24 20:27:22,49,25.03305,121.55378,0
500101169,0,2024-07-24 20:28:22,49,25.03305,121.55378,0
500101169,0,2024-07-24 20:29:21,49,25.03305,121.55378,0
500101169,0,2024-07-24 20:30:28,49,25.03305,121.55378,0
500101169,0,2024-07-24 20:31:22,49,25.03305,121.55378,0
500101169,0,2024-07-24 20:32:22,49,25.03305,121.55378,0
500101169,0,2024-07-24 20:33:21,49,25.03305,121.55378,0
500101169,0,2024-07-24 20:34:22,49,25.03305,121.55378,0
500101169,0,2024-07-24 20:35:22,49,25.03305,121.55378,0
500101169,0,2024-07-24 20:36:21,49,25.03305,121.55378,0
500101169,0,2024-07-24 20:37:22,49,25.03305,121.55378,0
500101169,0,2024-07-24 20:38:21,49,25.03305,121.55378,0
500101169,0,2024-07-24 20:39:22,49,25.03305,121.55378,0
500101169,0,2024-07-24 20:40:28,49,25.03305,121.55378,0
500101169,0,2024-07-24 20:41:22,49,25.03305,121.55378,0
500101169,0,2024-07-24 20:42:22,49,25.03305,121.55378,0
500101169,0,2024-07-24 20:43:22,49,25.03305,121.55378,0
500101169,0,2024-07-24 20:44:21,49,25.03305,121.55378,0
500101169,0,2024-07-24 20:45:22,49,25.03305,121.55378,0
500101169,0,2024-07-24 20:46:22,49,25.03305,121.55378,0
500101169,0,2024-07-24 20:47:22,49,25.03305,121.55378,0
500101169,0,2024-07-24 20:48:22,49,25.03305,121.55378,0
500101169,0,2024-07-24 20:49:22,49,25.03305,121.55378,0
500101169,0,2024-07-24 20:50:28,49,25.03305,121.55378,0
500101169,0,2024-07-24 20:51:22,49,25.03305,121.55378,0
500101169,0,2024-07-24 20:52:22,49,25.03305,121.55378,0
500101169,0,2024-07-24 20:53:22,49,25.03305,121.55378,0
500101169,0,2024-07-24 20:54:22,49,25.03305,121.55378,0
500101169,0,2024-07-24 20:55:22,49,25.03305,121.55378,0
500101169,0,2024-07-24 20:56:22,49,25.03305,121.55378,0
500101169,0,2024-07-24 20:57:21,49,25.03305,121.55378,0
500101169,0,2024-07-24 20:58:22,49,25.03305,121.55378,0
500101169,0,2024-07-24 20:59:22,49,25.03305,121.55378,0
500101169,0,2024-07-24 21:00:28,49,25.03305,121.55378,0
500101169,0,2024-07-24 21:01:22,49,25.03305,121.55378,0
500101169,0,2024-07-24 21:02:22,49,25.03305,121.55378,0
500101169,0,2024-07-24 21:03:21,49,25.03305,121.55378,0
500101169,0,2024-07-24 21:04:22,49,25.03305,121.55378,0
500101169,0,2024-07-24 21:05:21,49,25.03305,121.55378,0
500101169,0,2024-07-24 21:06:22,49,25.03305,121.55378,0
500101169,0,2024-07-24 21:07:22,49,25.03305,121.55378,0
500101169,0,2024-07-24 21:08:22,49,25.03305,121.55378,0
500101169,0,2024-07-24 21:09:22,49,25.03305,121.55378,0
500101169,0,2024-07-24 21:10:28,49,25.03305,121.55378,0
500101169,0,2024-07-24 21:11:22,49,25.03305,121.55378,0
500101169,0,2024-07-24 21:12:22,49,25.03305,121.55378,0
500101169,0,2024-07-24 21:13:21,49,25.03305,121.55378,0
500101169,0,2024-07-24 21:14:21,49,25.03305,121.55378,0
500101169,0,2024-07-24 21:15:22,49,25.03305,121.55378,0
500101169,0,2024-07-24 21:16:21,49,25.03305,121.55378,0
500101169,0,2024-07-24 21:17:22,49,25.03305,121.55378,0
500101169,0,2024-07-24 21:18:22,49,25.03305,121.55378,0
500101169,0,2024-07-24 21:19:21,49,25.03305,121.55378,0
500101169,0,2024-07-24 21:20:27,49,25.03305,121.55378,0
500101169,0,2024-07-24 21:21:21,49,25.03305,121.55378,0
500101169,0,2024-07-24 21:22:21,49,25.03305,121.55378,0
500101169,0,2024-07-24 21:23:22,49,25.03305,121.55378,0
500101169,0,2024-07-24 21:24:21,49,25.03305,121.55378,0
500101169,0,2024-07-24 21:25:21,49,25.03305,121.55378,0
500101169,0,2024-07-24 21:26:21,49,25.03305,121.55378,0
500101169,0,2024-07-24 21:27:21,49,25.03305,121.55378,0
500101169,0,2024-07-24 21:28:22,49,25.03305,121.55378,0
500101169,0,2024-07-24 21:29:22,49,25.03305,121.55378,0
500101169,0,2024-07-24 21:30:28,49,25.03305,121.55378,0
500101169,0,2024-07-24 21:31:22,49,25.03305,121.55378,0
500101169,0,2024-07-24 21:32:21,49,25.03305,121.55378,0
500101169,0,2024-07-24 21:33:21,49,25.03305,121.55378,0
500101169,0,2024-07-24 21:34:22,49,25.03305,121.55378,0
500101169,0,2024-07-24 21:35:21,49,25.03305,121.55378,0
500101169,0,2024-07-24 21:36:22,49,25.03305,121.55378,0
500101169,0,2024-07-24 21:37:21,49,25.03305,121.55378,0
500101169,0,2024-07-24 21:38:21,49,25.03305,121.55378,0
500101169,0,2024-07-24 21:39:22,49,25.03305,121.55378,0
500101169,0,2024-07-24 21:40:28,49,25.03305,121.55378,0
500101169,0,2024-07-24 21:41:22,49,25.03305,121.55378,0
500101169,0,2024-07-24 21:42:22,49,25.03305,121.55378,0
500101169,0,2024-07-24 21:43:22,49,25.03305,121.55378,0
500101169,0,2024-07-24 21:44:21,49,25.03305,121.55378,0
500101169,0,2024-07-24 21:45:21,49,25.03305,121.55378,0
500101169,0,2024-07-24 21:46:21,49,25.03305,121.55378,0
500101169,0,2024-07-24 21:47:22,49,25.03305,121.55378,0
500101169,0,2024-07-24 21:48:22,49,25.03305,121.55378,0
500101169,0,2024-07-24 21:49:21,49,25.03305,121.55378,0
