sno,act,srcUpdateTime,total,available_rent_bikes,latitude,longitude
500113061,0,2024-07-25 22:02:22,14,0,25.0286,121.48908
500113061,0,2024-07-25 22:02:22,14,0,25.0286,121.48908
500113061,0,2024-07-25 22:03:22,14,0,25.0286,121.48908
500113061,0,2024-07-25 22:04:22,14,0,25.0286,121.48908
500113061,0,2024-07-25 22:05:21,14,0,25.0286,121.48908
500113061,0,2024-07-25 22:06:21,14,0,25.0286,121.48908
500113061,0,2024-07-25 22:07:22,14,0,25.0286,121.48908
500113061,0,2024-07-25 22:08:21,14,0,25.0286,121.48908
500113061,0,2024-07-25 22:09:21,14,0,25.0286,121.48908
500113061,0,2024-07-25 22:10:28,14,0,25.0286,121.48908
500113061,0,2024-07-25 22:11:22,14,0,25.0286,121.48908
500113061,0,2024-07-25 22:12:21,14,0,25.0286,121.48908
500113061,0,2024-07-25 22:13:22,14,0,25.0286,121.48908
500113061,0,2024-07-25 22:14:22,14,0,25.0286,121.48908
500113061,0,2024-07-25 22:15:22,14,0,25.0286,121.48908
500113061,0,2024-07-25 22:16:23,14,0,25.0286,121.48908
500113061,0,2024-07-25 22:17:23,14,0,25.0286,121.48908
500113061,0,2024-07-25 22:18:22,14,0,25.0286,121.48908
500113061,0,2024-07-25 22:19:22,14,0,25.0286,121.48908
500113061,0,2024-07-25 22:20:29,14,0,25.0286,121.48908
500113061,0,2024-07-25 22:21:22,14,0,25.0286,121.48908
500113061,0,2024-07-25 22:22:22,14,0,25.0286,121.48908
500113061,0,2024-07-25 22:23:22,14,0,25.0286,121.48908
500113061,0,2024-07-25 22:24:22,14,0,25.0286,121.48908
500113061,0,2024-07-25 22:25:21,14,0,25.0286,121.48908
500113061,0,2024-07-25 22:26:22,14,0,25.0286,121.48908
500113061,0,2024-07-25 22:27:22,14,0,25.0286,121.48908
500113061,0,2024-07-25 22:28:22,14,0,25.0286,121.48908
500113061,0,2024-07-25 22:29:21,14,0,25.0286,121.48908
500113061,0,2024-07-25 22:30:28,14,0,25.0286,121.48908
500113061,0,2024-07-25 22:31:22,14,0,25.0286,121.48908
500113061,0,2024-07-25 22:32:22,14,0,25.0286,121.48908
500113061,0,2024-07-25 22:33:22,14,0,25.0286,121.48908
500113061,0,2024-07-25 22:34:21,14,0,25.0286,121.48908
500113061,0,2024-07-25 22:35:22,14,0,25.0286,121.48908
500113061,0,2024-07-25 22:36:21,14,0,25.0286,121.48908
500113061,0,2024-07-25 22:37:21,14,0,25.0286,121.48908
500113061,0,2024-07-25 22:38:22,14,0,25.0286,121.48908
500113061,0,2024-07-25 22:39:22,14,0,25.0286,121.48908
500113061,0,2024-07-25 22:40:28,14,0,25.0286,121.48908
500113061,0,2024-07-25 22:41:22,14,0,25.0286,121.48908
500113061,0,2024-07-25 22:42:22,14,0,25.0286,121.48908
500113061,0,2024-07-25 22:43:22,14,0,25.0286,121.48908
500113061,0,2024-07-25 22:44:21,14,0,25.0286,121.48908
500113061,0,2024-07-25 22:45:22,14,0,25.0286,121.48908
500113061,0,2024-07-25 22:46:22,14,0,25.0286,121.48908
500113061,0,2024-07-25 22:47:21,14,0,25.0286,121.48908
500113061,0,2024-07-25 22:48:22,14,0,25.0286,121.48908
500113061,0,2024-07-25 22:49:21,14,0,25.0286,121.48908
500113061,0,2024-07-25 22:50:28,14,0,25.0286,121.48908
500113061,0,2024-07-25 22:52:22,14,0,25.0286,121.48908
500113061,0,2024-07-25 22:53:22,14,0,25.0286,121.48908
500113061,0,2024-07-25 22:54:21,14,0,25.0286,121.48908
500113061,0,2024-07-25 22:55:21,14,0,25.0286,121.48908
500113061,0,2024-07-25 22:56:22,14,0,25.0286,121.48908
500113061,0,2024-07-25 22:57:22,14,0,25.0286,121.48908
500113061,0,2024-07-25 22:58:22,14,0,25.0286,121.48908
500113061,0,2024-07-25 22:59:21,14,0,25.0286,121.48908
500113061,0,2024-07-25 23:00:28,14,0,25.0286,121.48908
500113061,0,2024-07-25 23:01:22,14,0,25.0286,121.48908
500113061,0,2024-07-25 23:02:21,14,0,25.0286,121.48908
500113061,0,2024-07-25 23:03:22,14,0,25.0286,121.48908
500113061,0,2024-07-25 23:04:22,14,0,25.0286,121.48908
500113061,0,2024-07-25 23:05:22,14,0,25.0286,121.48908
500113061,0,2024-07-25 23:06:21,14,0,25.0286,121.48908
500113061,0,2024-07-25 23:07:21,14,0,25.0286,121.48908
500113061,0,2024-07-25 23:08:22,14,0,25.0286,121.48908
500113061,0,2024-07-25 23:09:21,14,0,25.0286,121.48908
500113061,0,2024-07-25 23:10:28,14,0,25.0286,121.48908
500113061,0,2024-07-25 23:11:22,14,0,25.0286,121.48908
500113061,0,2024-07-25 23:12:22,14,0,25.0286,121.48908
500113061,0,2024-07-25 23:13:22,14,0,25.0286,121.48908
500113061,0,2024-07-25 23:14:22,14,0,25.0286,121.48908
500113061,0,2024-07-25 23:15:21,14,0,25.0286,121.48908
500113061,0,2024-07-25 23:16:21,14,0,25.0286,121.48908
500113061,0,2024-07-25 23:17:22,14,0,25.0286,121.48908
500113061,0,2024-07-25 23:18:22,14,0,25.0286,121.48908
500113061,0,2024-07-25 23:19:22,14,0,25.0286,121.48908
500113061,0,2024-07-25 23:20:28,14,0,25.0286,121.48908
500113061,0,2024-07-25 23:21:21,14,0,25.0286,121.48908
500113061,0,2024-07-25 23:22:22,14,0,25.0286,121.48908
500113061,0,2024-07-25 23:23:21,14,0,25.0286,121.48908
500113061,0,2024-07-25 23:24:22,14,0,25.0286,121.48908
500113061,0,2024-07-25 23:25:22,14,0,25.0286,121.48908
500113061,0,2024-07-25 23:26:22,14,0,25.0286,121.48908
500113061,0,2024-07-25 23:27:22,14,0,25.0286,121.48908
500113061,0,2024-07-25 23:28:21,14,0,25.0286,121.48908
500113061,0,2024-07-25 23:29:21,14,0,25.0286,121.48908
500113061,0,2024-07-25 23:30:27,14,0,25.0286,121.48908
500113061,0,2024-07-25 23:31:22,14,0,25.0286,121.48908
500113061,0,2024-07-25 23:32:22,14,0,25.0286,121.48908
500113061,0,2024-07-25 23:33:22,14,0,25.0286,121.48908
500113061,0,2024-07-25 23:34:22,14,0,25.0286,121.48908
500113061,0,2024-07-25 23:35:21,14,0,25.0286,121.48908
500113061,0,2024-07-25 23:36:22,14,0,25.0286,121.48908
500113061,0,2024-07-25 23:37:22,14,0,25.0286,121.48908
500113061,0,2024-07-25 23:38:22,14,0,25.0286,121.48908
500113061,0,2024-07-25 23:39:21,14,0,25.0286,121.48908
500113061,0,2024-07-25 23:40:28,14,0,25.0286,121.48908
500113061,0,2024-07-25 23:41:22,14,0,25.0286,121.48908
500113061,0,2024-07-25 23:42:21,14,0,25.0286,121.48908
500113061,0,2024-07-25 23:43:21,14,0,25.0286,121.48908
500113061,0,2024-07-25 23:44:22,14,0,25.0286,121.48908
500113061,0,2024-07-25 23:45:21,14,0,25.0286,121.48908
500113061,0,2024-07-25 23:46:21,14,0,25.0286,121.48908
500113061,0,2024-07-25 23:47:21,14,0,25.0286,121.48908
500113061,0,2024-07-25 23:48:22,14,0,25.0286,121.48908
500113061,0,2024-07-25 23:49:22,14,0,25.0286,121.48908
500113061,0,2024-07-25 23:50:27,14,0,25.0286,121.48908
500113061,0,2024-07-25 23:51:22,14,0,25.0286,121.48908
500113061,0,2024-07-25 23:52:22,14,0,25.0286,121.48908
500113061,0,2024-07-25 23:53:21,14,0,25.0286,121.48908
500113061,0,2024-07-25 23:54:22,14,0,25.0286,121.48908
500113061,0,2024-07-25 23:55:21,14,0,25.0286,121.48908
500113061,0,2024-07-25 23:56:23,14,0,25.0286,121.48908
500113061,0,2024-07-25 23:57:23,14,0,25.0286,121.48908
500113061,0,2024-07-25 23:58:23,14,0,25.0286,121.48908
500113061,0,2024-07-25 23:59:22,14,0,25.0286,121.48908
500113061,0,2024-07-26 00:00:28,14,0,25.0286,121.48908
500113061,0,2024-07-26 00:01:22,14,0,25.0286,121.48908
500113061,0,2024-07-26 00:02:21,14,0,25.0286,121.48908
500113061,0,2024-07-26 00:03:22,14,0,25.0286,121.48908
500113061,0,2024-07-26 00:04:21,14,0,25.0286,121.48908
500113061,0,2024-07-26 00:05:22,14,0,25.0286,121.48908
500113061,0,2024-07-26 00:06:22,14,0,25.0286,121.48908
500113061,0,2024-07-26 00:07:22,14,0,25.0286,121.48908
500113061,0,2024-07-26 00:08:22,14,0,25.0286,121.48908
500113061,0,2024-07-26 00:09:22,14,0,25.0286,121.48908
500113061,0,2024-07-26 00:10:27,14,0,25.0286,121.48908
500113061,0,2024-07-26 00:11:22,14,0,25.0286,121.48908
500113061,0,2024-07-26 00:12:21,14,0,25.0286,121.48908
500113061,0,2024-07-26 00:13:21,14,0,25.0286,121.48908
500113061,0,2024-07-26 00:14:22,14,0,25.0286,121.48908
500113061,0,2024-07-26 00:15:22,14,0,25.0286,121.48908
500113061,0,2024-07-26 00:16:22,14,0,25.0286,121.48908
500113061,0,2024-07-26 00:17:22,14,0,25.0286,121.48908
500113061,0,2024-07-26 00:18:21,14,0,25.0286,121.48908
500113061,0,2024-07-26 00:19:22,14,0,25.0286,121.48908
500113061,0,2024-07-26 00:20:28,14,0,25.0286,121.48908
500113061,0,2024-07-26 00:21:21,14,0,25.0286,121.48908
500113061,0,2024-07-26 00:22:22,14,0,25.0286,121.48908
500113061,0,2024-07-26 00:23:21,14,0,25.0286,121.48908
500113061,0,2024-07-26 00:24:22,14,0,25.0286,121.48908
500113061,0,2024-07-26 00:25:22,14,0,25.0286,121.48908
500113061,0,2024-07-26 00:26:22,14,0,25.0286,121.48908
500113061,0,2024-07-26 00:27:22,14,0,25.0286,121.48908
500113061,0,2024-07-26 00:28:21,14,0,25.0286,121.48908
500113061,0,2024-07-26 00:29:22,14,0,25.0286,121.48908
500113061,0,2024-07-26 00:30:28,14,0,25.0286,121.48908
500113061,0,2024-07-26 00:31:21,14,0,25.0286,121.48908
500113061,0,2024-07-26 00:32:22,14,0,25.0286,121.48908
500113061,0,2024-07-26 00:33:22,14,0,25.0286,121.48908
500113061,0,2024-07-26 00:34:22,14,0,25.0286,121.48908
500113061,0,2024-07-26 00:35:21,14,0,25.0286,121.48908
500113061,0,2024-07-26 00:36:22,14,0,25.0286,121.48908
500113061,0,2024-07-26 00:37:21,14,0,25.0286,121.48908
500113061,0,2024-07-26 00:38:22,14,0,25.0286,121.48908
500113061,0,2024-07-26 00:39:21,14,0,25.0286,121.48908
500113061,0,2024-07-26 00:40:27,14,0,25.0286,121.48908
500113061,0,2024-07-26 00:41:22,14,0,25.0286,121.48908
500113061,0,2024-07-26 00:42:22,14,0,25.0286,121.48908
500113061,0,2024-07-26 00:43:21,14,0,25.0286,121.48908
500113061,0,2024-07-26 00:44:22,14,0,25.0286,121.48908
500113061,0,2024-07-26 00:45:21,14,0,25.0286,121.48908
500113061,0,2024-07-26 00:46:21,14,0,25.0286,121.48908
500113061,0,2024-07-26 00:47:21,14,0,25.0286,121.48908
500113061,0,2024-07-26 00:48:22,14,0,25.0286,121.48908
500113061,0,2024-07-26 00:49:22,14,0,25.0286,121.48908
500113061,0,2024-07-26 00:50:28,14,0,25.0286,121.48908
500113061,0,2024-07-26 00:51:21,14,0,25.0286,121.48908
500113061,0,2024-07-26 00:52:21,14,0,25.0286,121.48908
500113061,0,2024-07-26 00:53:22,14,0,25.0286,121.48908
500113061,0,2024-07-26 00:54:22,14,0,25.0286,121.48908
500113061,0,2024-07-26 00:55:22,14,0,25.0286,121.48908
500113061,0,2024-07-26 00:56:22,14,0,25.0286,121.48908
500113061,0,2024-07-26 00:57:22,14,0,25.0286,121.48908
500113061,0,2024-07-26 00:58:22,14,0,25.0286,121.48908
500113061,0,2024-07-26 00:59:22,14,0,25.0286,121.48908
500113061,0,2024-07-26 01:00:28,14,0,25.0286,121.48908
500113061,0,2024-07-26 01:01:22,14,0,25.0286,121.48908
500113061,0,2024-07-26 01:02:22,14,0,25.0286,121.48908
500113061,0,2024-07-26 01:03:21,14,0,25.0286,121.48908
500113061,0,2024-07-26 01:04:21,14,0,25.0286,121.48908
500113061,0,2024-07-26 01:05:22,14,0,25.0286,121.48908
500113061,0,2024-07-26 01:06:21,14,0,25.0286,121.48908
500113061,0,2024-07-26 01:07:21,14,0,25.0286,121.48908
500113061,0,2024-07-26 01:08:22,14,0,25.0286,121.48908
500113061,0,2024-07-26 01:09:22,14,0,25.0286,121.48908
500113061,0,2024-07-26 01:10:27,14,0,25.0286,121.48908
500113061,0,2024-07-26 01:11:21,14,0,25.0286,121.48908
500113061,0,2024-07-26 01:12:22,14,0,25.0286,121.48908
500113061,0,2024-07-26 01:13:22,14,0,25.0286,121.48908
500113061,0,2024-07-26 01:14:22,14,0,25.0286,121.48908
500113061,0,2024-07-26 01:15:21,14,0,25.0286,121.48908
500113061,0,2024-07-26 01:16:22,14,0,25.0286,121.48908
500113061,0,2024-07-26 01:17:21,14,0,25.0286,121.48908
500113061,0,2024-07-26 01:18:22,14,0,25.0286,121.48908
500113061,0,2024-07-26 01:19:22,14,0,25.0286,121.48908
500113061,0,2024-07-26 01:20:27,14,0,25.0286,121.48908
500113061,0,2024-07-26 01:21:22,14,0,25.0286,121.48908
500113061,0,2024-07-26 01:22:21,14,0,25.0286,121.48908
500113061,0,2024-07-26 01:23:22,14,0,25.0286,121.48908
500113061,0,2024-07-26 01:24:21,14,0,25.0286,121.48908
500113061,0,2024-07-26 01:25:21,14,0,25.0286,121.48908
500113061,0,2024-07-26 01:26:22,14,0,25.0286,121.48908
500113061,0,2024-07-26 01:27:21,14,0,25.0286,121.48908
500113061,0,2024-07-26 01:28:21,14,0,25.0286,121.48908
500113061,0,2024-07-26 01:29:22,14,0,25.0286,121.48908
500113061,0,2024-07-26 01:30:27,14,0,25.0286,121.48908
500113061,0,2024-07-26 01:31:22,14,0,25.0286,121.48908
500113061,0,2024-07-26 01:32:21,14,0,25.0286,121.48908
500113061,0,2024-07-26 01:33:22,14,0,25.0286,121.48908
500113061,0,2024-07-26 01:34:22,14,0,25.0286,121.48908
500113061,0,2024-07-26 01:35:21,14,0,25.0286,121.48908
500113061,0,2024-07-26 01:36:22,14,0,25.0286,121.48908
500113061,0,2024-07-26 01:37:22,14,0,25.0286,121.48908
500113061,0,2024-07-26 01:38:21,14,0,25.0286,121.48908
500113061,0,2024-07-26 01:39:22,14,0,25.0286,121.48908
500113061,0,2024-07-26 01:40:28,14,0,25.0286,121.48908
500113061,0,2024-07-26 01:41:21,14,0,25.0286,121.48908
500113061,0,2024-07-26 01:42:21,14,0,25.0286,121.48908
500113061,0,2024-07-26 01:43:21,14,0,25.0286,121.48908
500113061,0,2024-07-26 01:44:22,14,0,25.0286,121.48908
500113061,0,2024-07-26 01:45:21,14,0,25.0286,121.48908
500113061,0,2024-07-26 01:46:21,14,0,25.0286,121.48908
500113061,0,2024-07-26 01:47:22,14,0,25.0286,121.48908
500113061,0,2024-07-26 01:48:21,14,0,25.0286,121.48908
500113061,0,2024-07-26 01:49:21,14,0,25.0286,121.48908
500113061,0,2024-07-26 01:50:27,14,0,25.0286,121.48908
500113061,0,2024-07-26 01:51:21,14,0,25.0286,121.48908
500113061,0,2024-07-26 01:52:21,14,0,25.0286,121.48908
500113061,0,2024-07-26 01:54:21,14,0,25.0286,121.48908
500113061,0,2024-07-26 01:55:22,14,0,25.0286,121.48908
500113061,0,2024-07-26 01:56:22,14,0,25.0286,121.48908
500113061,0,2024-07-26 01:57:21,14,0,25.0286,121.48908
500113061,0,2024-07-26 01:58:21,14,0,25.0286,121.48908
500113061,0,2024-07-26 01:59:22,14,0,25.0286,121.48908
500113061,0,2024-07-26 02:00:28,14,0,25.0286,121.48908
500113061,0,2024-07-26 02:01:22,14,0,25.0286,121.48908
500113061,0,2024-07-26 02:02:22,14,0,25.0286,121.48908
500113061,0,2024-07-26 02:03:22,14,0,25.0286,121.48908
500113061,0,2024-07-26 02:04:22,14,0,25.0286,121.48908
500113061,0,2024-07-26 02:05:22,14,0,25.0286,121.48908
500113061,0,2024-07-26 02:06:22,14,0,25.0286,121.48908
500113061,0,2024-07-26 02:07:22,14,0,25.0286,121.48908
500113061,0,2024-07-26 02:08:21,14,0,25.0286,121.48908
500113061,0,2024-07-26 02:09:22,14,0,25.0286,121.48908
500113061,0,2024-07-26 02:10:27,14,0,25.0286,121.48908
500113061,0,2024-07-26 02:11:21,14,0,25.0286,121.48908
500113061,0,2024-07-26 02:12:22,14,0,25.0286,121.48908
500113061,0,2024-07-26 02:13:22,14,0,25.0286,121.48908
500113061,0,2024-07-26 02:14:21,14,0,25.0286,121.48908
500113061,0,2024-07-26 02:15:22,14,0,25.0286,121.48908
500113061,0,2024-07-26 02:16:21,14,0,25.0286,121.48908
500113061,0,2024-07-26 02:17:22,14,0,25.0286,121.48908
500113061,0,2024-07-26 02:18:21,14,0,25.0286,121.48908
500113061,0,2024-07-26 02:19:22,14,0,25.0286,121.48908
500113061,0,2024-07-26 02:20:28,14,0,25.0286,121.48908
500113061,0,2024-07-26 02:21:22,14,0,25.0286,121.48908
500113061,0,2024-07-26 02:22:22,14,0,25.0286,121.48908
500113061,0,2024-07-26 02:23:22,14,0,25.0286,121.48908
500113061,0,2024-07-26 02:24:22,14,0,25.0286,121.48908
500113061,0,2024-07-26 02:25:22,14,0,25.0286,121.48908
500113061,0,2024-07-26 02:26:22,14,0,25.0286,121.48908
500113061,0,2024-07-26 02:27:22,14,0,25.0286,121.48908
500113061,0,2024-07-26 02:28:22,14,0,25.0286,121.48908
500113061,0,2024-07-26 02:29:21,14,0,25.0286,121.48908
500113061,0,2024-07-26 02:30:28,14,0,25.0286,121.48908
500113061,0,2024-07-26 02:31:22,14,0,25.0286,121.48908
500113061,0,2024-07-26 02:32:22,14,0,25.0286,121.48908
500113061,0,2024-07-26 02:33:22,14,0,25.0286,121.48908
500113061,0,2024-07-26 02:34:22,14,0,25.0286,121.48908
500113061,0,2024-07-26 02:35:22,14,0,25.0286,121.48908
500113061,0,2024-07-26 02:36:21,14,0,25.0286,121.48908
500113061,0,2024-07-26 02:37:21,14,0,25.0286,121.48908
500113061,0,2024-07-26 02:38:22,14,0,25.0286,121.48908
500113061,0,2024-07-26 02:39:22,14,0,25.0286,121.48908
500113061,0,2024-07-26 02:40:27,14,0,25.0286,121.48908
500113061,0,2024-07-26 02:41:21,14,0,25.0286,121.48908
500113061,0,2024-07-26 02:42:22,14,0,25.0286,121.48908
500113061,0,2024-07-26 02:43:22,14,0,25.0286,121.48908
500113061,0,2024-07-26 02:44:22,14,0,25.0286,121.48908
500113061,0,2024-07-26 02:45:22,14,0,25.0286,121.48908
500113061,0,2024-07-26 02:46:22,14,0,25.0286,121.48908
500113061,0,2024-07-26 02:47:21,14,0,25.0286,121.48908
500113061,0,2024-07-26 02:48:22,14,0,25.0286,121.48908
500113061,0,2024-07-26 02:49:22,14,0,25.0286,121.48908
500113061,0,2024-07-26 02:50:27,14,0,25.0286,121.48908
500113061,0,2024-07-26 02:51:22,14,0,25.0286,121.48908
500113061,0,2024-07-26 02:52:21,14,0,25.0286,121.48908
500113061,0,2024-07-26 02:53:22,14,0,25.0286,121.48908
500113061,0,2024-07-26 02:54:21,14,0,25.0286,121.48908
500113061,0,2024-07-26 02:55:21,14,0,25.0286,121.48908
500113061,0,2024-07-26 02:56:22,14,0,25.0286,121.48908
500113061,0,2024-07-26 02:57:21,14,0,25.0286,121.48908
500113061,0,2024-07-26 02:58:22,14,0,25.0286,121.48908
500113061,0,2024-07-26 02:59:22,14,0,25.0286,121.48908
500113061,0,2024-07-26 03:00:28,14,0,25.0286,121.48908
500113061,0,2024-07-26 03:01:22,14,0,25.0286,121.48908
500113061,0,2024-07-26 03:02:21,14,0,25.0286,121.48908
500113061,0,2024-07-26 03:03:21,14,0,25.0286,121.48908
500113061,0,2024-07-26 03:04:21,14,0,25.0286,121.48908
500113061,0,2024-07-26 03:05:22,14,0,25.0286,121.48908
500113061,0,2024-07-26 03:06:21,14,0,25.0286,121.48908
500113061,0,2024-07-26 03:07:21,14,0,25.0286,121.48908
500113061,0,2024-07-26 03:08:22,14,0,25.0286,121.48908
500113061,0,2024-07-26 03:09:22,14,0,25.0286,121.48908
500113061,0,2024-07-26 03:10:28,14,0,25.0286,121.48908
500113061,0,2024-07-26 03:11:22,14,0,25.0286,121.48908
500113061,0,2024-07-26 03:12:21,14,0,25.0286,121.48908
500113061,0,2024-07-26 03:13:21,14,0,25.0286,121.48908
500113061,0,2024-07-26 03:14:22,14,0,25.0286,121.48908
500113061,0,2024-07-26 03:15:22,14,0,25.0286,121.48908
500113061,0,2024-07-26 03:16:22,14,0,25.0286,121.48908
500113061,0,2024-07-26 03:17:22,14,0,25.0286,121.48908
500113061,0,2024-07-26 03:18:22,14,0,25.0286,121.48908
500113061,0,2024-07-26 03:19:22,14,0,25.0286,121.48908
500113061,0,2024-07-26 03:20:28,14,0,25.0286,121.48908
500113061,0,2024-07-26 03:21:21,14,0,25.0286,121.48908
500113061,0,2024-07-26 03:22:22,14,0,25.0286,121.48908
500113061,0,2024-07-26 03:23:22,14,0,25.0286,121.48908
500113061,0,2024-07-26 03:24:22,14,0,25.0286,121.48908
500113061,0,2024-07-26 03:25:22,14,0,25.0286,121.48908
500113061,0,2024-07-26 03:26:22,14,0,25.0286,121.48908
500113061,0,2024-07-26 03:27:22,14,0,25.0286,121.48908
500113061,0,2024-07-26 03:28:22,14,0,25.0286,121.48908
500113061,0,2024-07-26 03:29:22,14,0,25.0286,121.48908
500113061,0,2024-07-26 03:30:28,14,0,25.0286,121.48908
500113061,0,2024-07-26 03:31:22,14,0,25.0286,121.48908
500113061,0,2024-07-26 03:32:22,14,0,25.0286,121.48908
500113061,0,2024-07-26 03:33:22,14,0,25.0286,121.48908
500113061,0,2024-07-26 03:34:23,14,0,25.0286,121.48908
500113061,0,2024-07-26 03:35:22,14,0,25.0286,121.48908
500113061,0,2024-07-26 03:36:21,14,0,25.0286,121.48908
500113061,0,2024-07-26 03:37:21,14,0,25.0286,121.48908
500113061,0,2024-07-26 03:38:22,14,0,25.0286,121.48908
500113061,0,2024-07-26 03:39:21,14,0,25.0286,121.48908
500113061,0,2024-07-26 03:40:27,14,0,25.0286,121.48908
500113061,0,2024-07-26 03:41:22,14,0,25.0286,121.48908
500113061,0,2024-07-26 03:42:23,14,0,25.0286,121.48908
500113061,0,2024-07-26 03:43:22,14,0,25.0286,121.48908
500113061,0,2024-07-26 03:44:22,14,9,25.0286,121.48908
500113061,0,2024-07-26 03:45:22,14,9,25.0286,121.48908
500113061,0,2024-07-26 03:46:22,14,9,25.0286,121.48908
500113061,0,2024-07-26 03:47:22,14,9,25.0286,121.48908
500113061,0,2024-07-26 03:48:22,14,9,25.0286,121.48908
500113061,0,2024-07-26 03:49:22,14,9,25.0286,121.48908
500113061,1,2024-07-26 03:50:28,14,9,25.0286,121.48908
500113061,1,2024-07-26 03:51:22,14,9,25.0286,121.48908
500113061,1,2024-07-26 03:52:22,14,9,25.0286,121.48908
500113061,1,2024-07-26 03:53:22,14,9,25.0286,121.48908
500113061,1,2024-07-26 03:54:22,14,9,25.0286,121.48908
500113061,1,2024-07-26 03:55:22,14,9,25.0286,121.48908
500113061,1,2024-07-26 03:56:22,14,9,25.0286,121.48908
500113061,1,2024-07-26 03:57:22,14,9,25.0286,121.48908
500113061,1,2024-07-26 03:58:22,14,9,25.0286,121.48908
500113061,1,2024-07-26 03:59:22,14,9,25.0286,121.48908
500113061,1,2024-07-26 04:00:27,14,9,25.0286,121.48908
500113061,1,2024-07-26 04:01:22,14,9,25.0286,121.48908
500113061,1,2024-07-26 04:02:22,14,9,25.0286,121.48908
500113061,1,2024-07-26 04:03:21,14,9,25.0286,121.48908
500113061,1,2024-07-26 04:04:22,14,9,25.0286,121.48908
500113061,1,2024-07-26 04:05:22,14,9,25.0286,121.48908
500113061,1,2024-07-26 04:06:22,14,9,25.0286,121.48908
500113061,1,2024-07-26 04:07:21,14,9,25.0286,121.48908
500113061,1,2024-07-26 04:08:22,14,9,25.0286,121.48908
500113061,1,2024-07-26 04:09:22,14,9,25.0286,121.48908
500113061,1,2024-07-26 04:10:27,14,9,25.0286,121.48908
500113061,1,2024-07-26 04:11:22,14,9,25.0286,121.48908
500113061,1,2024-07-26 04:12:21,14,9,25.0286,121.48908
500113061,1,2024-07-26 04:13:22,14,9,25.0286,121.48908
500113061,1,2024-07-26 04:14:21,14,9,25.0286,121.48908
500113061,1,2024-07-26 04:15:21,14,9,25.0286,121.48908
500113061,1,2024-07-26 04:16:21,14,9,25.0286,121.48908
500113061,1,2024-07-26 04:17:22,14,9,25.0286,121.48908
500113061,1,2024-07-26 04:18:21,14,9,25.0286,121.48908
500113061,1,2024-07-26 04:19:21,14,9,25.0286,121.48908
500113061,1,2024-07-26 04:20:28,14,9,25.0286,121.48908
500113061,1,2024-07-26 04:21:22,14,9,25.0286,121.48908
500113061,1,2024-07-26 04:22:22,14,9,25.0286,121.48908
500113061,1,2024-07-26 04:23:21,14,9,25.0286,121.48908
500113061,1,2024-07-26 04:24:22,14,9,25.0286,121.48908
500113061,1,2024-07-26 04:25:22,14,9,25.0286,121.48908
500113061,1,2024-07-26 04:26:22,14,9,25.0286,121.48908
500113061,1,2024-07-26 04:27:21,14,9,25.0286,121.48908
500113061,1,2024-07-26 04:28:22,14,9,25.0286,121.48908
500113061,1,2024-07-26 04:29:22,14,9,25.0286,121.48908
500113061,1,2024-07-26 04:30:27,14,10,25.0286,121.48908
500113061,1,2024-07-26 04:31:22,14,10,25.0286,121.48908
500113061,1,2024-07-26 04:32:22,14,10,25.0286,121.48908
500113061,1,2024-07-26 04:33:21,14,10,25.0286,121.48908
500113061,1,2024-07-26 04:34:22,14,10,25.0286,121.48908
500113061,1,2024-07-26 04:35:21,14,10,25.0286,121.48908
500113061,1,2024-07-26 04:36:49,14,10,25.0286,121.48908
500113061,1,2024-07-26 04:37:21,14,10,25.0286,121.48908
500113061,1,2024-07-26 04:38:22,14,10,25.0286,121.48908
500113061,1,2024-07-26 04:39:21,14,10,25.0286,121.48908
500113061,1,2024-07-26 04:40:28,14,10,25.0286,121.48908
500113061,1,2024-07-26 04:41:22,14,10,25.0286,121.48908
500113061,1,2024-07-26 04:42:21,14,10,25.0286,121.48908
500113061,1,2024-07-26 04:43:21,14,10,25.0286,121.48908
500113061,1,2024-07-26 04:44:22,14,10,25.0286,121.48908
500113061,1,2024-07-26 04:45:22,14,10,25.0286,121.48908
500113061,1,2024-07-26 04:46:22,14,10,25.0286,121.48908
500113061,1,2024-07-26 04:47:22,14,10,25.0286,121.48908
500113061,1,2024-07-26 04:48:22,14,10,25.0286,121.48908
500113061,1,2024-07-26 04:49:22,14,10,25.0286,121.48908
500113061,1,2024-07-26 04:50:27,14,10,25.0286,121.48908
500113061,1,2024-07-26 04:51:22,14,10,25.0286,121.48908
500113061,1,2024-07-26 04:52:21,14,10,25.0286,121.48908
500113061,1,2024-07-26 04:53:22,14,10,25.0286,121.48908
500113061,1,2024-07-26 04:54:22,14,8,25.0286,121.48908
500113061,1,2024-07-26 04:55:22,14,8,25.0286,121.48908
500113061,1,2024-07-26 04:56:22,14,7,25.0286,121.48908
500113061,1,2024-07-26 04:57:22,14,7,25.0286,121.48908
500113061,1,2024-07-26 04:58:22,14,7,25.0286,121.48908
500113061,1,2024-07-26 04:59:22,14,7,25.0286,121.48908
500113061,1,2024-07-26 05:00:27,14,7,25.0286,121.48908
500113061,1,2024-07-26 05:01:22,14,7,25.0286,121.48908
500113061,1,2024-07-26 05:02:22,14,7,25.0286,121.48908
500113061,1,2024-07-26 05:04:22,14,7,25.0286,121.48908
500113061,1,2024-07-26 05:04:22,14,7,25.0286,121.48908
500113061,1,2024-07-26 05:06:23,14,6,25.0286,121.48908
500113061,1,2024-07-26 05:07:22,14,6,25.0286,121.48908
500113061,1,2024-07-26 05:08:21,14,6,25.0286,121.48908
500113061,1,2024-07-26 05:09:22,14,6,25.0286,121.48908
500113061,1,2024-07-26 05:10:28,14,6,25.0286,121.48908
500113061,1,2024-07-26 05:11:22,14,6,25.0286,121.48908
500113061,1,2024-07-26 05:12:22,14,6,25.0286,121.48908
500113061,1,2024-07-26 05:13:22,14,6,25.0286,121.48908
500113061,1,2024-07-26 05:14:22,14,6,25.0286,121.48908
500113061,1,2024-07-26 05:15:22,14,6,25.0286,121.48908
500113061,1,2024-07-26 05:16:22,14,6,25.0286,121.48908
500113061,1,2024-07-26 05:17:21,14,6,25.0286,121.48908
500113061,1,2024-07-26 05:17:21,14,6,25.0286,121.48908
500113061,1,2024-07-26 05:19:22,14,6,25.0286,121.48908
500101036,1,2024-07-26 05:22:22,20,8,25.02032,121.54497
500101036,1,2024-07-26 05:22:22,20,8,25.02032,121.54497
500101036,1,2024-07-26 05:23:22,20,8,25.02032,121.54497
500101036,1,2024-07-26 05:25:21,20,8,25.02032,121.54497
500101036,1,2024-07-26 05:25:21,20,8,25.02032,121.54497
500101036,1,2024-07-26 05:27:22,20,8,25.02032,121.54497
500101036,1,2024-07-26 05:27:22,20,8,25.02032,121.54497
500101036,1,2024-07-26 05:28:21,20,8,25.02032,121.54497
500101036,1,2024-07-26 05:29:22,20,8,25.02032,121.54497
500101036,1,2024-07-26 05:31:22,20,8,25.02032,121.54497
500101036,1,2024-07-26 05:32:22,20,8,25.02032,121.54497
500101036,1,2024-07-26 05:33:22,20,8,25.02032,121.54497
500101036,1,2024-07-26 05:34:22,20,8,25.02032,121.54497
500101036,1,2024-07-26 05:35:22,20,8,25.02032,121.54497
500101036,1,2024-07-26 05:36:22,20,8,25.02032,121.54497
500101036,1,2024-07-26 05:36:22,20,8,25.02032,121.54497
500101036,1,2024-07-26 05:38:22,20,8,25.02032,121.54497
500101036,1,2024-07-26 05:39:21,20,8,25.02032,121.54497
500101036,1,2024-07-26 05:39:21,20,8,25.02032,121.54497
500101036,1,2024-07-26 05:40:27,20,8,25.02032,121.54497
500101036,1,2024-07-26 05:41:22,20,8,25.02032,121.54497
500101036,1,2024-07-26 05:42:22,20,8,25.02032,121.54497
500101036,1,2024-07-26 05:43:21,20,8,25.02032,121.54497
500101036,1,2024-07-26 05:45:22,20,8,25.02032,121.54497
500101036,1,2024-07-26 05:46:22,20,8,25.02032,121.54497
500101036,1,2024-07-26 05:47:22,20,8,25.02032,121.54497
500101036,1,2024-07-26 05:47:22,20,8,25.02032,121.54497
500101036,1,2024-07-26 05:48:22,20,8,25.02032,121.54497
500101036,1,2024-07-26 05:49:22,20,8,25.02032,121.54497
500101036,1,2024-07-26 05:50:27,20,8,25.02032,121.54497
500101036,1,2024-07-26 05:51:22,20,8,25.02032,121.54497
500101036,1,2024-07-26 05:52:22,20,8,25.02032,121.54497
500101036,1,2024-07-26 05:53:22,20,8,25.02032,121.54497
500101036,1,2024-07-26 05:54:22,20,8,25.02032,121.54497
500101036,0,2024-07-26 05:55:22,20,8,25.02032,121.54497
500101036,0,2024-07-26 05:55:22,20,8,25.02032,121.54497
500101036,1,2024-07-26 05:57:22,20,8,25.02032,121.54497
500101036,1,2024-07-26 05:58:22,20,8,25.02032,121.54497
500101036,1,2024-07-26 05:59:22,20,8,25.02032,121.54497
500101036,1,2024-07-26 06:00:28,20,8,25.02032,121.54497
500101036,1,2024-07-26 06:01:22,20,8,25.02032,121.54497
500101036,1,2024-07-26 06:02:22,20,8,25.02032,121.54497
500101036,1,2024-07-26 06:04:22,20,8,25.02032,121.54497
500101036,1,2024-07-26 06:04:22,20,8,25.02032,121.54497
500101036,1,2024-07-26 06:06:22,20,8,25.02032,121.54497
500101036,1,2024-07-26 06:07:23,20,8,25.02032,121.54497
500101036,1,2024-07-26 06:08:22,20,8,25.02032,121.54497
500101036,1,2024-07-26 06:09:22,20,8,25.02032,121.54497
500101036,1,2024-07-26 06:10:28,20,8,25.02032,121.54497
500101036,1,2024-07-26 06:11:22,20,8,25.02032,121.54497
500101036,1,2024-07-26 06:12:22,20,8,25.02032,121.54497
500101036,1,2024-07-26 06:13:22,20,8,25.02032,121.54497
500101036,1,2024-07-26 06:14:22,20,8,25.02032,121.54497
500101036,1,2024-07-26 06:15:23,20,8,25.02032,121.54497
500101036,1,2024-07-26 06:16:22,20,8,25.02032,121.54497
500101036,1,2024-07-26 06:17:22,20,8,25.02032,121.54497
500101036,1,2024-07-26 06:18:22,20,8,25.02032,121.54497
500101036,1,2024-07-26 06:19:22,20,8,25.02032,121.54497
500101036,1,2024-07-26 06:20:28,20,8,25.02032,121.54497
500101036,1,2024-07-26 06:21:22,20,8,25.02032,121.54497
500101036,1,2024-07-26 06:22:23,20,8,25.02032,121.54497
500101036,1,2024-07-26 06:23:23,20,8,25.02032,121.54497
500101036,1,2024-07-26 06:24:22,20,8,25.02032,121.54497
500101036,1,2024-07-26 06:25:22,20,8,25.02032,121.54497
500101036,1,2024-07-26 06:26:22,20,8,25.02032,121.54497
500101036,1,2024-07-26 06:27:22,20,8,25.02032,121.54497
500101036,1,2024-07-26 06:28:22,20,8,25.02032,121.54497
500101036,1,2024-07-26 06:29:22,20,8,25.02032,121.54497
500101036,1,2024-07-26 06:30:31,20,8,25.02032,121.54497
500101036,1,2024-07-26 06:31:22,20,8,25.02032,121.54497
500101036,1,2024-07-26 06:32:23,20,8,25.02032,121.54497
500101036,1,2024-07-26 06:33:22,20,8,25.02032,121.54497
500101036,1,2024-07-26 06:34:23,20,8,25.02032,121.54497
500101036,1,2024-07-26 06:35:22,20,8,25.02032,121.54497
500101036,1,2024-07-26 06:36:23,20,8,25.02032,121.54497
500101036,1,2024-07-26 06:37:23,20,8,25.02032,121.54497
500101036,1,2024-07-26 06:38:22,20,8,25.02032,121.54497
500101036,1,2024-07-26 06:39:22,20,8,25.02032,121.54497
500101036,1,2024-07-26 06:40:32,20,8,25.02032,121.54497
500101036,1,2024-07-26 06:41:23,20,8,25.02032,121.54497
500101036,1,2024-07-26 06:42:17,20,8,25.02032,121.54497
500101036,1,2024-07-26 06:42:22,20,8,25.02032,121.54497
500101036,1,2024-07-26 06:43:22,20,8,25.02032,121.54497
500101036,1,2024-07-26 06:44:23,20,8,25.02032,121.54497
500101036,1,2024-07-26 06:45:23,20,8,25.02032,121.54497
500101036,1,2024-07-26 06:46:24,20,8,25.02032,121.54497
500101036,1,2024-07-26 06:47:21,20,8,25.02032,121.54497
500101036,1,2024-07-26 06:48:23,20,8,25.02032,121.54497
500101036,1,2024-07-26 06:49:22,20,8,25.02032,121.54497
500101036,1,2024-07-26 06:50:28,20,8,25.02032,121.54497
500101036,1,2024-07-26 06:51:23,20,8,25.02032,121.54497
500101036,1,2024-07-26 06:52:24,20,8,25.02032,121.54497
500101036,1,2024-07-26 06:53:22,20,8,25.02032,121.54497
500101036,1,2024-07-26 06:54:22,20,8,25.02032,121.54497
500101036,1,2024-07-26 06:55:22,20,8,25.02032,121.54497
500101036,1,2024-07-26 06:56:22,20,8,25.02032,121.54497
500101036,1,2024-07-26 06:57:23,20,8,25.02032,121.54497
500101036,1,2024-07-26 06:58:23,20,8,25.02032,121.54497
500101036,1,2024-07-26 06:59:23,20,8,25.02032,121.54497
500101036,1,2024-07-26 07:00:29,20,8,25.02032,121.54497
500101036,1,2024-07-26 07:01:22,20,8,25.02032,121.54497
500101036,1,2024-07-26 07:02:23,20,8,25.02032,121.54497
500101036,1,2024-07-26 07:03:23,20,8,25.02032,121.54497
500101036,1,2024-07-26 07:04:22,20,8,25.02032,121.54497
500101036,1,2024-07-26 07:05:22,20,9,25.02032,121.54497
500101036,1,2024-07-26 07:06:23,20,9,25.02032,121.54497
500101036,1,2024-07-26 07:07:22,20,9,25.02032,121.54497
500101036,1,2024-07-26 07:08:23,20,9,25.02032,121.54497
500101036,1,2024-07-26 07:09:23,20,9,25.02032,121.54497
500101036,1,2024-07-26 07:10:28,20,9,25.02032,121.54497
500101036,1,2024-07-26 07:11:23,20,9,25.02032,121.54497
500101036,1,2024-07-26 07:12:23,20,9,25.02032,121.54497
500101036,1,2024-07-26 07:13:23,20,9,25.02032,121.54497
500101036,1,2024-07-26 07:14:23,20,9,25.02032,121.54497
500101036,1,2024-07-26 07:15:23,20,9,25.02032,121.54497
500101036,1,2024-07-26 07:16:23,20,9,25.02032,121.54497
500101036,1,2024-07-26 07:17:22,20,9,25.02032,121.54497
500101036,1,2024-07-26 07:18:22,20,9,25.02032,121.54497
500101036,1,2024-07-26 07:19:23,20,9,25.02032,121.54497
500101036,1,2024-07-26 07:20:29,20,9,25.02032,121.54497
500101036,1,2024-07-26 07:21:23,20,9,25.02032,121.54497
500101036,1,2024-07-26 07:22:23,20,9,25.02032,121.54497
500101036,1,2024-07-26 07:23:23,20,9,25.02032,121.54497
500101036,1,2024-07-26 07:24:23,20,9,25.02032,121.54497
500101036,1,2024-07-26 07:25:23,20,9,25.02032,121.54497
500101036,1,2024-07-26 07:26:22,20,9,25.02032,121.54497
500101036,1,2024-07-26 07:27:23,20,9,25.02032,121.54497
500101036,1,2024-07-26 07:28:23,20,9,25.02032,121.54497
500101036,1,2024-07-26 07:29:23,20,9,25.02032,121.54497
500101036,1,2024-07-26 07:30:29,20,9,25.02032,121.54497
500101036,1,2024-07-26 07:31:23,20,9,25.02032,121.54497
500101036,1,2024-07-26 07:32:23,20,9,25.02032,121.54497
500101036,1,2024-07-26 07:33:23,20,9,25.02032,121.54497
500101036,1,2024-07-26 07:34:23,20,9,25.02032,121.54497
500101036,1,2024-07-26 07:35:24,20,9,25.02032,121.54497
500101036,1,2024-07-26 07:36:23,20,9,25.02032,121.54497
500101036,1,2024-07-26 07:37:23,20,9,25.02032,121.54497
500101036,1,2024-07-26 07:38:23,20,9,25.02032,121.54497
500101036,1,2024-07-26 07:39:24,20,9,25.02032,121.54497
500101036,1,2024-07-26 07:40:29,20,9,25.02032,121.54497
500101036,1,2024-07-26 07:41:23,20,9,25.02032,121.54497
500101036,1,2024-07-26 07:42:23,20,9,25.02032,121.54497
500101036,1,2024-07-26 07:43:23,20,9,25.02032,121.54497
500101036,1,2024-07-26 07:44:23,20,9,25.02032,121.54497
500101036,1,2024-07-26 07:45:24,20,9,25.02032,121.54497
500101036,1,2024-07-26 07:46:23,20,9,25.02032,121.54497
500101036,1,2024-07-26 07:47:23,20,9,25.02032,121.54497
500101036,1,2024-07-26 07:48:24,20,9,25.02032,121.54497
500101036,1,2024-07-26 07:49:23,20,9,25.02032,121.54497
500101036,1,2024-07-26 07:50:29,20,9,25.02032,121.54497
500101036,1,2024-07-26 07:51:24,20,9,25.02032,121.54497
500101036,1,2024-07-26 07:52:23,20,9,25.02032,121.54497
500101036,1,2024-07-26 07:53:23,20,8,25.02032,121.54497
500101036,1,2024-07-26 07:54:23,20,8,25.02032,121.54497
500101036,1,2024-07-26 07:55:22,20,8,25.02032,121.54497
500101036,1,2024-07-26 07:56:23,20,8,25.02032,121.54497
500101036,1,2024-07-26 07:57:24,20,8,25.02032,121.54497
500101036,1,2024-07-26 07:58:23,20,8,25.02032,121.54497
500101036,1,2024-07-26 07:59:23,20,8,25.02032,121.54497
500101036,1,2024-07-26 08:00:29,20,8,25.02032,121.54497
500101036,1,2024-07-26 08:02:24,20,8,25.02032,121.54497
500101036,1,2024-07-26 08:02:24,20,8,25.02032,121.54497
500101036,1,2024-07-26 08:03:23,20,8,25.02032,121.54497
500101036,1,2024-07-26 08:05:23,20,8,25.02032,121.54497
500101036,1,2024-07-26 08:05:23,20,8,25.02032,121.54497
500101036,1,2024-07-26 08:06:23,20,8,25.02032,121.54497
500101036,1,2024-07-26 08:08:23,20,8,25.02032,121.54497
500101036,1,2024-07-26 08:09:23,20,8,25.02032,121.54497
500101036,1,2024-07-26 08:10:30,20,8,25.02032,121.54497
500101036,1,2024-07-26 08:11:23,20,8,25.02032,121.54497
500101036,1,2024-07-26 08:12:23,20,8,25.02032,121.54497
500101036,1,2024-07-26 08:13:24,20,8,25.02032,121.54497
500101036,1,2024-07-26 08:15:24,20,8,25.02032,121.54497
500101036,1,2024-07-26 08:16:24,20,8,25.02032,121.54497
500101036,1,2024-07-26 08:17:23,20,8,25.02032,121.54497
500101036,1,2024-07-26 08:17:23,20,8,25.02032,121.54497
500101036,1,2024-07-26 08:19:23,20,8,25.02032,121.54497
500101036,1,2024-07-26 08:19:23,20,8,25.02032,121.54497
500101036,1,2024-07-26 08:21:24,20,8,25.02032,121.54497
500101036,1,2024-07-26 08:22:23,20,8,25.02032,121.54497
500101036,1,2024-07-26 08:23:23,20,8,25.02032,121.54497
500101036,1,2024-07-26 08:24:23,20,8,25.02032,121.54497
500101036,1,2024-07-26 08:25:24,20,8,25.02032,121.54497
500101036,1,2024-07-26 08:25:24,20,8,25.02032,121.54497
500101036,1,2024-07-26 08:27:23,20,8,25.02032,121.54497
500101036,1,2024-07-26 08:28:24,20,8,25.02032,121.54497
500101036,1,2024-07-26 08:29:24,20,8,25.02032,121.54497
500101036,1,2024-07-26 08:29:24,20,8,25.02032,121.54497
500101036,1,2024-07-26 08:30:30,20,8,25.02032,121.54497
500101036,1,2024-07-26 08:31:23,20,7,25.02032,121.54497
500101036,1,2024-07-26 08:32:24,20,7,25.02032,121.54497
500101036,1,2024-07-26 08:33:23,20,7,25.02032,121.54497
500101036,1,2024-07-26 08:34:23,20,7,25.02032,121.54497
500101036,1,2024-07-26 08:36:24,20,7,25.02032,121.54497
500101036,1,2024-07-26 08:37:24,20,7,25.02032,121.54497
500101036,1,2024-07-26 08:38:23,20,7,25.02032,121.54497
500101036,1,2024-07-26 08:39:24,20,7,25.02032,121.54497
500101036,1,2024-07-26 08:39:24,20,7,25.02032,121.54497
500101036,1,2024-07-26 08:40:30,20,7,25.02032,121.54497
500101036,1,2024-07-26 08:42:24,20,7,25.02032,121.54497
500101036,1,2024-07-26 08:43:24,20,7,25.02032,121.54497
500101036,1,2024-07-26 08:44:25,20,7,25.02032,121.54497
500101036,1,2024-07-26 08:44:25,20,7,25.02032,121.54497
500101036,1,2024-07-26 08:46:24,20,7,25.02032,121.54497
500101036,1,2024-07-26 08:47:23,20,7,25.02032,121.54497
500101036,1,2024-07-26 08:48:24,20,6,25.02032,121.54497
500101036,1,2024-07-26 08:49:24,20,6,25.02032,121.54497
500101036,1,2024-07-26 08:49:24,20,6,25.02032,121.54497
500101036,1,2024-07-26 08:51:23,20,6,25.02032,121.54497
500101036,1,2024-07-26 08:51:23,20,6,25.02032,121.54497
500101036,1,2024-07-26 08:53:24,20,5,25.02032,121.54497
500101036,1,2024-07-26 08:53:24,20,5,25.02032,121.54497
500101036,1,2024-07-26 08:55:24,20,5,25.02032,121.54497
500101036,1,2024-07-26 08:56:24,20,5,25.02032,121.54497
500101036,1,2024-07-26 08:57:24,20,5,25.02032,121.54497
500101036,1,2024-07-26 08:58:23,20,5,25.02032,121.54497
500101036,1,2024-07-26 08:59:24,20,5,25.02032,121.54497
500101036,1,2024-07-26 08:59:24,20,5,25.02032,121.54497
500101036,1,2024-07-26 09:01:24,20,4,25.02032,121.54497
500101036,1,2024-07-26 09:02:24,20,4,25.02032,121.54497
500101036,1,2024-07-26 09:03:23,20,4,25.02032,121.54497
500101036,1,2024-07-26 09:03:23,20,4,25.02032,121.54497
500101036,1,2024-07-26 09:04:24,20,4,25.02032,121.54497
500101036,1,2024-07-26 09:05:23,20,4,25.02032,121.54497
500101036,1,2024-07-26 09:06:24,20,4,25.02032,121.54497
500101036,1,2024-07-26 09:07:23,20,4,25.02032,121.54497
500101036,1,2024-07-26 09:08:23,20,4,25.02032,121.54497
500101036,1,2024-07-26 09:09:24,20,4,25.02032,121.54497
500101036,1,2024-07-26 09:10:30,20,4,25.02032,121.54497
500101036,1,2024-07-26 09:11:23,20,4,25.02032,121.54497
500101036,1,2024-07-26 09:12:23,20,4,25.02032,121.54497
500101036,1,2024-07-26 09:13:24,20,4,25.02032,121.54497
500101036,1,2024-07-26 09:14:24,20,4,25.02032,121.54497
500101036,1,2024-07-26 09:15:23,20,4,25.02032,121.54497
500101036,1,2024-07-26 09:16:23,20,5,25.02032,121.54497
500101036,1,2024-07-26 09:17:23,20,5,25.02032,121.54497
500101036,1,2024-07-26 09:18:24,20,5,25.02032,121.54497
500101036,1,2024-07-26 09:19:23,20,6,25.02032,121.54497
500101036,1,2024-07-26 09:20:29,20,6,25.02032,121.54497
500101036,1,2024-07-26 09:21:23,20,6,25.02032,121.54497
500101036,1,2024-07-26 09:22:24,20,6,25.02032,121.54497
500101036,1,2024-07-26 09:23:24,20,6,25.02032,121.54497
500101036,1,2024-07-26 09:24:23,20,6,25.02032,121.54497
500101036,1,2024-07-26 09:25:24,20,6,25.02032,121.54497
500101036,1,2024-07-26 09:26:23,20,6,25.02032,121.54497
500101036,1,2024-07-26 09:27:23,20,6,25.02032,121.54497
500101036,1,2024-07-26 09:28:23,20,6,25.02032,121.54497
500101036,1,2024-07-26 09:29:23,20,6,25.02032,121.54497
500101036,1,2024-07-26 09:30:29,20,6,25.02032,121.54497
500101036,1,2024-07-26 09:31:23,20,6,25.02032,121.54497
500101036,1,2024-07-26 09:32:22,20,6,25.02032,121.54497
500101036,1,2024-07-26 09:33:23,20,7,25.02032,121.54497
500101036,1,2024-07-26 09:34:22,20,7,25.02032,121.54497
500101036,1,2024-07-26 09:35:23,20,7,25.02032,121.54497
500101036,1,2024-07-26 09:36:23,20,7,25.02032,121.54497
500101036,1,2024-07-26 09:37:23,20,7,25.02032,121.54497
500101036,1,2024-07-26 09:38:23,20,7,25.02032,121.54497
500101036,1,2024-07-26 09:39:23,20,7,25.02032,121.54497
500101036,1,2024-07-26 09:40:30,20,7,25.02032,121.54497
500101036,1,2024-07-26 09:41:23,20,7,25.02032,121.54497
500101036,1,2024-07-26 09:42:23,20,7,25.02032,121.54497
500101036,1,2024-07-26 09:43:24,20,7,25.02032,121.54497
500101036,1,2024-07-26 09:44:23,20,7,25.02032,121.54497
500101036,1,2024-07-26 09:45:23,20,7,25.02032,121.54497
500101036,1,2024-07-26 09:46:23,20,7,25.02032,121.54497
500101036,1,2024-07-26 09:47:23,20,7,25.02032,121.54497
500101036,1,2024-07-26 09:48:23,20,7,25.02032,121.54497
500101036,1,2024-07-26 09:49:23,20,7,25.02032,121.54497
500101036,1,2024-07-26 09:50:30,20,7,25.02032,121.54497
500101036,1,2024-07-26 09:51:24,20,6,25.02032,121.54497
500101036,1,2024-07-26 09:52:23,20,6,25.02032,121.54497
500101036,1,2024-07-26 09:53:22,20,6,25.02032,121.54497
500101036,1,2024-07-26 09:54:22,20,6,25.02032,121.54497
500101036,1,2024-07-26 09:55:22,20,6,25.02032,121.54497
500101036,1,2024-07-26 09:56:22,20,5,25.02032,121.54497
500101036,1,2024-07-26 09:57:22,20,5,25.02032,121.54497
500101036,1,2024-07-26 09:58:22,20,5,25.02032,121.54497
500101036,1,2024-07-26 09:59:23,20,5,25.02032,121.54497
500101036,1,2024-07-26 10:00:28,20,5,25.02032,121.54497
500101036,1,2024-07-26 10:01:23,20,5,25.02032,121.54497
500101036,1,2024-07-26 10:02:23,20,5,25.02032,121.54497
500101036,1,2024-07-26 10:03:23,20,5,25.02032,121.54497
500101036,1,2024-07-26 10:04:22,20,5,25.02032,121.54497
500101036,1,2024-07-26 10:05:22,20,5,25.02032,121.54497
500101036,1,2024-07-26 10:06:23,20,4,25.02032,121.54497
500101036,1,2024-07-26 10:07:22,20,4,25.02032,121.54497
500101036,1,2024-07-26 10:08:23,20,4,25.02032,121.54497
500101036,1,2024-07-26 10:09:22,20,4,25.02032,121.54497
500101036,1,2024-07-26 10:10:29,20,4,25.02032,121.54497
500101036,1,2024-07-26 10:11:22,20,4,25.02032,121.54497
500101036,1,2024-07-26 10:12:23,20,4,25.02032,121.54497
500101036,1,2024-07-26 10:13:23,20,4,25.02032,121.54497
500101036,1,2024-07-26 10:14:23,20,4,25.02032,121.54497
500101036,1,2024-07-26 10:15:23,20,4,25.02032,121.54497
500101036,1,2024-07-26 10:16:22,20,4,25.02032,121.54497
500101036,1,2024-07-26 10:17:23,20,4,25.02032,121.54497
500101036,1,2024-07-26 10:18:22,20,3,25.02032,121.54497
500101036,1,2024-07-26 10:19:23,20,3,25.02032,121.54497
500101036,1,2024-07-26 10:20:28,20,3,25.02032,121.54497
500101036,1,2024-07-26 10:21:23,20,2,25.02032,121.54497
500101036,1,2024-07-26 10:22:23,20,2,25.02032,121.54497
500101036,1,2024-07-26 10:23:23,20,2,25.02032,121.54497
500101036,1,2024-07-26 10:24:23,20,1,25.02032,121.54497
500101036,1,2024-07-26 10:25:22,20,1,25.02032,121.54497
500101036,1,2024-07-26 10:26:23,20,1,25.02032,121.54497
500101036,1,2024-07-26 10:27:23,20,1,25.02032,121.54497
500101036,1,2024-07-26 10:28:23,20,1,25.02032,121.54497
500101036,1,2024-07-26 10:29:23,20,1,25.02032,121.54497
500101036,1,2024-07-26 10:30:28,20,1,25.02032,121.54497
500101036,1,2024-07-26 10:31:23,20,1,25.02032,121.54497
500101036,1,2024-07-26 10:32:23,20,1,25.02032,121.54497
500101036,1,2024-07-26 10:33:22,20,1,25.02032,121.54497
500101036,1,2024-07-26 10:34:23,20,1,25.02032,121.54497
500101036,1,2024-07-26 10:35:23,20,1,25.02032,121.54497
500101036,1,2024-07-26 10:36:23,20,1,25.02032,121.54497
500101036,1,2024-07-26 10:37:23,20,1,25.02032,121.54497
500101036,1,2024-07-26 10:38:23,20,1,25.02032,121.54497
500101036,1,2024-07-26 10:39:23,20,1,25.02032,121.54497
500101036,1,2024-07-26 10:40:29,20,2,25.02032,121.54497
500101036,1,2024-07-26 10:41:23,20,3,25.02032,121.54497
500101036,1,2024-07-26 10:42:23,20,3,25.02032,121.54497
500101036,1,2024-07-26 10:43:23,20,3,25.02032,121.54497
500101036,1,2024-07-26 10:44:23,20,3,25.02032,121.54497
500101036,1,2024-07-26 10:45:24,20,5,25.02032,121.54497
500101036,1,2024-07-26 10:46:23,20,7,25.02032,121.54497
500101036,1,2024-07-26 10:47:23,20,12,25.02032,121.54497
500101036,1,2024-07-26 10:48:23,20,14,25.02032,121.54497
500101036,1,2024-07-26 10:49:24,20,14,25.02032,121.54497
500101036,1,2024-07-26 10:52:23,20,15,25.02032,121.54497
500101036,1,2024-07-26 10:53:23,20,15,25.02032,121.54497
500101036,1,2024-07-26 10:54:23,20,15,25.02032,121.54497
500101036,1,2024-07-26 10:55:22,20,15,25.02032,121.54497
500101036,1,2024-07-26 10:56:23,20,15,25.02032,121.54497
500101036,1,2024-07-26 10:57:23,20,15,25.02032,121.54497
500101036,1,2024-07-26 10:57:23,20,15,25.02032,121.54497
500101036,1,2024-07-26 10:58:23,20,15,25.02032,121.54497
500101036,1,2024-07-26 10:59:23,20,15,25.02032,121.54497
500101036,1,2024-07-26 11:00:29,20,15,25.02032,121.54497
500101036,1,2024-07-26 11:02:24,20,15,25.02032,121.54497
500101036,1,2024-07-26 11:03:23,20,16,25.02032,121.54497
500101036,1,2024-07-26 11:04:23,20,16,25.02032,121.54497
500101036,1,2024-07-26 11:05:23,20,16,25.02032,121.54497
500101036,1,2024-07-26 11:06:23,20,16,25.02032,121.54497
500101036,1,2024-07-26 11:07:24,20,16,25.02032,121.54497
500101036,1,2024-07-26 11:08:23,20,16,25.02032,121.54497
500101036,1,2024-07-26 11:09:24,20,16,25.02032,121.54497
500101036,1,2024-07-26 11:09:24,20,16,25.02032,121.54497
500101036,1,2024-07-26 11:11:23,20,16,25.02032,121.54497
500101036,1,2024-07-26 11:12:23,20,16,25.02032,121.54497
500101036,1,2024-07-26 11:12:23,20,16,25.02032,121.54497
500101036,1,2024-07-26 11:14:24,20,17,25.02032,121.54497
500101036,1,2024-07-26 11:15:23,20,17,25.02032,121.54497
500101036,1,2024-07-26 11:16:24,20,17,25.02032,121.54497
500101036,1,2024-07-26 11:16:24,20,17,25.02032,121.54497
500101036,1,2024-07-26 11:17:23,20,17,25.02032,121.54497
500101036,1,2024-07-26 11:18:24,20,17,25.02032,121.54497
500101036,1,2024-07-26 11:19:24,20,17,25.02032,121.54497
500101036,1,2024-07-26 11:21:24,20,17,25.02032,121.54497
500101036,1,2024-07-26 11:22:24,20,17,25.02032,121.54497
500101036,1,2024-07-26 11:22:24,20,17,25.02032,121.54497
500101036,1,2024-07-26 11:24:23,20,17,25.02032,121.54497
500101036,1,2024-07-26 11:24:23,20,17,25.02032,121.54497
500101036,1,2024-07-26 11:26:24,20,17,25.02032,121.54497
500101036,1,2024-07-26 11:27:23,20,17,25.02032,121.54497
500101036,1,2024-07-26 11:28:24,20,17,25.02032,121.54497
500101036,1,2024-07-26 11:29:22,20,17,25.02032,121.54497
500101036,1,2024-07-26 11:29:22,20,17,25.02032,121.54497
500101036,1,2024-07-26 11:31:23,20,17,25.02032,121.54497
500101036,1,2024-07-26 11:32:23,20,16,25.02032,121.54497
500101036,1,2024-07-26 11:32:23,20,16,25.02032,121.54497
500101036,1,2024-07-26 11:34:23,20,16,25.02032,121.54497
500101036,1,2024-07-26 11:35:23,20,16,25.02032,121.54497
500101036,1,2024-07-26 11:36:24,20,16,25.02032,121.54497
500101036,1,2024-07-26 11:37:23,20,16,25.02032,121.54497
500101036,1,2024-07-26 11:38:23,20,16,25.02032,121.54497
500101036,1,2024-07-26 11:39:23,20,16,25.02032,121.54497
500101036,1,2024-07-26 11:39:23,20,16,25.02032,121.54497
500101036,1,2024-07-26 11:40:30,20,16,25.02032,121.54497
500101035,1,2024-07-26 11:41:23,24,6,25.01787,121.5476
500101035,1,2024-07-26 11:43:24,24,6,25.01787,121.5476
500101035,1,2024-07-26 11:44:23,24,5,25.01787,121.5476
500101035,1,2024-07-26 11:45:23,24,5,25.01787,121.5476
500101035,1,2024-07-26 11:46:24,24,5,25.01787,121.5476
500101035,1,2024-07-26 11:47:24,24,5,25.01787,121.5476
500101035,1,2024-07-26 11:48:23,24,7,25.01787,121.5476
500101035,1,2024-07-26 11:49:23,24,7,25.01787,121.5476
500101035,1,2024-07-26 11:49:23,24,7,25.01787,121.5476
500101035,1,2024-07-26 11:51:23,24,7,25.01787,121.5476
500101035,1,2024-07-26 11:52:23,24,8,25.01787,121.5476
500101035,1,2024-07-26 11:53:24,24,6,25.01787,121.5476
500101035,1,2024-07-26 11:54:24,24,6,25.01787,121.5476
500101035,1,2024-07-26 11:55:23,24,6,25.01787,121.5476
500101035,1,2024-07-26 11:56:23,24,5,25.01787,121.5476
500101035,1,2024-07-26 11:57:23,24,5,25.01787,121.5476
500101035,1,2024-07-26 11:58:23,24,5,25.01787,121.5476
500101035,1,2024-07-26 11:59:24,24,7,25.01787,121.5476
500101035,1,2024-07-26 11:59:24,24,7,25.01787,121.5476
500101035,1,2024-07-26 12:00:30,24,7,25.01787,121.5476
500101035,1,2024-07-26 12:01:24,24,7,25.01787,121.5476
500101035,1,2024-07-26 12:03:23,24,5,25.01787,121.5476
500101035,1,2024-07-26 12:04:23,24,5,25.01787,121.5476
500101035,1,2024-07-26 12:05:23,24,5,25.01787,121.5476
500101035,1,2024-07-26 12:06:23,24,5,25.01787,121.5476
500101035,1,2024-07-26 12:07:23,24,5,25.01787,121.5476
500101035,1,2024-07-26 12:08:22,24,6,25.01787,121.5476
500101035,1,2024-07-26 12:09:23,24,6,25.01787,121.5476
500101035,1,2024-07-26 12:09:23,24,6,25.01787,121.5476
500101035,1,2024-07-26 12:11:23,24,6,25.01787,121.5476
500101035,1,2024-07-26 12:12:23,24,7,25.01787,121.5476
500101035,1,2024-07-26 12:13:24,24,7,25.01787,121.5476
500101035,1,2024-07-26 12:14:23,24,7,25.01787,121.5476
500101035,1,2024-07-26 12:15:24,24,7,25.01787,121.5476
500101035,1,2024-07-26 12:16:24,24,7,25.01787,121.5476
500101035,1,2024-07-26 12:17:23,24,7,25.01787,121.5476
500101035,1,2024-07-26 12:18:23,24,5,25.01787,121.5476
500101035,1,2024-07-26 12:19:24,24,5,25.01787,121.5476
500101035,1,2024-07-26 12:19:24,24,5,25.01787,121.5476
500101035,1,2024-07-26 12:20:29,24,5,25.01787,121.5476
500101035,1,2024-07-26 12:21:23,24,3,25.01787,121.5476
500101035,1,2024-07-26 12:23:23,24,2,25.01787,121.5476
500101035,1,2024-07-26 12:23:23,24,2,25.01787,121.5476
500101035,1,2024-07-26 12:25:23,24,0,25.01787,121.5476
500101035,1,2024-07-26 12:26:23,24,0,25.01787,121.5476
500101035,1,2024-07-26 12:27:23,24,0,25.01787,121.5476
500101035,1,2024-07-26 12:27:23,24,0,25.01787,121.5476
500101035,1,2024-07-26 12:28:24,24,1,25.01787,121.5476
500101035,1,2024-07-26 12:29:24,24,1,25.01787,121.5476
500101035,1,2024-07-26 12:30:29,24,1,25.01787,121.5476
500101035,1,2024-07-26 12:31:24,24,0,25.01787,121.5476
500101035,1,2024-07-26 12:32:24,24,0,25.01787,121.5476
500101035,1,2024-07-26 12:33:23,24,0,25.01787,121.5476
500101035,1,2024-07-26 12:34:23,24,0,25.01787,121.5476
500101035,1,2024-07-26 12:35:23,24,0,25.01787,121.5476
500101035,1,2024-07-26 12:36:23,24,0,25.01787,121.5476
500101035,1,2024-07-26 12:37:23,24,0,25.01787,121.5476
500101035,1,2024-07-26 12:38:23,24,0,25.01787,121.5476
500101035,1,2024-07-26 12:39:23,24,1,25.01787,121.5476
500101035,1,2024-07-26 12:40:29,24,1,25.01787,121.5476
500101035,1,2024-07-26 12:41:23,24,1,25.01787,121.5476
500101035,1,2024-07-26 12:42:23,24,1,25.01787,121.5476
500101035,1,2024-07-26 12:43:23,24,1,25.01787,121.5476
500101035,1,2024-07-26 12:44:23,24,1,25.01787,121.5476
500101035,1,2024-07-26 12:45:23,24,1,25.01787,121.5476
500101035,1,2024-07-26 12:46:23,24,1,25.01787,121.5476
500101035,1,2024-07-26 12:47:23,24,1,25.01787,121.5476
500101035,1,2024-07-26 12:48:23,24,1,25.01787,121.5476
500101035,1,2024-07-26 12:49:23,24,3,25.01787,121.5476
500101035,1,2024-07-26 12:50:29,24,3,25.01787,121.5476
500101035,1,2024-07-26 12:51:23,24,3,25.01787,121.5476
500101035,1,2024-07-26 12:52:22,24,3,25.01787,121.5476
500101035,1,2024-07-26 12:53:23,24,3,25.01787,121.5476
500101035,1,2024-07-26 12:54:23,24,3,25.01787,121.5476
500101035,1,2024-07-26 12:55:23,24,3,25.01787,121.5476
500101035,1,2024-07-26 12:56:22,24,3,25.01787,121.5476
500101035,1,2024-07-26 12:57:23,24,3,25.01787,121.5476
500101035,1,2024-07-26 12:58:22,24,4,25.01787,121.5476
500101035,1,2024-07-26 12:59:22,24,4,25.01787,121.5476
500101035,1,2024-07-26 13:00:28,24,4,25.01787,121.5476
500101035,1,2024-07-26 13:01:22,24,4,25.01787,121.5476
500101035,1,2024-07-26 13:02:23,24,4,25.01787,121.5476
500101035,1,2024-07-26 13:03:23,24,3,25.01787,121.5476
500101035,1,2024-07-26 13:04:23,24,3,25.01787,121.5476
500101035,1,2024-07-26 13:05:22,24,3,25.01787,121.5476
500101035,1,2024-07-26 13:06:23,24,3,25.01787,121.5476
500101035,1,2024-07-26 13:07:22,24,3,25.01787,121.5476
500101035,1,2024-07-26 13:08:23,24,3,25.01787,121.5476
500101035,1,2024-07-26 13:09:23,24,3,25.01787,121.5476
500101035,1,2024-07-26 13:10:28,24,3,25.01787,121.5476
500101035,1,2024-07-26 13:11:22,24,3,25.01787,121.5476
500101035,1,2024-07-26 13:12:22,24,3,25.01787,121.5476
500101035,1,2024-07-26 13:13:23,24,3,25.01787,121.5476
500101035,1,2024-07-26 13:14:22,24,3,25.01787,121.5476
500101035,1,2024-07-26 13:15:22,24,3,25.01787,121.5476
500101035,1,2024-07-26 13:17:23,24,3,25.01787,121.5476
500101035,1,2024-07-26 13:18:22,24,3,25.01787,121.5476
500101035,1,2024-07-26 13:19:23,24,2,25.01787,121.5476
500101035,1,2024-07-26 13:20:29,24,2,25.01787,121.5476
500101035,1,2024-07-26 13:21:23,24,3,25.01787,121.5476
500101035,1,2024-07-26 13:22:23,24,3,25.01787,121.5476
500101035,1,2024-07-26 13:23:23,24,3,25.01787,121.5476
500101035,1,2024-07-26 13:24:22,24,3,25.01787,121.5476
500101035,1,2024-07-26 13:25:23,24,4,25.01787,121.5476
500101035,1,2024-07-26 13:26:23,24,5,25.01787,121.5476
500101035,1,2024-07-26 13:27:23,24,5,25.01787,121.5476
500101035,1,2024-07-26 13:28:23,24,5,25.01787,121.5476
500101035,1,2024-07-26 13:29:23,24,5,25.01787,121.5476
500101035,1,2024-07-26 13:30:28,24,5,25.01787,121.5476
500101035,1,2024-07-26 13:31:23,24,5,25.01787,121.5476
500101035,1,2024-07-26 13:32:22,24,5,25.01787,121.5476
500101035,1,2024-07-26 13:33:22,24,5,25.01787,121.5476
500101035,1,2024-07-26 13:34:23,24,5,25.01787,121.5476
500101035,1,2024-07-26 13:34:23,24,5,25.01787,121.5476
500101035,1,2024-07-26 13:36:23,24,5,25.01787,121.5476
500101035,1,2024-07-26 13:37:23,24,5,25.01787,121.5476
500101035,1,2024-07-26 13:38:23,24,5,25.01787,121.5476
500101035,1,2024-07-26 13:39:23,24,5,25.01787,121.5476
500101035,1,2024-07-26 13:40:29,24,5,25.01787,121.5476
500101035,1,2024-07-26 13:41:22,24,5,25.01787,121.5476
500101035,1,2024-07-26 13:42:22,24,5,25.01787,121.5476
500101035,1,2024-07-26 13:43:23,24,5,25.01787,121.5476
500101035,1,2024-07-26 13:44:22,24,5,25.01787,121.5476
500101035,1,2024-07-26 13:46:22,24,5,25.01787,121.5476
500101035,1,2024-07-26 13:47:22,24,5,25.01787,121.5476
500101035,1,2024-07-26 13:48:23,24,5,25.01787,121.5476
500101035,1,2024-07-26 13:49:22,24,5,25.01787,121.5476
500101035,1,2024-07-26 13:49:22,24,5,25.01787,121.5476
500101035,1,2024-07-26 13:50:28,24,5,25.01787,121.5476
500101035,1,2024-07-26 13:52:22,24,5,25.01787,121.5476
500101035,1,2024-07-26 13:53:22,24,5,25.01787,121.5476
500101035,1,2024-07-26 13:54:22,24,5,25.01787,121.5476
500101035,1,2024-07-26 13:55:22,24,5,25.01787,121.5476
500101035,1,2024-07-26 13:56:23,24,4,25.01787,121.5476
500101035,1,2024-07-26 13:57:22,24,4,25.01787,121.5476
500101035,1,2024-07-26 13:58:22,24,4,25.01787,121.5476
500101035,1,2024-07-26 13:59:22,24,4,25.01787,121.5476
500101035,1,2024-07-26 13:59:22,24,4,25.01787,121.5476
500101035,1,2024-07-26 14:00:27,24,4,25.01787,121.5476
500101035,1,2024-07-26 14:01:22,24,4,25.01787,121.5476
500101035,1,2024-07-26 14:02:23,24,4,25.01787,121.5476
500101035,1,2024-07-26 14:03:22,24,4,25.01787,121.5476
500101035,1,2024-07-26 14:05:22,24,4,25.01787,121.5476
500101035,1,2024-07-26 14:06:22,24,4,25.01787,121.5476
500101035,1,2024-07-26 14:07:23,24,4,25.01787,121.5476
500101035,1,2024-07-26 14:08:22,24,4,25.01787,121.5476
500101035,1,2024-07-26 14:09:22,24,5,25.01787,121.5476
500101035,1,2024-07-26 14:09:22,24,5,25.01787,121.5476
500101035,1,2024-07-26 14:11:23,24,5,25.01787,121.5476
500101035,1,2024-07-26 14:12:22,24,5,25.01787,121.5476
500101035,1,2024-07-26 14:13:22,24,5,25.01787,121.5476
500101035,1,2024-07-26 14:14:22,24,6,25.01787,121.5476
500101035,1,2024-07-26 14:15:22,24,6,25.01787,121.5476
500101035,1,2024-07-26 14:16:22,24,6,25.01787,121.5476
500101035,1,2024-07-26 14:17:22,24,6,25.01787,121.5476
500101035,1,2024-07-26 14:18:22,24,5,25.01787,121.5476
500101035,1,2024-07-26 14:19:23,24,5,25.01787,121.5476
500101035,1,2024-07-26 14:19:23,24,5,25.01787,121.5476
500101035,1,2024-07-26 14:21:23,24,5,25.01787,121.5476
500101035,1,2024-07-26 14:22:22,24,5,25.01787,121.5476
500101035,1,2024-07-26 14:23:22,24,5,25.01787,121.5476
500101035,1,2024-07-26 14:23:22,24,5,25.01787,121.5476
500101035,1,2024-07-26 14:24:22,24,5,25.01787,121.5476
500101035,1,2024-07-26 14:26:22,24,5,25.01787,121.5476
500101035,1,2024-07-26 14:27:23,24,5,25.01787,121.5476
500101035,1,2024-07-26 14:28:22,24,5,25.01787,121.5476
500101035,1,2024-07-26 14:28:22,24,5,25.01787,121.5476
500101035,1,2024-07-26 14:29:23,24,5,25.01787,121.5476
500101035,1,2024-07-26 14:30:29,24,5,25.01787,121.5476
500101035,1,2024-07-26 14:31:23,24,5,25.01787,121.5476
500101035,1,2024-07-26 14:32:22,24,5,25.01787,121.5476
500101035,1,2024-07-26 14:33:23,24,5,25.01787,121.5476
500101035,1,2024-07-26 14:35:22,24,5,25.01787,121.5476
500101035,1,2024-07-26 14:36:23,24,5,25.01787,121.5476
500101035,1,2024-07-26 14:36:23,24,5,25.01787,121.5476
500101035,1,2024-07-26 14:38:22,24,5,25.01787,121.5476
500101035,1,2024-07-26 14:39:23,24,5,25.01787,121.5476
500101035,1,2024-07-26 14:39:23,24,5,25.01787,121.5476
500101035,1,2024-07-26 14:40:28,24,5,25.01787,121.5476
500101035,1,2024-07-26 14:42:22,24,5,25.01787,121.5476
500101035,1,2024-07-26 14:43:22,24,4,25.01787,121.5476
500101035,1,2024-07-26 14:44:23,24,4,25.01787,121.5476
500101035,1,2024-07-26 14:45:22,24,4,25.01787,121.5476
500101035,1,2024-07-26 14:46:22,24,4,25.01787,121.5476
500101035,1,2024-07-26 14:47:23,24,5,25.01787,121.5476
500101035,1,2024-07-26 14:48:23,24,5,25.01787,121.5476
500101035,1,2024-07-26 14:49:22,24,5,25.01787,121.5476
500101035,1,2024-07-26 14:50:28,24,5,25.01787,121.5476
500101035,1,2024-07-26 14:51:23,24,5,25.01787,121.5476
500101035,1,2024-07-26 14:52:22,24,6,25.01787,121.5476
500101035,1,2024-07-26 14:53:23,24,6,25.01787,121.5476
500101035,1,2024-07-26 14:54:22,24,6,25.01787,121.5476
500101035,1,2024-07-26 14:55:22,24,6,25.01787,121.5476
500101035,1,2024-07-26 14:56:23,24,5,25.01787,121.5476
500101035,1,2024-07-26 14:57:22,24,5,25.01787,121.5476
500101035,1,2024-07-26 14:58:22,24,5,25.01787,121.5476
500101035,1,2024-07-26 14:59:22,24,5,25.01787,121.5476
500101035,1,2024-07-26 14:59:22,24,5,25.01787,121.5476
500101035,1,2024-07-26 15:01:23,24,6,25.01787,121.5476
500101035,1,2024-07-26 15:02:22,24,6,25.01787,121.5476
500101035,1,2024-07-26 15:03:23,24,6,25.01787,121.5476
500101035,1,2024-07-26 15:04:22,24,6,25.01787,121.5476
500101035,1,2024-07-26 15:05:22,24,6,25.01787,121.5476
500101035,1,2024-07-26 15:06:22,24,6,25.01787,121.5476
500101035,1,2024-07-26 15:07:22,24,6,25.01787,121.5476
500101035,1,2024-07-26 15:08:23,24,6,25.01787,121.5476
500101035,1,2024-07-26 15:09:22,24,5,25.01787,121.5476
500101035,1,2024-07-26 15:10:29,24,5,25.01787,121.5476
500101035,1,2024-07-26 15:11:22,24,5,25.01787,121.5476
500101035,1,2024-07-26 15:12:23,24,5,25.01787,121.5476
500101035,1,2024-07-26 15:13:22,24,4,25.01787,121.5476
500101035,1,2024-07-26 15:14:23,24,4,25.01787,121.5476
500101035,1,2024-07-26 15:15:22,24,4,25.01787,121.5476
500101035,1,2024-07-26 15:16:23,24,4,25.01787,121.5476
500101035,1,2024-07-26 15:17:22,24,4,25.01787,121.5476
500101035,1,2024-07-26 15:18:23,24,4,25.01787,121.5476
500101035,1,2024-07-26 15:19:22,24,4,25.01787,121.5476
500101035,1,2024-07-26 15:20:28,24,4,25.01787,121.5476
500101035,1,2024-07-26 15:21:22,24,3,25.01787,121.5476
500101035,1,2024-07-26 15:22:22,24,3,25.01787,121.5476
500101035,1,2024-07-26 15:23:22,24,3,25.01787,121.5476
500101035,1,2024-07-26 15:24:22,24,3,25.01787,121.5476
500101035,1,2024-07-26 15:25:23,24,3,25.01787,121.5476
500101035,1,2024-07-26 15:26:23,24,3,25.01787,121.5476
500101035,1,2024-07-26 15:27:22,24,2,25.01787,121.5476
500101035,1,2024-07-26 15:28:22,24,2,25.01787,121.5476
500101035,1,2024-07-26 15:29:23,24,2,25.01787,121.5476
500101035,1,2024-07-26 15:30:28,24,2,25.01787,121.5476
500101035,1,2024-07-26 15:31:22,24,2,25.01787,121.5476
500101035,1,2024-07-26 15:32:23,24,2,25.01787,121.5476
500101035,1,2024-07-26 15:33:22,24,2,25.01787,121.5476
500101035,1,2024-07-26 15:34:23,24,2,25.01787,121.5476
500101035,1,2024-07-26 15:35:22,24,1,25.01787,121.5476
500101035,1,2024-07-26 15:36:23,24,1,25.01787,121.5476
500101035,1,2024-07-26 15:37:22,24,1,25.01787,121.5476
500101035,1,2024-07-26 15:38:23,24,1,25.01787,121.5476
500101035,1,2024-07-26 15:39:22,24,1,25.01787,121.5476
500101035,1,2024-07-26 15:40:29,24,1,25.01787,121.5476
500101035,1,2024-07-26 15:41:22,24,1,25.01787,121.5476
500101035,1,2024-07-26 15:42:22,24,1,25.01787,121.5476
500101035,1,2024-07-26 15:43:22,24,1,25.01787,121.5476
500101035,1,2024-07-26 15:44:22,24,1,25.01787,121.5476
500101035,1,2024-07-26 15:45:23,24,0,25.01787,121.5476
500101035,1,2024-07-26 15:46:23,24,0,25.01787,121.5476
500101035,1,2024-07-26 15:47:22,24,0,25.01787,121.5476
500101035,1,2024-07-26 15:48:23,24,0,25.01787,121.5476
500101035,1,2024-07-26 15:49:23,24,0,25.01787,121.5476
500101035,1,2024-07-26 15:50:29,24,1,25.01787,121.5476
500101035,1,2024-07-26 15:52:22,24,1,25.01787,121.5476
500101035,1,2024-07-26 15:53:22,24,1,25.01787,121.5476
500101035,1,2024-07-26 15:54:23,24,1,25.01787,121.5476
500101035,1,2024-07-26 15:55:22,24,1,25.01787,121.5476
500101035,1,2024-07-26 15:56:22,24,1,25.01787,121.5476
500101035,1,2024-07-26 15:57:22,24,1,25.01787,121.5476
500101035,1,2024-07-26 15:58:22,24,1,25.01787,121.5476
500101035,1,2024-07-26 15:59:22,24,3,25.01787,121.5476
500101035,1,2024-07-26 15:59:22,24,3,25.01787,121.5476
500101035,1,2024-07-26 16:01:22,24,3,25.01787,121.5476
500101035,1,2024-07-26 16:02:23,24,3,25.01787,121.5476
500101035,1,2024-07-26 16:03:22,24,3,25.01787,121.5476
500101035,1,2024-07-26 16:04:22,24,3,25.01787,121.5476
500101035,1,2024-07-26 16:05:23,24,3,25.01787,121.5476
500101035,1,2024-07-26 16:06:22,24,3,25.01787,121.5476
500101035,1,2024-07-26 16:07:23,24,3,25.01787,121.5476
500101035,1,2024-07-26 16:08:22,24,3,25.01787,121.5476
500101035,1,2024-07-26 16:09:23,24,3,25.01787,121.5476
500101035,1,2024-07-26 16:09:23,24,3,25.01787,121.5476
500101035,1,2024-07-26 16:10:28,24,3,25.01787,121.5476
500101035,1,2024-07-26 16:11:22,24,3,25.01787,121.5476
500101035,1,2024-07-26 16:12:22,24,3,25.01787,121.5476
500101035,1,2024-07-26 16:14:23,24,4,25.01787,121.5476
500101035,1,2024-07-26 16:15:22,24,4,25.01787,121.5476
500101035,1,2024-07-26 16:16:23,24,4,25.01787,121.5476
500101035,1,2024-07-26 16:17:22,24,4,25.01787,121.5476
500101035,1,2024-07-26 16:18:23,24,4,25.01787,121.5476
500101035,1,2024-07-26 16:19:22,24,4,25.01787,121.5476
500101035,1,2024-07-26 16:19:22,24,4,25.01787,121.5476
500101035,1,2024-07-26 16:21:22,24,4,25.01787,121.5476
500101035,1,2024-07-26 16:22:23,24,4,25.01787,121.5476
500101035,1,2024-07-26 16:23:23,24,4,25.01787,121.5476
500101035,1,2024-07-26 16:24:22,24,4,25.01787,121.5476
500101035,1,2024-07-26 16:25:23,24,4,25.01787,121.5476
500101035,1,2024-07-26 16:26:23,24,5,25.01787,121.5476
500101035,1,2024-07-26 16:27:23,24,5,25.01787,121.5476
500101035,1,2024-07-26 16:28:22,24,5,25.01787,121.5476
500101035,1,2024-07-26 16:29:23,24,5,25.01787,121.5476
500101035,1,2024-07-26 16:29:23,24,5,25.01787,121.5476
500101035,1,2024-07-26 16:31:22,24,4,25.01787,121.5476
500101035,1,2024-07-26 16:32:23,24,2,25.01787,121.5476
500101035,1,2024-07-26 16:33:23,24,2,25.01787,121.5476
500101035,1,2024-07-26 16:34:22,24,2,25.01787,121.5476
500101035,1,2024-07-26 16:34:22,24,2,25.01787,121.5476
500101035,1,2024-07-26 16:36:23,24,2,25.01787,121.5476
500101035,1,2024-07-26 16:37:23,24,2,25.01787,121.5476
500101035,1,2024-07-26 16:38:23,24,2,25.01787,121.5476
500101035,1,2024-07-26 16:39:23,24,2,25.01787,121.5476
500101035,1,2024-07-26 16:39:23,24,2,25.01787,121.5476
500101035,1,2024-07-26 16:41:23,24,2,25.01787,121.5476
500101035,1,2024-07-26 16:42:23,24,2,25.01787,121.5476
500101035,1,2024-07-26 16:43:23,24,2,25.01787,121.5476
500101035,1,2024-07-26 16:44:23,24,2,25.01787,121.5476
500101035,1,2024-07-26 16:45:22,24,2,25.01787,121.5476
500101035,1,2024-07-26 16:46:23,24,2,25.01787,121.5476
500101035,1,2024-07-26 16:46:23,24,2,25.01787,121.5476
500101035,1,2024-07-26 16:47:22,24,2,25.01787,121.5476
500101035,1,2024-07-26 16:48:23,24,2,25.01787,121.5476
500101035,1,2024-07-26 16:49:22,24,1,25.01787,121.5476
500101035,1,2024-07-26 16:51:22,24,2,25.01787,121.5476
500101035,1,2024-07-26 16:52:23,24,2,25.01787,121.5476
500101035,1,2024-07-26 16:53:23,24,1,25.01787,121.5476
500101035,1,2024-07-26 16:54:23,24,1,25.01787,121.5476
500101035,1,2024-07-26 16:55:23,24,1,25.01787,121.5476
500101035,1,2024-07-26 16:56:23,24,1,25.01787,121.5476
500101035,1,2024-07-26 16:57:23,24,1,25.01787,121.5476
500101035,1,2024-07-26 16:58:22,24,1,25.01787,121.5476
500101035,1,2024-07-26 16:59:22,24,1,25.01787,121.5476
500101035,1,2024-07-26 16:59:22,24,1,25.01787,121.5476
500101035,1,2024-07-26 17:01:23,24,1,25.01787,121.5476
500101035,1,2024-07-26 17:02:23,24,0,25.01787,121.5476
500101035,1,2024-07-26 17:03:23,24,0,25.01787,121.5476
500101035,1,2024-07-26 17:04:23,24,0,25.01787,121.5476
500101035,1,2024-07-26 17:05:23,24,0,25.01787,121.5476
500101035,1,2024-07-26 17:06:23,24,0,25.01787,121.5476
500101035,1,2024-07-26 17:07:23,24,0,25.01787,121.5476
500101035,1,2024-07-26 17:08:23,24,0,25.01787,121.5476
500101035,1,2024-07-26 17:09:23,24,1,25.01787,121.5476
500101035,1,2024-07-26 17:09:23,24,1,25.01787,121.5476
500101035,1,2024-07-26 17:10:28,24,1,25.01787,121.5476
500101035,1,2024-07-26 17:11:22,24,1,25.01787,121.5476
500101035,1,2024-07-26 17:13:23,24,1,25.01787,121.5476
500101035,1,2024-07-26 17:14:23,24,1,25.01787,121.5476
500101035,1,2024-07-26 17:14:23,24,1,25.01787,121.5476
500101035,1,2024-07-26 17:16:23,24,0,25.01787,121.5476
500101035,1,2024-07-26 17:17:23,24,0,25.01787,121.5476
500101035,1,2024-07-26 17:18:23,24,0,25.01787,121.5476
500101035,1,2024-07-26 17:19:23,24,0,25.01787,121.5476
500101035,1,2024-07-26 17:20:29,24,0,25.01787,121.5476
500101035,1,2024-07-26 17:21:23,24,0,25.01787,121.5476
500101035,1,2024-07-26 17:22:23,24,0,25.01787,121.5476
500101035,1,2024-07-26 17:23:23,24,1,25.01787,121.5476
500101035,1,2024-07-26 17:24:22,24,0,25.01787,121.5476
500101035,1,2024-07-26 17:25:23,24,0,25.01787,121.5476
500101035,1,2024-07-26 17:27:23,24,0,25.01787,121.5476
500101035,1,2024-07-26 17:28:23,24,0,25.01787,121.5476
500101035,1,2024-07-26 17:29:23,24,0,25.01787,121.5476
500101035,1,2024-07-26 17:30:28,24,0,25.01787,121.5476
500101035,1,2024-07-26 17:31:23,24,1,25.01787,121.5476
500101035,1,2024-07-26 17:32:24,24,1,25.01787,121.5476
500101035,1,2024-07-26 17:33:23,24,1,25.01787,121.5476
500101035,1,2024-07-26 17:34:23,24,1,25.01787,121.5476
500101035,1,2024-07-26 17:35:23,24,1,25.01787,121.5476
500101035,1,2024-07-26 17:36:23,24,1,25.01787,121.5476
500101035,1,2024-07-26 17:37:23,24,1,25.01787,121.5476
500101035,1,2024-07-26 17:38:23,24,1,25.01787,121.5476
500101035,1,2024-07-26 17:39:23,24,2,25.01787,121.5476
500101035,1,2024-07-26 17:40:30,24,2,25.01787,121.5476
500101035,1,2024-07-26 17:41:23,24,2,25.01787,121.5476
500101035,1,2024-07-26 17:42:22,24,2,25.01787,121.5476
500101035,1,2024-07-26 17:43:23,24,2,25.01787,121.5476
500101035,1,2024-07-26 17:44:23,24,2,25.01787,121.5476
500101035,1,2024-07-26 17:45:23,24,2,25.01787,121.5476
500101035,1,2024-07-26 17:46:23,24,3,25.01787,121.5476
500101035,1,2024-07-26 17:47:23,24,3,25.01787,121.5476
500101035,1,2024-07-26 17:48:23,24,3,25.01787,121.5476
500101035,1,2024-07-26 17:49:22,24,4,25.01787,121.5476
500101035,1,2024-07-26 17:50:28,24,4,25.01787,121.5476
500101035,1,2024-07-26 17:51:23,24,3,25.01787,121.5476
500101035,1,2024-07-26 17:52:23,24,3,25.01787,121.5476
500101035,1,2024-07-26 17:53:23,24,3,25.01787,121.5476
500101035,1,2024-07-26 17:54:23,24,3,25.01787,121.5476
500101035,1,2024-07-26 17:56:23,24,2,25.01787,121.5476
500101035,1,2024-07-26 17:56:23,24,2,25.01787,121.5476
500101035,1,2024-07-26 17:57:23,24,2,25.01787,121.5476
500101035,1,2024-07-26 17:58:23,24,2,25.01787,121.5476
500101035,1,2024-07-26 17:59:23,24,2,25.01787,121.5476
500101035,1,2024-07-26 18:00:28,24,2,25.01787,121.5476
500101035,1,2024-07-26 18:01:23,24,2,25.01787,121.5476
500101035,1,2024-07-26 18:02:23,24,2,25.01787,121.5476
500101034,1,2024-07-26 18:03:23,18,6,25.01576,121.54291
500101034,1,2024-07-26 18:04:22,18,6,25.01576,121.54291
500101034,1,2024-07-26 18:05:23,18,6,25.01576,121.54291
500101034,1,2024-07-26 18:06:23,18,6,25.01576,121.54291
500101034,1,2024-07-26 18:07:23,18,6,25.01576,121.54291
500101034,1,2024-07-26 18:08:23,18,6,25.01576,121.54291
500101034,1,2024-07-26 18:09:23,18,6,25.01576,121.54291
500101034,1,2024-07-26 18:10:29,18,6,25.01576,121.54291
500101034,1,2024-07-26 18:11:23,18,6,25.01576,121.54291
500101034,1,2024-07-26 18:12:23,18,5,25.01576,121.54291
500101034,1,2024-07-26 18:13:23,18,5,25.01576,121.54291
500101034,1,2024-07-26 18:14:23,18,5,25.01576,121.54291
500101034,1,2024-07-26 18:15:23,18,5,25.01576,121.54291
500101034,1,2024-07-26 18:16:23,18,5,25.01576,121.54291
500101034,1,2024-07-26 18:17:23,18,5,25.01576,121.54291
500101034,1,2024-07-26 18:19:23,18,4,25.01576,121.54291
500101034,1,2024-07-26 18:19:23,18,4,25.01576,121.54291
500101034,1,2024-07-26 18:20:29,18,4,25.01576,121.54291
500101034,1,2024-07-26 18:21:23,18,4,25.01576,121.54291
500101034,1,2024-07-26 18:22:23,18,4,25.01576,121.54291
500101034,1,2024-07-26 18:23:23,18,4,25.01576,121.54291
500101034,1,2024-07-26 18:25:23,18,4,25.01576,121.54291
500101034,1,2024-07-26 18:25:23,18,4,25.01576,121.54291
500101034,1,2024-07-26 18:26:23,18,4,25.01576,121.54291
500101034,1,2024-07-26 18:27:23,18,4,25.01576,121.54291
500101034,1,2024-07-26 18:28:23,18,4,25.01576,121.54291
500101034,1,2024-07-26 18:29:24,18,4,25.01576,121.54291
500101034,1,2024-07-26 18:31:23,18,4,25.01576,121.54291
500101034,1,2024-07-26 18:32:23,18,4,25.01576,121.54291
500101034,1,2024-07-26 18:32:23,18,4,25.01576,121.54291
500101034,1,2024-07-26 18:33:23,18,4,25.01576,121.54291
500101034,1,2024-07-26 18:35:23,18,4,25.01576,121.54291
500101034,1,2024-07-26 18:36:23,18,3,25.01576,121.54291
500101034,1,2024-07-26 18:36:23,18,3,25.01576,121.54291
500101034,1,2024-07-26 18:38:23,18,3,25.01576,121.54291
500101034,1,2024-07-26 18:39:23,18,3,25.01576,121.54291
500101034,1,2024-07-26 18:39:23,18,3,25.01576,121.54291
500101034,1,2024-07-26 18:41:23,18,3,25.01576,121.54291
500101034,1,2024-07-26 18:42:23,18,3,25.01576,121.54291
500101034,1,2024-07-26 18:43:22,18,3,25.01576,121.54291
500101034,1,2024-07-26 18:43:22,18,3,25.01576,121.54291
500101034,1,2024-07-26 18:44:23,18,3,25.01576,121.54291
500101034,1,2024-07-26 18:45:23,18,3,25.01576,121.54291
500101034,1,2024-07-26 18:46:23,18,3,25.01576,121.54291
500101034,1,2024-07-26 18:47:23,18,3,25.01576,121.54291
500101034,1,2024-07-26 18:48:23,18,2,25.01576,121.54291
500101034,1,2024-07-26 18:49:23,18,2,25.01576,121.54291
500101034,1,2024-07-26 18:50:28,18,2,25.01576,121.54291
500101034,1,2024-07-26 18:51:23,18,2,25.01576,121.54291
500101034,1,2024-07-26 18:52:23,18,1,25.01576,121.54291
500101034,1,2024-07-26 18:54:22,18,1,25.01576,121.54291
500101034,1,2024-07-26 18:55:22,18,1,25.01576,121.54291
500101034,1,2024-07-26 18:55:22,18,1,25.01576,121.54291
500101034,1,2024-07-26 18:57:23,18,0,25.01576,121.54291
500101034,1,2024-07-26 18:57:23,18,0,25.01576,121.54291
500101034,1,2024-07-26 18:59:23,18,0,25.01576,121.54291
500101034,1,2024-07-26 18:59:23,18,0,25.01576,121.54291
500101034,1,2024-07-26 19:01:23,18,0,25.01576,121.54291
500101034,1,2024-07-26 19:02:23,18,0,25.01576,121.54291
500101034,1,2024-07-26 19:03:23,18,0,25.01576,121.54291
500101034,1,2024-07-26 19:04:22,18,0,25.01576,121.54291
500101034,1,2024-07-26 19:05:23,18,0,25.01576,121.54291
500101034,1,2024-07-26 19:06:23,18,0,25.01576,121.54291
500101034,1,2024-07-26 19:07:23,18,0,25.01576,121.54291
500101034,1,2024-07-26 19:08:23,18,0,25.01576,121.54291
500101034,1,2024-07-26 19:09:22,18,0,25.01576,121.54291
500101034,1,2024-07-26 19:09:22,18,0,25.01576,121.54291
500101034,1,2024-07-26 19:10:29,18,0,25.01576,121.54291
500101034,1,2024-07-26 19:11:23,18,0,25.01576,121.54291
500101034,1,2024-07-26 19:12:23,18,0,25.01576,121.54291
500101034,1,2024-07-26 19:13:23,18,0,25.01576,121.54291
500101034,1,2024-07-26 19:14:23,18,0,25.01576,121.54291
500101034,1,2024-07-26 19:15:23,18,0,25.01576,121.54291
500101034,1,2024-07-26 19:16:23,18,0,25.01576,121.54291
500101034,1,2024-07-26 19:17:22,18,0,25.01576,121.54291
500101034,1,2024-07-26 19:18:23,18,0,25.01576,121.54291
500101034,1,2024-07-26 19:19:23,18,0,25.01576,121.54291
500101034,1,2024-07-26 19:21:23,18,0,25.01576,121.54291
500101034,1,2024-07-26 19:22:23,18,0,25.01576,121.54291
500101034,1,2024-07-26 19:23:23,18,0,25.01576,121.54291
500101034,1,2024-07-26 19:24:23,18,0,25.01576,121.54291
500101034,1,2024-07-26 19:25:22,18,0,25.01576,121.54291
500101034,1,2024-07-26 19:26:23,18,0,25.01576,121.54291
500101034,1,2024-07-26 19:27:23,18,0,25.01576,121.54291
500101034,1,2024-07-26 19:28:23,18,0,25.01576,121.54291
500101034,1,2024-07-26 19:29:23,18,0,25.01576,121.54291
500101034,1,2024-07-26 19:30:29,18,0,25.01576,121.54291
500101034,1,2024-07-26 19:31:23,18,1,25.01576,121.54291
500101034,1,2024-07-26 19:32:23,18,1,25.01576,121.54291
500101034,1,2024-07-26 19:33:23,18,1,25.01576,121.54291
500101034,1,2024-07-26 19:34:23,18,1,25.01576,121.54291
500101034,1,2024-07-26 19:35:23,18,1,25.01576,121.54291
500101034,1,2024-07-26 19:36:23,18,1,25.01576,121.54291
500101034,1,2024-07-26 22:16:23,18,1,25.01576,121.54291
500101034,1,2024-07-26 22:17:23,18,1,25.01576,121.54291
500101034,1,2024-07-26 22:18:23,18,1,25.01576,121.54291
500101034,1,2024-07-26 22:19:23,18,1,25.01576,121.54291
500101034,1,2024-07-26 22:20:29,18,1,25.01576,121.54291
500101034,1,2024-07-26 22:21:23,18,1,25.01576,121.54291
500101034,1,2024-07-26 22:22:23,18,1,25.01576,121.54291
500101034,1,2024-07-26 22:23:22,18,1,25.01576,121.54291
500101034,1,2024-07-26 22:24:23,18,2,25.01576,121.54291
500101034,1,2024-07-26 22:25:23,18,2,25.01576,121.54291
500101034,1,2024-07-26 22:26:23,18,2,25.01576,121.54291
500101034,1,2024-07-26 22:27:23,18,2,25.01576,121.54291
500101034,1,2024-07-26 22:28:23,18,2,25.01576,121.54291
500101034,1,2024-07-26 22:29:22,18,2,25.01576,121.54291
500101034,1,2024-07-26 22:30:29,18,2,25.01576,121.54291
500101034,1,2024-07-26 22:31:24,18,0,25.01576,121.54291
500101034,1,2024-07-26 22:32:23,18,0,25.01576,121.54291
500101034,1,2024-07-26 22:33:23,18,0,25.01576,121.54291
500101034,1,2024-07-26 22:34:22,18,0,25.01576,121.54291
500101034,1,2024-07-26 22:35:23,18,0,25.01576,121.54291
500101034,1,2024-07-26 22:36:23,18,0,25.01576,121.54291
500101034,1,2024-07-26 22:37:23,18,0,25.01576,121.54291
500101034,1,2024-07-26 22:38:23,18,0,25.01576,121.54291
500101034,1,2024-07-26 22:39:23,18,0,25.01576,121.54291
500101034,1,2024-07-26 22:40:28,18,0,25.01576,121.54291
500101034,1,2024-07-26 22:41:23,18,0,25.01576,121.54291
500101034,1,2024-07-26 22:42:23,18,0,25.01576,121.54291
500101034,1,2024-07-26 22:43:22,18,0,25.01576,121.54291
500101034,1,2024-07-26 22:44:23,18,0,25.01576,121.54291
500101034,1,2024-07-26 22:45:23,18,0,25.01576,121.54291
500101034,1,2024-07-26 22:46:23,18,0,25.01576,121.54291
500101034,1,2024-07-26 22:47:23,18,0,25.01576,121.54291
500101034,1,2024-07-26 22:48:23,18,0,25.01576,121.54291
500101034,1,2024-07-26 22:49:23,18,0,25.01576,121.54291
500101034,1,2024-07-26 22:50:29,18,0,25.01576,121.54291
500101034,1,2024-07-26 22:51:22,18,0,25.01576,121.54291
500101034,1,2024-07-26 22:52:23,18,0,25.01576,121.54291
500101034,1,2024-07-26 22:53:22,18,0,25.01576,121.54291
500101034,1,2024-07-26 22:54:23,18,0,25.01576,121.54291
500101034,1,2024-07-26 22:55:22,18,0,25.01576,121.54291
500101034,1,2024-07-26 22:56:23,18,0,25.01576,121.54291
500101034,1,2024-07-26 22:58:23,18,1,25.01576,121.54291
500101034,1,2024-07-26 22:58:23,18,1,25.01576,121.54291
500101034,1,2024-07-26 22:59:22,18,1,25.01576,121.54291
500101034,1,2024-07-26 23:00:29,18,1,25.01576,121.54291
500101034,1,2024-07-26 23:02:23,18,2,25.01576,121.54291
500101034,1,2024-07-26 23:03:23,18,2,25.01576,121.54291
500101034,1,2024-07-26 23:04:23,18,3,25.01576,121.54291
500101034,1,2024-07-26 23:05:23,18,3,25.01576,121.54291
500101034,1,2024-07-26 23:06:23,18,3,25.01576,121.54291
500101034,1,2024-07-26 23:07:22,18,3,25.01576,121.54291
500101034,1,2024-07-26 23:07:22,18,3,25.01576,121.54291
500101034,1,2024-07-26 23:08:22,18,3,25.01576,121.54291
500101034,1,2024-07-26 23:09:22,18,3,25.01576,121.54291
500101034,1,2024-07-26 23:10:28,18,3,25.01576,121.54291
500101034,1,2024-07-26 23:12:22,18,3,25.01576,121.54291
500101034,1,2024-07-26 23:13:23,18,3,25.01576,121.54291
500101034,1,2024-07-26 23:14:23,18,3,25.01576,121.54291
500101034,1,2024-07-26 23:15:22,18,4,25.01576,121.54291
500101034,1,2024-07-26 23:16:23,18,4,25.01576,121.54291
500101034,1,2024-07-26 23:17:22,18,4,25.01576,121.54291
500101034,1,2024-07-26 23:18:23,18,4,25.01576,121.54291
500101034,1,2024-07-26 23:19:22,18,4,25.01576,121.54291
500101034,1,2024-07-26 23:19:22,18,4,25.01576,121.54291
500101034,1,2024-07-26 23:21:23,18,3,25.01576,121.54291
500101034,1,2024-07-26 23:22:23,18,3,25.01576,121.54291
500101034,1,2024-07-26 23:23:22,18,3,25.01576,121.54291
500101034,1,2024-07-26 23:24:22,18,2,25.01576,121.54291
500101034,1,2024-07-26 23:25:23,18,2,25.01576,121.54291
500101034,1,2024-07-26 23:26:22,18,2,25.01576,121.54291
500101034,1,2024-07-26 23:27:23,18,2,25.01576,121.54291
500101034,1,2024-07-26 23:28:23,18,2,25.01576,121.54291
500101034,1,2024-07-26 23:28:23,18,2,25.01576,121.54291
500101034,1,2024-07-26 23:29:23,18,2,25.01576,121.54291
500101034,1,2024-07-26 23:31:22,18,2,25.01576,121.54291
500101034,1,2024-07-26 23:32:23,18,2,25.01576,121.54291
500101034,1,2024-07-26 23:33:22,18,2,25.01576,121.54291
500101034,1,2024-07-26 23:34:22,18,2,25.01576,121.54291
500101034,1,2024-07-26 23:35:23,18,2,25.01576,121.54291
500101034,1,2024-07-26 23:36:23,18,2,25.01576,121.54291
500101034,1,2024-07-26 23:37:22,18,2,25.01576,121.54291
500101034,1,2024-07-26 23:38:23,18,2,25.01576,121.54291
500101034,1,2024-07-26 23:39:22,18,2,25.01576,121.54291
500101034,1,2024-07-26 23:39:22,18,2,25.01576,121.54291
500101034,1,2024-07-26 23:41:23,18,2,25.01576,121.54291
500101034,1,2024-07-26 23:42:22,18,2,25.01576,121.54291
500101034,1,2024-07-26 23:43:22,18,2,25.01576,121.54291
500101034,1,2024-07-26 23:44:23,18,2,25.01576,121.54291
500101034,1,2024-07-26 23:45:22,18,2,25.01576,121.54291
500101034,1,2024-07-26 23:45:22,18,2,25.01576,121.54291
500101034,1,2024-07-26 23:46:23,18,2,25.01576,121.54291
500101034,1,2024-07-26 23:47:23,18,2,25.01576,121.54291
500101034,1,2024-07-26 23:48:22,18,2,25.01576,121.54291
500101034,1,2024-07-26 23:49:23,18,2,25.01576,121.54291
500101034,1,2024-07-26 23:51:22,18,2,25.01576,121.54291
500101034,1,2024-07-26 23:52:22,18,2,25.01576,121.54291
500101034,1,2024-07-26 23:53:23,18,2,25.01576,121.54291
500101034,1,2024-07-26 23:54:22,18,2,25.01576,121.54291
500101034,1,2024-07-26 23:55:22,18,2,25.01576,121.54291
500101034,1,2024-07-26 23:56:22,18,0,25.01576,121.54291
500101034,1,2024-07-26 23:57:22,18,0,25.01576,121.54291
500101034,1,2024-07-26 23:58:22,18,0,25.01576,121.54291
500101034,1,2024-07-26 23:59:22,18,0,25.01576,121.54291
500101034,1,2024-07-26 23:59:22,18,0,25.01576,121.54291
500101034,1,2024-07-27 00:01:23,18,0,25.01576,121.54291
500101034,1,2024-07-27 00:02:23,18,0,25.01576,121.54291
500101034,1,2024-07-27 00:03:22,18,0,25.01576,121.54291
500101034,1,2024-07-27 00:04:22,18,0,25.01576,121.54291
500101034,1,2024-07-27 00:05:22,18,0,25.01576,121.54291
500101034,1,2024-07-27 00:06:23,18,0,25.01576,121.54291
500101034,1,2024-07-27 00:07:23,18,0,25.01576,121.54291
500101034,1,2024-07-27 00:08:22,18,0,25.01576,121.54291
500101034,1,2024-07-27 00:09:23,18,0,25.01576,121.54291
500101034,1,2024-07-27 00:09:23,18,0,25.01576,121.54291
500101034,1,2024-07-27 00:11:22,18,0,25.01576,121.54291
500101034,1,2024-07-27 00:12:23,18,0,25.01576,121.54291
500101034,1,2024-07-27 00:13:22,18,0,25.01576,121.54291
500101034,1,2024-07-27 00:14:23,18,1,25.01576,121.54291
500101034,1,2024-07-27 00:15:22,18,1,25.01576,121.54291
500101034,1,2024-07-27 00:15:22,18,1,25.01576,121.54291
500101034,1,2024-07-27 00:16:23,18,1,25.01576,121.54291
500101034,1,2024-07-27 00:18:22,18,1,25.01576,121.54291
500101034,1,2024-07-27 00:19:22,18,1,25.01576,121.54291
500101034,1,2024-07-27 00:19:22,18,1,25.01576,121.54291
500101034,1,2024-07-27 00:21:22,18,1,25.01576,121.54291
500101034,1,2024-07-27 00:22:23,18,1,25.01576,121.54291
500101034,1,2024-07-27 00:23:22,18,1,25.01576,121.54291
500101034,1,2024-07-27 00:24:22,18,1,25.01576,121.54291
500101034,1,2024-07-27 00:25:22,18,1,25.01576,121.54291
500101034,1,2024-07-27 00:26:22,18,1,25.01576,121.54291
500101034,1,2024-07-27 00:27:22,18,1,25.01576,121.54291
500101034,1,2024-07-27 00:28:23,18,1,25.01576,121.54291
500101034,1,2024-07-27 00:29:22,18,1,25.01576,121.54291
500101034,1,2024-07-27 00:30:28,18,1,25.01576,121.54291
500101034,1,2024-07-27 00:31:22,18,1,25.01576,121.54291
500101034,1,2024-07-27 00:32:22,18,1,25.01576,121.54291
500101034,1,2024-07-27 00:33:22,18,1,25.01576,121.54291
500101034,1,2024-07-27 00:34:22,18,1,25.01576,121.54291
500101034,1,2024-07-27 00:35:22,18,1,25.01576,121.54291
500101034,1,2024-07-27 00:36:22,18,1,25.01576,121.54291
500101034,1,2024-07-27 00:37:23,18,1,25.01576,121.54291
500101034,1,2024-07-27 00:38:22,18,1,25.01576,121.54291
500101034,1,2024-07-27 00:39:22,18,1,25.01576,121.54291
500101034,1,2024-07-27 00:40:28,18,1,25.01576,121.54291
500101034,1,2024-07-27 00:41:22,18,1,25.01576,121.54291
500101034,1,2024-07-27 00:42:22,18,1,25.01576,121.54291
500101034,1,2024-07-27 00:43:22,18,1,25.01576,121.54291
500101034,1,2024-07-27 00:44:22,18,1,25.01576,121.54291
500101034,1,2024-07-27 00:45:22,18,1,25.01576,121.54291
500101034,1,2024-07-27 00:46:22,18,1,25.01576,121.54291
500101034,1,2024-07-27 00:47:23,18,1,25.01576,121.54291
500101034,1,2024-07-27 00:48:22,18,1,25.01576,121.54291
500101034,1,2024-07-27 00:49:22,18,1,25.01576,121.54291
500101034,1,2024-07-27 00:50:28,18,1,25.01576,121.54291
