sno,act,srcUpdateTime,total,latitude,longitude,available_return_bikes
500110046,1,2024-07-19 21:33:25,47,25.04951,121.54941,47
500110046,1,2024-07-19 21:33:25,47,25.04951,121.54941,47
500110046,1,2024-07-19 21:34:24,47,25.04951,121.54941,47
500110046,1,2024-07-19 21:35:24,47,25.04951,121.54941,47
500110046,1,2024-07-19 21:36:25,47,25.04951,121.54941,47
500110046,1,2024-07-19 21:37:24,47,25.04951,121.54941,47
500110046,1,2024-07-19 21:38:25,47,25.04951,121.54941,47
500110046,1,2024-07-19 21:39:24,47,25.04951,121.54941,47
500110046,1,2024-07-19 21:40:32,47,25.04951,121.54941,47
500110046,1,2024-07-19 21:41:25,47,25.04951,121.54941,47
500110046,1,2024-07-19 21:42:25,47,25.04951,121.54941,47
500110046,1,2024-07-19 21:44:24,47,25.04951,121.54941,47
500110046,1,2024-07-19 21:45:25,47,25.04951,121.54941,46
500110046,1,2024-07-19 21:46:24,47,25.04951,121.54941,46
500110046,1,2024-07-19 21:47:25,47,25.04951,121.54941,46
500110046,1,2024-07-19 21:48:24,47,25.04951,121.54941,46
500110046,1,2024-07-19 21:49:24,47,25.04951,121.54941,47
500110046,1,2024-07-19 21:50:31,47,25.04951,121.54941,47
500110046,1,2024-07-19 21:51:24,47,25.04951,121.54941,47
500110046,1,2024-07-19 21:52:24,47,25.04951,121.54941,47
500110046,1,2024-07-19 21:53:25,47,25.04951,121.54941,47
500110046,1,2024-07-19 21:54:24,47,25.04951,121.54941,47
500110046,1,2024-07-19 21:55:23,47,25.04951,121.54941,47
500110046,1,2024-07-19 21:56:24,47,25.04951,121.54941,47
500110046,1,2024-07-19 21:57:25,47,25.04951,121.54941,47
500110046,1,2024-07-19 21:58:24,47,25.04951,121.54941,47
500110046,1,2024-07-19 21:59:28,47,25.04951,121.54941,47
500110046,1,2024-07-19 22:00:29,47,25.04951,121.54941,47
500110046,1,2024-07-19 22:01:24,47,25.04951,121.54941,47
500110046,1,2024-07-19 22:02:25,47,25.04951,121.54941,47
500110046,1,2024-07-19 22:03:25,47,25.04951,121.54941,47
500110046,1,2024-07-19 22:04:24,47,25.04951,121.54941,47
500110046,1,2024-07-19 22:05:24,47,25.04951,121.54941,47
500110046,1,2024-07-19 22:06:25,47,25.04951,121.54941,47
500110046,1,2024-07-19 22:07:24,47,25.04951,121.54941,46
500110046,1,2024-07-19 22:08:24,47,25.04951,121.54941,46
500110046,1,2024-07-19 22:09:24,47,25.04951,121.54941,47
500110046,1,2024-07-19 22:10:30,47,25.04951,121.54941,47
500110046,1,2024-07-19 22:11:24,47,25.04951,121.54941,47
500110046,1,2024-07-19 22:12:24,47,25.04951,121.54941,47
500110046,1,2024-07-19 22:13:25,47,25.04951,121.54941,47
500110046,1,2024-07-19 22:14:24,47,25.04951,121.54941,47
500110046,1,2024-07-19 22:15:25,47,25.04951,121.54941,47
500110046,1,2024-07-19 22:16:24,47,25.04951,121.54941,47
500110046,1,2024-07-19 22:17:23,47,25.04951,121.54941,47
500110046,1,2024-07-19 22:18:24,47,25.04951,121.54941,44
500110046,1,2024-07-19 22:19:23,47,25.04951,121.54941,44
500110046,1,2024-07-19 22:20:30,47,25.04951,121.54941,44
500110046,1,2024-07-19 22:21:24,47,25.04951,121.54941,44
500110046,1,2024-07-19 22:22:24,47,25.04951,121.54941,44
500110046,1,2024-07-19 22:23:24,47,25.04951,121.54941,44
500110046,1,2024-07-19 22:24:23,47,25.04951,121.54941,45
500110046,1,2024-07-19 22:25:24,47,25.04951,121.54941,45
500110046,1,2024-07-19 22:26:24,47,25.04951,121.54941,45
500110046,1,2024-07-19 22:27:25,47,25.04951,121.54941,45
500110046,1,2024-07-19 22:28:24,47,25.04951,121.54941,46
500110046,1,2024-07-19 22:29:24,47,25.04951,121.54941,46
500110046,1,2024-07-19 22:30:30,47,25.04951,121.54941,46
500110046,1,2024-07-19 22:31:24,47,25.04951,121.54941,46
500110046,1,2024-07-19 22:32:28,47,25.04951,121.54941,47
500110046,1,2024-07-19 22:33:23,47,25.04951,121.54941,47
500110046,1,2024-07-19 22:34:24,47,25.04951,121.54941,47
500110046,1,2024-07-19 22:35:24,47,25.04951,121.54941,47
500110046,1,2024-07-19 22:36:23,47,25.04951,121.54941,46
500110046,1,2024-07-19 22:37:24,47,25.04951,121.54941,46
500110046,1,2024-07-19 22:38:24,47,25.04951,121.54941,46
500110046,1,2024-07-19 22:39:23,47,25.04951,121.54941,46
500110046,1,2024-07-19 22:40:30,47,25.04951,121.54941,46
500110046,1,2024-07-19 22:41:22,47,25.04951,121.54941,46
500110046,1,2024-07-19 22:42:24,47,25.04951,121.54941,46
500110046,1,2024-07-19 22:43:24,47,25.04951,121.54941,46
500110046,1,2024-07-19 22:44:23,47,25.04951,121.54941,46
500110046,1,2024-07-19 22:45:23,47,25.04951,121.54941,46
500110046,1,2024-07-19 22:46:23,47,25.04951,121.54941,46
500110046,1,2024-07-19 22:47:24,47,25.04951,121.54941,46
500110046,1,2024-07-19 22:48:23,47,25.04951,121.54941,46
500110046,1,2024-07-19 22:49:23,47,25.04951,121.54941,46
500110046,1,2024-07-19 22:50:30,47,25.04951,121.54941,46
500110046,1,2024-07-19 22:51:23,47,25.04951,121.54941,46
500110046,1,2024-07-19 22:52:23,47,25.04951,121.54941,46
500110046,1,2024-07-19 22:53:23,47,25.04951,121.54941,47
500110046,1,2024-07-19 22:54:23,47,25.04951,121.54941,47
500110046,1,2024-07-19 22:55:23,47,25.04951,121.54941,47
500110046,1,2024-07-19 22:56:24,47,25.04951,121.54941,47
500110046,1,2024-07-19 22:57:24,47,25.04951,121.54941,47
500110046,1,2024-07-19 22:58:23,47,25.04951,121.54941,47
500110046,1,2024-07-19 22:59:23,47,25.04951,121.54941,47
500110046,1,2024-07-19 23:00:30,47,25.04951,121.54941,47
500110046,1,2024-07-19 23:01:23,47,25.04951,121.54941,47
500110046,1,2024-07-19 23:02:24,47,25.04951,121.54941,47
500110046,1,2024-07-19 23:03:23,47,25.04951,121.54941,47
500110046,1,2024-07-19 23:04:23,47,25.04951,121.54941,47
500110046,1,2024-07-19 23:05:23,47,25.04951,121.54941,47
500110046,1,2024-07-19 23:06:23,47,25.04951,121.54941,47
500110046,1,2024-07-19 23:07:23,47,25.04951,121.54941,47
500110046,1,2024-07-19 23:08:23,47,25.04951,121.54941,47
500110046,1,2024-07-19 23:09:23,47,25.04951,121.54941,47
500110046,1,2024-07-19 23:10:30,47,25.04951,121.54941,47
500110046,1,2024-07-19 23:11:24,47,25.04951,121.54941,47
500110046,1,2024-07-19 23:12:23,47,25.04951,121.54941,47
500110046,1,2024-07-19 23:13:24,47,25.04951,121.54941,47
500110046,1,2024-07-19 23:14:23,47,25.04951,121.54941,47
500110046,1,2024-07-19 23:15:23,47,25.04951,121.54941,46
500110046,1,2024-07-19 23:16:23,47,25.04951,121.54941,46
500110046,1,2024-07-19 23:17:24,47,25.04951,121.54941,46
500110046,1,2024-07-19 23:18:23,47,25.04951,121.54941,47
500110046,1,2024-07-19 23:19:23,47,25.04951,121.54941,47
500110046,1,2024-07-19 23:20:29,47,25.04951,121.54941,47
500110046,1,2024-07-19 23:21:23,47,25.04951,121.54941,47
500110046,1,2024-07-19 23:22:26,47,25.04951,121.54941,47
500110046,1,2024-07-19 23:23:23,47,25.04951,121.54941,47
500110046,1,2024-07-19 23:24:23,47,25.04951,121.54941,47
500110046,1,2024-07-19 23:25:23,47,25.04951,121.54941,47
500110046,1,2024-07-19 23:26:22,47,25.04951,121.54941,47
500110046,1,2024-07-19 23:27:23,47,25.04951,121.54941,47
500110046,1,2024-07-19 23:28:24,47,25.04951,121.54941,47
500110046,1,2024-07-19 23:29:23,47,25.04951,121.54941,47
500110046,1,2024-07-19 23:30:29,47,25.04951,121.54941,47
500110046,1,2024-07-19 23:31:23,47,25.04951,121.54941,47
500110046,1,2024-07-19 23:32:24,47,25.04951,121.54941,47
500110046,1,2024-07-19 23:33:23,47,25.04951,121.54941,47
500110046,1,2024-07-19 23:34:23,47,25.04951,121.54941,47
500110046,1,2024-07-19 23:35:23,47,25.04951,121.54941,47
500110046,1,2024-07-19 23:36:23,47,25.04951,121.54941,47
500110046,1,2024-07-19 23:37:23,47,25.04951,121.54941,47
500110046,1,2024-07-19 23:38:22,47,25.04951,121.54941,47
500110046,1,2024-07-19 23:39:23,47,25.04951,121.54941,47
500110046,1,2024-07-19 23:40:29,47,25.04951,121.54941,47
500110046,1,2024-07-19 23:41:23,47,25.04951,121.54941,47
500110046,1,2024-07-19 23:42:26,47,25.04951,121.54941,47
500110046,1,2024-07-19 23:43:23,47,25.04951,121.54941,47
500110046,1,2024-07-19 23:44:23,47,25.04951,121.54941,47
500110046,1,2024-07-19 23:45:23,47,25.04951,121.54941,47
500110046,1,2024-07-19 23:46:23,47,25.04951,121.54941,47
500110046,1,2024-07-19 23:47:23,47,25.04951,121.54941,47
500110046,1,2024-07-19 23:48:23,47,25.04951,121.54941,47
500110046,1,2024-07-19 23:49:23,47,25.04951,121.54941,47
500110046,1,2024-07-19 23:50:32,47,25.04951,121.54941,47
500110046,1,2024-07-19 23:51:22,47,25.04951,121.54941,47
500110046,1,2024-07-19 23:52:23,47,25.04951,121.54941,47
500110046,1,2024-07-19 23:53:22,47,25.04951,121.54941,47
500110046,1,2024-07-19 23:54:23,47,25.04951,121.54941,47
500110046,1,2024-07-19 23:55:22,47,25.04951,121.54941,47
500110046,1,2024-07-19 23:56:23,47,25.04951,121.54941,47
500110046,1,2024-07-19 23:57:23,47,25.04951,121.54941,47
500110046,1,2024-07-19 23:58:23,47,25.04951,121.54941,47
500110046,1,2024-07-19 23:59:22,47,25.04951,121.54941,47
500110046,1,2024-07-20 00:00:30,47,25.04951,121.54941,47
500110046,1,2024-07-20 00:01:23,47,25.04951,121.54941,47
500110046,1,2024-07-20 00:02:23,47,25.04951,121.54941,46
500110046,1,2024-07-20 00:03:23,47,25.04951,121.54941,46
500110046,1,2024-07-20 00:04:26,47,25.04951,121.54941,46
500110046,1,2024-07-20 00:05:23,47,25.04951,121.54941,46
500110046,1,2024-07-20 00:06:23,47,25.04951,121.54941,46
500110046,1,2024-07-20 00:07:22,47,25.04951,121.54941,46
500110046,1,2024-07-20 00:08:23,47,25.04951,121.54941,46
500110046,1,2024-07-20 00:09:22,47,25.04951,121.54941,46
500110046,1,2024-07-20 00:10:29,47,25.04951,121.54941,46
500110046,1,2024-07-20 00:11:23,47,25.04951,121.54941,46
500110046,1,2024-07-20 00:13:23,47,25.04951,121.54941,46
500110046,1,2024-07-20 00:14:23,47,25.04951,121.54941,46
500110046,1,2024-07-20 00:15:23,47,25.04951,121.54941,46
500110046,1,2024-07-20 00:16:23,47,25.04951,121.54941,46
500110046,1,2024-07-20 00:17:22,47,25.04951,121.54941,46
500110046,1,2024-07-20 00:18:23,47,25.04951,121.54941,46
500110046,1,2024-07-20 00:19:22,47,25.04951,121.54941,46
500110046,1,2024-07-20 00:20:29,47,25.04951,121.54941,46
500110046,1,2024-07-20 00:21:23,47,25.04951,121.54941,46
500110046,1,2024-07-20 00:22:22,47,25.04951,121.54941,46
500110046,1,2024-07-20 00:23:23,47,25.04951,121.54941,47
500110046,1,2024-07-20 00:24:22,47,25.04951,121.54941,47
500110046,1,2024-07-20 00:25:23,47,25.04951,121.54941,47
500110046,1,2024-07-20 00:26:23,47,25.04951,121.54941,47
500110046,1,2024-07-20 00:27:22,47,25.04951,121.54941,47
500110046,1,2024-07-20 00:28:22,47,25.04951,121.54941,47
500110046,1,2024-07-20 00:29:23,47,25.04951,121.54941,47
500110046,1,2024-07-20 00:30:32,47,25.04951,121.54941,47
500110046,1,2024-07-20 00:31:22,47,25.04951,121.54941,47
500110046,1,2024-07-20 00:32:22,47,25.04951,121.54941,47
500110046,1,2024-07-20 00:33:23,47,25.04951,121.54941,47
500110046,1,2024-07-20 00:34:23,47,25.04951,121.54941,47
500110046,1,2024-07-20 00:35:22,47,25.04951,121.54941,47
500110046,1,2024-07-20 00:36:23,47,25.04951,121.54941,47
500110046,1,2024-07-20 00:37:23,47,25.04951,121.54941,47
500110046,1,2024-07-20 00:38:22,47,25.04951,121.54941,47
500110046,1,2024-07-20 00:39:23,47,25.04951,121.54941,47
500110046,1,2024-07-20 00:40:28,47,25.04951,121.54941,47
500110046,1,2024-07-20 00:41:22,47,25.04951,121.54941,47
500110046,1,2024-07-20 00:42:23,47,25.04951,121.54941,47
500110046,1,2024-07-20 00:43:22,47,25.04951,121.54941,47
500110046,1,2024-07-20 00:44:23,47,25.04951,121.54941,47
500110046,1,2024-07-20 00:45:22,47,25.04951,121.54941,47
500110046,1,2024-07-20 00:45:22,47,25.04951,121.54941,47
500110046,1,2024-07-20 00:47:23,47,25.04951,121.54941,47
500110046,1,2024-07-20 00:48:23,47,25.04951,121.54941,47
500110046,1,2024-07-20 00:49:22,47,25.04951,121.54941,47
500110046,1,2024-07-20 00:50:28,47,25.04951,121.54941,47
500110046,1,2024-07-20 00:51:22,47,25.04951,121.54941,47
500110046,1,2024-07-20 00:52:22,47,25.04951,121.54941,47
500110046,1,2024-07-20 00:53:23,47,25.04951,121.54941,47
500110046,1,2024-07-20 00:54:22,47,25.04951,121.54941,47
500110046,1,2024-07-20 00:55:22,47,25.04951,121.54941,47
500110046,1,2024-07-20 00:56:23,47,25.04951,121.54941,47
500110046,1,2024-07-20 00:56:23,47,25.04951,121.54941,47
500110046,1,2024-07-20 00:58:22,47,25.04951,121.54941,47
500110046,1,2024-07-20 00:59:22,47,25.04951,121.54941,47
500110046,1,2024-07-20 00:59:22,47,25.04951,121.54941,47
500110046,1,2024-07-20 01:00:28,47,25.04951,121.54941,47
500110046,1,2024-07-20 01:01:22,47,25.04951,121.54941,47
500110046,1,2024-07-20 01:03:23,47,25.04951,121.54941,47
500110046,1,2024-07-20 01:04:22,47,25.04951,121.54941,47
500110046,1,2024-07-20 01:05:23,47,25.04951,121.54941,47
500110046,1,2024-07-20 01:06:23,47,25.04951,121.54941,47
500110046,1,2024-07-20 01:07:23,47,25.04951,121.54941,47
500110046,1,2024-07-20 01:08:23,47,25.04951,121.54941,47
500110046,1,2024-07-20 01:09:22,47,25.04951,121.54941,47
500110046,1,2024-07-20 01:09:22,47,25.04951,121.54941,47
500110046,1,2024-07-20 01:11:23,47,25.04951,121.54941,47
500110046,1,2024-07-20 01:12:22,47,25.04951,121.54941,47
500110046,1,2024-07-20 01:13:22,47,25.04951,121.54941,47
500110046,1,2024-07-20 01:14:23,47,25.04951,121.54941,47
500110046,1,2024-07-20 01:15:22,47,25.04951,121.54941,47
500110046,1,2024-07-20 01:16:23,47,25.04951,121.54941,47
500110046,1,2024-07-20 01:17:22,47,25.04951,121.54941,47
500110046,1,2024-07-20 01:18:22,47,25.04951,121.54941,47
500110046,1,2024-07-20 01:19:23,47,25.04951,121.54941,47
500110046,1,2024-07-20 01:20:28,47,25.04951,121.54941,47
500110046,1,2024-07-20 01:21:22,47,25.04951,121.54941,47
500110046,1,2024-07-20 01:22:22,47,25.04951,121.54941,47
500110046,1,2024-07-20 01:23:22,47,25.04951,121.54941,47
500110046,1,2024-07-20 01:24:26,47,25.04951,121.54941,47
500110046,1,2024-07-20 01:25:22,47,25.04951,121.54941,47
500110046,1,2024-07-20 01:26:22,47,25.04951,121.54941,47
500110046,1,2024-07-20 01:27:22,47,25.04951,121.54941,47
500110046,1,2024-07-20 01:28:22,47,25.04951,121.54941,47
500110046,1,2024-07-20 01:29:22,47,25.04951,121.54941,47
500110046,1,2024-07-20 01:30:28,47,25.04951,121.54941,47
500110046,1,2024-07-20 01:31:22,47,25.04951,121.54941,47
500110046,1,2024-07-20 01:32:22,47,25.04951,121.54941,47
500110046,1,2024-07-20 01:33:22,47,25.04951,121.54941,47
500110046,1,2024-07-20 01:34:22,47,25.04951,121.54941,47
500110046,1,2024-07-20 01:35:22,47,25.04951,121.54941,47
500110046,1,2024-07-20 01:36:22,47,25.04951,121.54941,47
500110046,1,2024-07-20 01:37:22,47,25.04951,121.54941,47
500110046,1,2024-07-20 01:38:22,47,25.04951,121.54941,47
500110046,1,2024-07-20 01:39:22,47,25.04951,121.54941,47
500110046,1,2024-07-20 01:40:28,47,25.04951,121.54941,47
500110046,1,2024-07-20 01:41:22,47,25.04951,121.54941,47
500110046,1,2024-07-20 01:42:22,47,25.04951,121.54941,47
500110046,1,2024-07-20 01:43:22,47,25.04951,121.54941,47
500110046,1,2024-07-20 01:44:22,47,25.04951,121.54941,47
500110046,1,2024-07-20 01:45:21,47,25.04951,121.54941,47
500110046,1,2024-07-20 01:46:22,47,25.04951,121.54941,47
500110046,1,2024-07-20 01:47:22,47,25.04951,121.54941,47
500110046,1,2024-07-20 01:48:22,47,25.04951,121.54941,47
500110046,1,2024-07-20 01:49:22,47,25.04951,121.54941,47
500110046,1,2024-07-20 01:50:28,47,25.04951,121.54941,47
500110046,1,2024-07-20 01:51:23,47,25.04951,121.54941,47
500110046,1,2024-07-20 01:52:22,47,25.04951,121.54941,47
500110046,1,2024-07-20 01:53:22,47,25.04951,121.54941,47
500110046,1,2024-07-20 01:54:22,47,25.04951,121.54941,47
500110046,1,2024-07-20 01:55:22,47,25.04951,121.54941,47
500110046,1,2024-07-20 01:56:22,47,25.04951,121.54941,47
500110046,1,2024-07-20 01:57:22,47,25.04951,121.54941,47
500110046,1,2024-07-20 01:58:22,47,25.04951,121.54941,47
500110046,1,2024-07-20 01:59:22,47,25.04951,121.54941,47
500110046,1,2024-07-20 02:00:29,47,25.04951,121.54941,47
500110046,1,2024-07-20 02:01:23,47,25.04951,121.54941,47
500110046,1,2024-07-20 02:02:23,47,25.04951,121.54941,47
500110046,1,2024-07-20 02:03:22,47,25.04951,121.54941,47
500110046,1,2024-07-20 02:04:23,47,25.04951,121.54941,47
500110046,1,2024-07-20 02:05:23,47,25.04951,121.54941,47
500110046,1,2024-07-20 02:06:23,47,25.04951,121.54941,47
500110046,1,2024-07-20 02:07:23,47,25.04951,121.54941,47
500110046,1,2024-07-20 02:08:23,47,25.04951,121.54941,47
500110046,1,2024-07-20 02:09:23,47,25.04951,121.54941,47
500110046,1,2024-07-20 02:10:26,47,25.04951,121.54941,47
500110046,1,2024-07-20 02:11:23,47,25.04951,121.54941,47
500110046,1,2024-07-20 02:12:23,47,25.04951,121.54941,47
500110046,1,2024-07-20 02:13:23,47,25.04951,121.54941,47
500110046,1,2024-07-20 02:14:23,47,25.04951,121.54941,47
500110046,1,2024-07-20 02:15:22,47,25.04951,121.54941,47
500110046,1,2024-07-20 02:16:23,47,25.04951,121.54941,47
500110046,1,2024-07-20 02:17:22,47,25.04951,121.54941,47
500110046,1,2024-07-20 02:18:23,47,25.04951,121.54941,47
500110046,1,2024-07-20 02:19:22,47,25.04951,121.54941,47
500110046,1,2024-07-20 02:20:24,47,25.04951,121.54941,47
500110046,1,2024-07-20 02:21:23,47,25.04951,121.54941,47
500110046,1,2024-07-20 02:22:23,47,25.04951,121.54941,47
500110046,1,2024-07-20 02:23:23,47,25.04951,121.54941,47
500110046,1,2024-07-20 02:24:23,47,25.04951,121.54941,47
500110046,1,2024-07-20 02:25:22,47,25.04951,121.54941,47
500110046,1,2024-07-20 02:26:23,47,25.04951,121.54941,47
500110046,1,2024-07-20 02:27:23,47,25.04951,121.54941,47
500110046,1,2024-07-20 02:28:22,47,25.04951,121.54941,47
500110046,1,2024-07-20 02:29:23,47,25.04951,121.54941,47
500110046,1,2024-07-20 02:30:26,47,25.04951,121.54941,47
500110046,1,2024-07-20 02:31:23,47,25.04951,121.54941,47
500110046,1,2024-07-20 02:32:23,47,25.04951,121.54941,47
500110046,1,2024-07-20 02:33:23,47,25.04951,121.54941,47
500110046,1,2024-07-20 02:34:23,47,25.04951,121.54941,47
500110046,1,2024-07-20 02:35:23,47,25.04951,121.54941,47
500110046,1,2024-07-20 02:36:22,47,25.04951,121.54941,47
500110046,1,2024-07-20 02:37:23,47,25.04951,121.54941,47
500110046,1,2024-07-20 02:38:22,47,25.04951,121.54941,47
500110046,1,2024-07-20 02:39:23,47,25.04951,121.54941,47
500110046,1,2024-07-20 02:40:26,47,25.04951,121.54941,47
500110046,1,2024-07-20 02:41:23,47,25.04951,121.54941,47
500110046,1,2024-07-20 02:42:22,47,25.04951,121.54941,47
500110046,1,2024-07-20 02:43:23,47,25.04951,121.54941,47
500110046,1,2024-07-20 02:44:23,47,25.04951,121.54941,47
500110046,1,2024-07-20 02:45:23,47,25.04951,121.54941,47
500110046,1,2024-07-20 02:46:22,47,25.04951,121.54941,47
500110046,1,2024-07-20 02:47:23,47,25.04951,121.54941,47
500110046,1,2024-07-20 02:48:22,47,25.04951,121.54941,47
500110046,1,2024-07-20 02:49:23,47,25.04951,121.54941,47
500110046,1,2024-07-20 02:50:24,47,25.04951,121.54941,47
500110046,1,2024-07-20 02:51:22,47,25.04951,121.54941,47
500110046,1,2024-07-20 02:52:24,47,25.04951,121.54941,46
500110046,1,2024-07-20 02:53:23,47,25.04951,121.54941,46
500110046,1,2024-07-20 02:54:23,47,25.04951,121.54941,46
500110046,1,2024-07-20 02:55:22,47,25.04951,121.54941,46
500110046,1,2024-07-20 02:56:22,47,25.04951,121.54941,46
500110046,1,2024-07-20 02:57:22,47,25.04951,121.54941,46
500110046,1,2024-07-20 02:58:22,47,25.04951,121.54941,46
500110046,1,2024-07-20 02:59:22,47,25.04951,121.54941,46
500110046,1,2024-07-20 03:00:28,47,25.04951,121.54941,46
500110046,1,2024-07-20 03:01:22,47,25.04951,121.54941,46
500110046,1,2024-07-20 03:02:22,47,25.04951,121.54941,46
500110046,1,2024-07-20 03:03:22,47,25.04951,121.54941,46
500110046,1,2024-07-20 03:04:22,47,25.04951,121.54941,46
500110046,1,2024-07-20 03:05:22,47,25.04951,121.54941,46
500110046,1,2024-07-20 03:06:22,47,25.04951,121.54941,46
500110046,1,2024-07-20 03:07:22,47,25.04951,121.54941,46
500110046,1,2024-07-20 03:08:22,47,25.04951,121.54941,46
500110046,1,2024-07-20 03:09:22,47,25.04951,121.54941,46
500110046,1,2024-07-20 03:10:28,47,25.04951,121.54941,46
500110046,1,2024-07-20 03:11:22,47,25.04951,121.54941,46
500110046,1,2024-07-20 03:12:22,47,25.04951,121.54941,46
500110046,1,2024-07-20 03:13:22,47,25.04951,121.54941,46
500110046,1,2024-07-20 03:14:22,47,25.04951,121.54941,46
500110046,1,2024-07-20 03:15:22,47,25.04951,121.54941,46
500110046,1,2024-07-20 03:16:22,47,25.04951,121.54941,46
500110046,1,2024-07-20 03:17:22,47,25.04951,121.54941,46
500110046,1,2024-07-20 03:18:22,47,25.04951,121.54941,46
500110046,1,2024-07-20 03:19:22,47,25.04951,121.54941,46
500110046,1,2024-07-20 03:20:31,47,25.04951,121.54941,46
500110046,1,2024-07-20 03:21:23,47,25.04951,121.54941,46
500110046,1,2024-07-20 03:22:22,47,25.04951,121.54941,46
500110046,1,2024-07-20 03:23:22,47,25.04951,121.54941,46
500110046,1,2024-07-20 03:24:21,47,25.04951,121.54941,46
500110046,1,2024-07-20 03:25:22,47,25.04951,121.54941,46
500110046,1,2024-07-20 03:26:22,47,25.04951,121.54941,46
500110046,1,2024-07-20 03:27:22,47,25.04951,121.54941,46
500110046,1,2024-07-20 03:28:22,47,25.04951,121.54941,46
500110046,1,2024-07-20 03:29:21,47,25.04951,121.54941,46
500110046,1,2024-07-20 03:30:28,47,25.04951,121.54941,46
500110046,1,2024-07-20 03:31:22,47,25.04951,121.54941,46
500110046,1,2024-07-20 03:32:21,47,25.04951,121.54941,46
500110046,1,2024-07-20 03:34:22,47,25.04951,121.54941,46
500110046,1,2024-07-20 03:35:22,47,25.04951,121.54941,46
500110046,1,2024-07-20 03:36:22,47,25.04951,121.54941,46
500110046,1,2024-07-20 03:37:22,47,25.04951,121.54941,46
500110046,1,2024-07-20 03:38:22,47,25.04951,121.54941,46
500110046,1,2024-07-20 03:39:22,47,25.04951,121.54941,46
500110046,1,2024-07-20 03:40:28,47,25.04951,121.54941,46
500110046,1,2024-07-20 03:41:22,47,25.04951,121.54941,46
500110046,1,2024-07-20 03:42:22,47,25.04951,121.54941,46
500110046,1,2024-07-20 03:43:22,47,25.04951,121.54941,46
500110046,1,2024-07-20 03:44:22,47,25.04951,121.54941,46
500110046,1,2024-07-20 03:45:21,47,25.04951,121.54941,46
500110046,1,2024-07-20 03:46:22,47,25.04951,121.54941,46
500110046,1,2024-07-20 03:47:22,47,25.04951,121.54941,46
500110046,1,2024-07-20 03:48:22,47,25.04951,121.54941,46
500110046,1,2024-07-20 03:49:22,47,25.04951,121.54941,46
500110046,1,2024-07-20 03:50:27,47,25.04951,121.54941,46
500110046,1,2024-07-20 03:51:22,47,25.04951,121.54941,46
500110046,1,2024-07-20 03:52:22,47,25.04951,121.54941,46
500110046,1,2024-07-20 03:53:22,47,25.04951,121.54941,46
500110046,1,2024-07-20 03:54:22,47,25.04951,121.54941,46
500110046,1,2024-07-20 03:55:22,47,25.04951,121.54941,46
500110046,1,2024-07-20 03:56:22,47,25.04951,121.54941,46
500110046,1,2024-07-20 03:57:22,47,25.04951,121.54941,46
500110046,1,2024-07-20 03:58:21,47,25.04951,121.54941,46
500110046,1,2024-07-20 03:59:22,47,25.04951,121.54941,46
500110046,1,2024-07-20 04:00:29,47,25.04951,121.54941,46
500110046,1,2024-07-20 04:01:22,47,25.04951,121.54941,46
500110046,1,2024-07-20 04:02:22,47,25.04951,121.54941,46
500110046,1,2024-07-20 04:03:23,47,25.04951,121.54941,46
500110046,1,2024-07-20 04:04:22,47,25.04951,121.54941,46
500110046,1,2024-07-20 04:05:22,47,25.04951,121.54941,46
500110046,1,2024-07-20 04:06:22,47,25.04951,121.54941,46
500110046,1,2024-07-20 04:07:22,47,25.04951,121.54941,46
500110046,1,2024-07-20 04:08:22,47,25.04951,121.54941,46
500110046,1,2024-07-20 04:08:22,47,25.04951,121.54941,46
500110046,1,2024-07-20 04:10:28,47,25.04951,121.54941,46
500110046,1,2024-07-20 04:11:22,47,25.04951,121.54941,46
500110046,1,2024-07-20 04:12:22,47,25.04951,121.54941,46
500110046,1,2024-07-20 04:13:22,47,25.04951,121.54941,46
500110046,1,2024-07-20 04:14:22,47,25.04951,121.54941,46
500110046,1,2024-07-20 04:15:22,47,25.04951,121.54941,46
500110046,1,2024-07-20 04:16:22,47,25.04951,121.54941,46
500110046,1,2024-07-20 04:17:22,47,25.04951,121.54941,46
500110046,1,2024-07-20 04:18:21,47,25.04951,121.54941,46
500110046,1,2024-07-20 04:19:22,47,25.04951,121.54941,46
500110046,1,2024-07-20 04:20:28,47,25.04951,121.54941,46
500110046,1,2024-07-20 04:21:26,47,25.04951,121.54941,46
500110046,1,2024-07-20 04:22:22,47,25.04951,121.54941,46
500110046,1,2024-07-20 04:23:22,47,25.04951,121.54941,46
500110046,1,2024-07-20 04:24:22,47,25.04951,121.54941,46
500110046,1,2024-07-20 04:25:22,47,25.04951,121.54941,46
500110046,1,2024-07-20 04:26:22,47,25.04951,121.54941,46
500110046,1,2024-07-20 04:27:22,47,25.04951,121.54941,46
500110046,1,2024-07-20 04:28:22,47,25.04951,121.54941,46
500110046,1,2024-07-20 04:29:22,47,25.04951,121.54941,46
500110046,1,2024-07-20 04:30:28,47,25.04951,121.54941,46
500110046,1,2024-07-20 04:31:22,47,25.04951,121.54941,46
500110046,1,2024-07-20 04:32:22,47,25.04951,121.54941,46
500110046,1,2024-07-20 04:33:22,47,25.04951,121.54941,46
500110046,1,2024-07-20 04:34:22,47,25.04951,121.54941,46
500110046,1,2024-07-20 04:35:22,47,25.04951,121.54941,46
500110046,1,2024-07-20 04:36:22,47,25.04951,121.54941,46
500110046,1,2024-07-20 04:37:22,47,25.04951,121.54941,46
500110046,1,2024-07-20 04:38:22,47,25.04951,121.54941,46
500110046,1,2024-07-20 04:39:22,47,25.04951,121.54941,46
500110046,1,2024-07-20 04:40:28,47,25.04951,121.54941,46
500110046,1,2024-07-20 04:41:22,47,25.04951,121.54941,46
500110046,1,2024-07-20 04:42:22,47,25.04951,121.54941,46
500110046,1,2024-07-20 04:43:22,47,25.04951,121.54941,46
500110046,1,2024-07-20 04:44:22,47,25.04951,121.54941,46
500110046,1,2024-07-20 04:45:22,47,25.04951,121.54941,46
500110046,1,2024-07-20 04:46:22,47,25.04951,121.54941,46
500110046,1,2024-07-20 04:47:22,47,25.04951,121.54941,46
500110046,1,2024-07-20 04:48:23,47,25.04951,121.54941,46
500110046,1,2024-07-20 04:49:23,47,25.04951,121.54941,46
500110046,1,2024-07-20 04:50:28,47,25.04951,121.54941,46
500110046,1,2024-07-20 04:51:26,47,25.04951,121.54941,46
500110046,1,2024-07-20 04:52:22,47,25.04951,121.54941,46
500110046,1,2024-07-20 04:53:22,47,25.04951,121.54941,46
500110046,1,2024-07-20 04:54:22,47,25.04951,121.54941,46
500110046,1,2024-07-20 04:55:22,47,25.04951,121.54941,46
500110046,1,2024-07-20 04:56:22,47,25.04951,121.54941,46
500110046,1,2024-07-20 04:57:22,47,25.04951,121.54941,45
500110046,1,2024-07-20 04:58:21,47,25.04951,121.54941,46
500110046,1,2024-07-20 04:59:22,47,25.04951,121.54941,46
500110046,1,2024-07-20 05:00:28,47,25.04951,121.54941,46
500110046,1,2024-07-20 05:01:22,47,25.04951,121.54941,47
500110046,1,2024-07-20 05:02:22,47,25.04951,121.54941,47
500110046,1,2024-07-20 05:03:22,47,25.04951,121.54941,47
500110046,1,2024-07-20 05:04:22,47,25.04951,121.54941,47
500110046,1,2024-07-20 05:05:22,47,25.04951,121.54941,47
500110046,1,2024-07-20 05:06:22,47,25.04951,121.54941,47
500110046,1,2024-07-20 05:07:22,47,25.04951,121.54941,46
500110046,1,2024-07-20 05:08:22,47,25.04951,121.54941,46
500110046,1,2024-07-20 05:09:22,47,25.04951,121.54941,46
500110046,1,2024-07-20 05:10:28,47,25.04951,121.54941,46
500110046,1,2024-07-20 05:11:22,47,25.04951,121.54941,46
500110046,1,2024-07-20 05:12:22,47,25.04951,121.54941,46
500110046,1,2024-07-20 05:13:22,47,25.04951,121.54941,46
500110046,1,2024-07-20 05:14:23,47,25.04951,121.54941,46
500110046,1,2024-07-20 05:15:22,47,25.04951,121.54941,46
500110046,1,2024-07-20 05:16:22,47,25.04951,121.54941,46
500110046,1,2024-07-20 05:17:22,47,25.04951,121.54941,46
500110046,1,2024-07-20 05:18:22,47,25.04951,121.54941,46
500110046,1,2024-07-20 05:19:23,47,25.04951,121.54941,46
500110046,1,2024-07-20 05:20:28,47,25.04951,121.54941,46
500110046,1,2024-07-20 05:21:23,47,25.04951,121.54941,46
500110046,1,2024-07-20 05:22:22,47,25.04951,121.54941,46
500110046,1,2024-07-20 05:23:22,47,25.04951,121.54941,46
500110046,1,2024-07-20 05:24:22,47,25.04951,121.54941,46
500110046,1,2024-07-20 05:25:23,47,25.04951,121.54941,46
500110046,1,2024-07-20 05:26:23,47,25.04951,121.54941,46
500110046,1,2024-07-20 05:27:22,47,25.04951,121.54941,46
500110046,1,2024-07-20 05:28:23,47,25.04951,121.54941,46
500110046,1,2024-07-20 05:29:22,47,25.04951,121.54941,45
500110046,1,2024-07-20 05:30:28,47,25.04951,121.54941,45
500110046,1,2024-07-20 05:31:22,47,25.04951,121.54941,45
500110046,1,2024-07-20 05:32:22,47,25.04951,121.54941,45
500110046,1,2024-07-20 05:33:23,47,25.04951,121.54941,43
500110046,1,2024-07-20 05:34:22,47,25.04951,121.54941,43
500110046,1,2024-07-20 05:35:23,47,25.04951,121.54941,43
500110046,1,2024-07-20 05:36:22,47,25.04951,121.54941,43
500110046,1,2024-07-20 05:37:22,47,25.04951,121.54941,43
500110046,1,2024-07-20 05:38:22,47,25.04951,121.54941,43
500110046,1,2024-07-20 05:39:22,47,25.04951,121.54941,43
500110046,1,2024-07-20 05:40:29,47,25.04951,121.54941,43
500110046,1,2024-07-20 05:41:23,47,25.04951,121.54941,43
500110046,1,2024-07-20 05:42:22,47,25.04951,121.54941,43
500110046,1,2024-07-20 05:43:22,47,25.04951,121.54941,43
500110046,1,2024-07-20 05:44:23,47,25.04951,121.54941,43
500110046,1,2024-07-20 05:45:22,47,25.04951,121.54941,43
500110046,1,2024-07-20 05:46:23,47,25.04951,121.54941,42
500110046,1,2024-07-20 05:47:22,47,25.04951,121.54941,42
500110046,1,2024-07-20 05:48:23,47,25.04951,121.54941,42
500110046,1,2024-07-20 05:49:23,47,25.04951,121.54941,42
500110046,1,2024-07-20 05:50:28,47,25.04951,121.54941,42
500110046,1,2024-07-20 05:51:22,47,25.04951,121.54941,42
500110046,1,2024-07-20 05:52:22,47,25.04951,121.54941,42
500110046,1,2024-07-20 05:53:23,47,25.04951,121.54941,42
500110046,1,2024-07-20 05:54:23,47,25.04951,121.54941,42
500110046,1,2024-07-20 05:55:23,47,25.04951,121.54941,42
500110046,1,2024-07-20 05:56:22,47,25.04951,121.54941,42
500110046,1,2024-07-20 05:57:23,47,25.04951,121.54941,41
500110046,1,2024-07-20 05:58:22,47,25.04951,121.54941,41
500110046,1,2024-07-20 05:59:23,47,25.04951,121.54941,41
500110046,1,2024-07-20 06:00:28,47,25.04951,121.54941,41
500110046,1,2024-07-20 06:01:23,47,25.04951,121.54941,41
500110046,1,2024-07-20 06:02:23,47,25.04951,121.54941,41
500110046,1,2024-07-20 06:03:22,47,25.04951,121.54941,41
500110046,1,2024-07-20 06:04:23,47,25.04951,121.54941,41
500110046,1,2024-07-20 06:05:23,47,25.04951,121.54941,42
500110046,1,2024-07-20 06:06:23,47,25.04951,121.54941,42
500110046,1,2024-07-20 06:07:23,47,25.04951,121.54941,42
500110046,1,2024-07-20 06:08:22,47,25.04951,121.54941,42
500110046,1,2024-07-20 06:09:23,47,25.04951,121.54941,41
500110046,1,2024-07-20 06:10:28,47,25.04951,121.54941,41
500110046,1,2024-07-20 06:11:23,47,25.04951,121.54941,41
500110046,1,2024-07-20 06:12:23,47,25.04951,121.54941,42
500110046,1,2024-07-20 06:13:22,47,25.04951,121.54941,42
500110046,1,2024-07-20 06:14:23,47,25.04951,121.54941,42
500110046,1,2024-07-20 06:15:23,47,25.04951,121.54941,42
500110046,1,2024-07-20 06:16:23,47,25.04951,121.54941,42
500110046,1,2024-07-20 06:17:22,47,25.04951,121.54941,42
500110046,1,2024-07-20 06:18:23,47,25.04951,121.54941,42
500110046,1,2024-07-20 06:19:23,47,25.04951,121.54941,41
500110046,1,2024-07-20 06:20:28,47,25.04951,121.54941,41
500110046,1,2024-07-20 06:21:22,47,25.04951,121.54941,40
500110046,1,2024-07-20 06:22:23,47,25.04951,121.54941,40
500110046,1,2024-07-20 06:23:23,47,25.04951,121.54941,39
500110046,1,2024-07-20 06:24:23,47,25.04951,121.54941,37
500110046,1,2024-07-20 06:25:28,47,25.04951,121.54941,34
500110046,1,2024-07-20 06:26:23,47,25.04951,121.54941,33
500110046,1,2024-07-20 06:27:22,47,25.04951,121.54941,33
500110046,1,2024-07-20 06:28:23,47,25.04951,121.54941,33
500110046,1,2024-07-20 06:29:24,47,25.04951,121.54941,34
500110046,1,2024-07-20 06:30:28,47,25.04951,121.54941,34
500110046,1,2024-07-20 06:31:23,47,25.04951,121.54941,33
500110046,1,2024-07-20 06:32:23,47,25.04951,121.54941,33
500110046,1,2024-07-20 06:34:23,47,25.04951,121.54941,33
500110046,1,2024-07-20 06:35:23,47,25.04951,121.54941,33
500110046,1,2024-07-20 06:36:24,47,25.04951,121.54941,33
500110046,1,2024-07-20 06:37:23,47,25.04951,121.54941,33
500110046,1,2024-07-20 06:38:23,47,25.04951,121.54941,33
500110046,1,2024-07-20 06:39:23,47,25.04951,121.54941,33
500110046,1,2024-07-20 06:40:29,47,25.04951,121.54941,33
500110046,1,2024-07-20 06:41:23,47,25.04951,121.54941,33
500110046,1,2024-07-20 06:42:24,47,25.04951,121.54941,33
500110046,1,2024-07-20 06:42:24,47,25.04951,121.54941,33
500110046,1,2024-07-20 06:44:23,47,25.04951,121.54941,33
500110046,1,2024-07-20 06:45:23,47,25.04951,121.54941,33
500110046,1,2024-07-20 06:46:23,47,25.04951,121.54941,34
500110046,1,2024-07-20 06:47:23,47,25.04951,121.54941,34
500110046,1,2024-07-20 06:48:23,47,25.04951,121.54941,34
500110046,1,2024-07-20 06:49:23,47,25.04951,121.54941,34
500110046,1,2024-07-20 06:50:29,47,25.04951,121.54941,34
500110046,1,2024-07-20 06:51:23,47,25.04951,121.54941,34
500110046,1,2024-07-20 06:52:23,47,25.04951,121.54941,34
500110046,1,2024-07-20 06:53:23,47,25.04951,121.54941,35
500110046,1,2024-07-20 06:54:23,47,25.04951,121.54941,35
500110046,1,2024-07-20 06:55:23,47,25.04951,121.54941,35
500110046,1,2024-07-20 06:56:23,47,25.04951,121.54941,35
500110046,1,2024-07-20 06:57:23,47,25.04951,121.54941,35
500110046,1,2024-07-20 06:58:23,47,25.04951,121.54941,35
500110046,1,2024-07-20 06:59:23,47,25.04951,121.54941,35
500110046,1,2024-07-20 07:00:28,47,25.04951,121.54941,35
500110046,1,2024-07-20 07:01:23,47,25.04951,121.54941,34
500110046,1,2024-07-20 07:02:24,47,25.04951,121.54941,34
500110046,1,2024-07-20 07:03:23,47,25.04951,121.54941,33
500110046,1,2024-07-20 07:04:24,47,25.04951,121.54941,33
500110046,1,2024-07-20 07:05:23,47,25.04951,121.54941,32
500110046,1,2024-07-20 07:06:23,47,25.04951,121.54941,32
500110046,1,2024-07-20 07:07:23,47,25.04951,121.54941,32
500110046,1,2024-07-20 07:08:24,47,25.04951,121.54941,32
500110046,1,2024-07-20 07:09:23,47,25.04951,121.54941,33
500110046,1,2024-07-20 07:10:29,47,25.04951,121.54941,34
500110046,1,2024-07-20 07:11:23,47,25.04951,121.54941,34
500110046,1,2024-07-20 07:12:23,47,25.04951,121.54941,34
500110046,1,2024-07-20 07:13:23,47,25.04951,121.54941,34
500110046,1,2024-07-20 07:14:23,47,25.04951,121.54941,34
500110046,1,2024-07-20 07:15:23,47,25.04951,121.54941,34
500110046,1,2024-07-20 07:16:23,47,25.04951,121.54941,34
500110046,1,2024-07-20 07:17:23,47,25.04951,121.54941,34
500110046,1,2024-07-20 07:18:24,47,25.04951,121.54941,34
500110046,1,2024-07-20 07:19:24,47,25.04951,121.54941,34
500110046,1,2024-07-20 07:20:28,47,25.04951,121.54941,34
500110046,1,2024-07-20 07:21:24,47,25.04951,121.54941,33
500110046,1,2024-07-20 07:22:23,47,25.04951,121.54941,32
500110046,1,2024-07-20 07:23:23,47,25.04951,121.54941,32
500110046,1,2024-07-20 07:24:23,47,25.04951,121.54941,32
500110046,1,2024-07-20 07:25:23,47,25.04951,121.54941,32
500110046,1,2024-07-20 07:26:23,47,25.04951,121.54941,32
500110046,1,2024-07-20 07:27:23,47,25.04951,121.54941,32
500110046,1,2024-07-20 07:28:24,47,25.04951,121.54941,31
500110046,1,2024-07-20 07:29:24,47,25.04951,121.54941,31
500110046,1,2024-07-20 07:30:29,47,25.04951,121.54941,31
500110046,1,2024-07-20 07:31:24,47,25.04951,121.54941,31
500110046,1,2024-07-20 07:32:24,47,25.04951,121.54941,31
500110046,1,2024-07-20 07:33:23,47,25.04951,121.54941,31
500110046,1,2024-07-20 07:34:23,47,25.04951,121.54941,31
500110046,1,2024-07-20 07:35:23,47,25.04951,121.54941,31
500110046,1,2024-07-20 07:36:24,47,25.04951,121.54941,31
500110046,1,2024-07-20 07:37:23,47,25.04951,121.54941,32
500110046,1,2024-07-20 07:38:24,47,25.04951,121.54941,33
500110046,1,2024-07-20 07:39:23,47,25.04951,121.54941,33
500110046,1,2024-07-20 07:40:30,47,25.04951,121.54941,33
500110046,1,2024-07-20 07:41:23,47,25.04951,121.54941,33
500110046,1,2024-07-20 07:42:23,47,25.04951,121.54941,33
500110046,1,2024-07-20 07:43:24,47,25.04951,121.54941,33
500110046,1,2024-07-20 07:44:23,47,25.04951,121.54941,33
500110046,1,2024-07-20 07:45:23,47,25.04951,121.54941,33
500110046,1,2024-07-20 07:46:24,47,25.04951,121.54941,34
500110046,1,2024-07-20 07:47:23,47,25.04951,121.54941,35
500110046,1,2024-07-20 07:48:24,47,25.04951,121.54941,35
500110046,1,2024-07-20 07:49:23,47,25.04951,121.54941,34
500110046,1,2024-07-20 07:50:30,47,25.04951,121.54941,34
500110046,1,2024-07-20 07:51:23,47,25.04951,121.54941,34
500110046,1,2024-07-20 07:52:23,47,25.04951,121.54941,35
500110046,1,2024-07-20 07:53:23,47,25.04951,121.54941,35
500110046,1,2024-07-20 07:54:23,47,25.04951,121.54941,35
500110046,1,2024-07-20 07:55:23,47,25.04951,121.54941,35
500110046,1,2024-07-20 07:56:24,47,25.04951,121.54941,35
500110046,1,2024-07-20 07:57:24,47,25.04951,121.54941,35
500110046,1,2024-07-20 07:58:23,47,25.04951,121.54941,35
500110046,1,2024-07-20 07:59:23,47,25.04951,121.54941,36
500110046,1,2024-07-20 08:00:29,47,25.04951,121.54941,36
500110046,1,2024-07-20 08:01:24,47,25.04951,121.54941,36
500110046,1,2024-07-20 08:02:24,47,25.04951,121.54941,36
500110046,1,2024-07-20 08:03:23,47,25.04951,121.54941,36
500110046,1,2024-07-20 08:04:23,47,25.04951,121.54941,37
500110046,1,2024-07-20 08:05:23,47,25.04951,121.54941,37
500110046,1,2024-07-20 08:06:24,47,25.04951,121.54941,38
500110046,1,2024-07-20 08:07:23,47,25.04951,121.54941,38
500110046,1,2024-07-20 08:08:24,47,25.04951,121.54941,38
500110046,1,2024-07-20 08:09:23,47,25.04951,121.54941,38
500110046,1,2024-07-20 08:10:30,47,25.04951,121.54941,40
500110046,1,2024-07-20 08:11:24,47,25.04951,121.54941,40
500110046,1,2024-07-20 08:12:24,47,25.04951,121.54941,40
500110046,1,2024-07-20 08:13:24,47,25.04951,121.54941,39
500110046,1,2024-07-20 08:14:24,47,25.04951,121.54941,39
500110046,1,2024-07-20 08:15:23,47,25.04951,121.54941,39
500110046,1,2024-07-20 08:16:25,47,25.04951,121.54941,39
500110046,1,2024-07-20 08:17:23,47,25.04951,121.54941,39
500110046,1,2024-07-20 08:18:24,47,25.04951,121.54941,38
500110046,1,2024-07-20 08:19:23,47,25.04951,121.54941,38
500110046,1,2024-07-20 08:20:29,47,25.04951,121.54941,38
500110046,1,2024-07-20 08:21:23,47,25.04951,121.54941,38
500110046,1,2024-07-20 08:22:24,47,25.04951,121.54941,37
500110046,1,2024-07-20 08:23:24,47,25.04951,121.54941,37
500110046,1,2024-07-20 08:24:23,47,25.04951,121.54941,37
500110046,1,2024-07-20 08:25:24,47,25.04951,121.54941,38
500110046,1,2024-07-20 08:26:24,47,25.04951,121.54941,37
500110046,1,2024-07-20 08:27:24,47,25.04951,121.54941,37
500110046,1,2024-07-20 08:28:24,47,25.04951,121.54941,37
500110046,1,2024-07-20 08:29:24,47,25.04951,121.54941,37
500110046,1,2024-07-20 08:30:29,47,25.04951,121.54941,37
500110046,1,2024-07-20 08:31:24,47,25.04951,121.54941,38
500110046,1,2024-07-20 08:32:24,47,25.04951,121.54941,38
500110046,1,2024-07-20 08:33:23,47,25.04951,121.54941,38
500110046,1,2024-07-20 08:34:24,47,25.04951,121.54941,38
500110046,1,2024-07-20 08:35:24,47,25.04951,121.54941,37
500110046,1,2024-07-20 08:36:23,47,25.04951,121.54941,37
500110046,1,2024-07-20 08:37:24,47,25.04951,121.54941,37
500110046,1,2024-07-20 08:38:24,47,25.04951,121.54941,37
500110046,1,2024-07-20 08:39:24,47,25.04951,121.54941,36
500110046,1,2024-07-20 08:40:30,47,25.04951,121.54941,36
500110046,1,2024-07-20 08:41:24,47,25.04951,121.54941,37
500110046,1,2024-07-20 08:42:24,47,25.04951,121.54941,37
500110046,1,2024-07-20 08:43:24,47,25.04951,121.54941,38
500110046,1,2024-07-20 08:44:24,47,25.04951,121.54941,39
500110046,1,2024-07-20 08:45:24,47,25.04951,121.54941,39
500110046,1,2024-07-20 08:46:24,47,25.04951,121.54941,40
500110046,1,2024-07-20 08:47:24,47,25.04951,121.54941,40
500110046,1,2024-07-20 08:48:25,47,25.04951,121.54941,40
500110046,1,2024-07-20 08:49:24,47,25.04951,121.54941,40
500110046,1,2024-07-20 08:50:31,47,25.04951,121.54941,41
500110046,1,2024-07-20 08:51:24,47,25.04951,121.54941,41
500110046,1,2024-07-20 08:52:24,47,25.04951,121.54941,42
500110046,1,2024-07-20 08:53:24,47,25.04951,121.54941,42
500110046,1,2024-07-20 08:54:24,47,25.04951,121.54941,42
500110046,1,2024-07-20 08:55:24,47,25.04951,121.54941,42
500110046,1,2024-07-20 08:56:24,47,25.04951,121.54941,42
500110046,1,2024-07-20 08:57:24,47,25.04951,121.54941,42
500110046,1,2024-07-20 08:58:24,47,25.04951,121.54941,42
500110046,1,2024-07-20 08:59:24,47,25.04951,121.54941,42
500110046,1,2024-07-20 09:00:30,47,25.04951,121.54941,42
500110046,1,2024-07-20 09:01:24,47,25.04951,121.54941,42
500110046,1,2024-07-20 09:02:24,47,25.04951,121.54941,42
500110046,1,2024-07-20 09:03:24,47,25.04951,121.54941,42
500110046,1,2024-07-20 09:04:24,47,25.04951,121.54941,42
500110046,1,2024-07-20 09:05:24,47,25.04951,121.54941,42
500110046,1,2024-07-20 09:06:23,47,25.04951,121.54941,42
500110046,1,2024-07-20 09:07:24,47,25.04951,121.54941,41
500110046,1,2024-07-20 09:08:24,47,25.04951,121.54941,40
500110046,1,2024-07-20 09:09:24,47,25.04951,121.54941,40
500110046,1,2024-07-20 09:10:30,47,25.04951,121.54941,40
500110046,1,2024-07-20 09:11:24,47,25.04951,121.54941,40
500110046,1,2024-07-20 09:12:24,47,25.04951,121.54941,39
500110046,1,2024-07-20 09:13:24,47,25.04951,121.54941,39
500110046,1,2024-07-20 09:14:25,47,25.04951,121.54941,39
500110046,1,2024-07-20 09:15:23,47,25.04951,121.54941,39
500110046,1,2024-07-20 09:16:24,47,25.04951,121.54941,39
500110046,1,2024-07-20 09:17:24,47,25.04951,121.54941,39
500110046,1,2024-07-20 09:18:24,47,25.04951,121.54941,41
500110046,1,2024-07-20 09:19:25,47,25.04951,121.54941,41
500110046,1,2024-07-20 09:20:30,47,25.04951,121.54941,41
500110046,1,2024-07-20 09:21:24,47,25.04951,121.54941,41
500110046,1,2024-07-20 09:22:24,47,25.04951,121.54941,41
500110046,1,2024-07-20 09:23:24,47,25.04951,121.54941,41
500110046,1,2024-07-20 09:24:23,47,25.04951,121.54941,41
500110046,1,2024-07-20 09:25:23,47,25.04951,121.54941,41
500110046,1,2024-07-20 09:26:24,47,25.04951,121.54941,41
500110046,1,2024-07-20 09:27:23,47,25.04951,121.54941,41
500110046,1,2024-07-20 09:28:24,47,25.04951,121.54941,41
500110046,1,2024-07-20 09:29:23,47,25.04951,121.54941,41
500110046,1,2024-07-20 09:30:29,47,25.04951,121.54941,41
500110046,1,2024-07-20 09:31:24,47,25.04951,121.54941,43
500110046,1,2024-07-20 09:33:23,47,25.04951,121.54941,44
500110046,1,2024-07-20 09:34:24,47,25.04951,121.54941,43
500110046,1,2024-07-20 09:35:24,47,25.04951,121.54941,42
500110046,1,2024-07-20 09:36:24,47,25.04951,121.54941,42
500110046,1,2024-07-20 09:37:23,47,25.04951,121.54941,43
500110046,1,2024-07-20 09:38:24,47,25.04951,121.54941,43
500110046,1,2024-07-20 09:39:24,47,25.04951,121.54941,43
500110046,1,2024-07-20 09:40:30,47,25.04951,121.54941,43
500110046,1,2024-07-20 09:41:24,47,25.04951,121.54941,43
500110046,1,2024-07-20 09:42:24,47,25.04951,121.54941,43
500110046,1,2024-07-20 09:43:24,47,25.04951,121.54941,43
500110046,1,2024-07-20 09:44:24,47,25.04951,121.54941,42
500110046,1,2024-07-20 09:45:25,47,25.04951,121.54941,42
500110046,1,2024-07-20 09:46:24,47,25.04951,121.54941,42
500110046,1,2024-07-20 09:47:24,47,25.04951,121.54941,41
500110046,1,2024-07-20 09:48:24,47,25.04951,121.54941,40
500110046,1,2024-07-20 09:49:24,47,25.04951,121.54941,40
500110046,1,2024-07-20 09:50:30,47,25.04951,121.54941,40
500110046,1,2024-07-20 09:51:24,47,25.04951,121.54941,40
500110046,1,2024-07-20 09:52:23,47,25.04951,121.54941,40
500110046,1,2024-07-20 09:53:24,47,25.04951,121.54941,40
500110046,1,2024-07-20 09:54:24,47,25.04951,121.54941,40
500110046,1,2024-07-20 09:55:24,47,25.04951,121.54941,40
500110046,1,2024-07-20 09:56:24,47,25.04951,121.54941,37
500110046,1,2024-07-20 09:57:24,47,25.04951,121.54941,37
500110046,1,2024-07-20 09:58:25,47,25.04951,121.54941,37
500110046,1,2024-07-20 09:59:24,47,25.04951,121.54941,37
500110046,1,2024-07-20 10:00:30,47,25.04951,121.54941,37
500110046,1,2024-07-20 10:01:25,47,25.04951,121.54941,35
500110046,1,2024-07-20 10:02:24,47,25.04951,121.54941,34
500110046,1,2024-07-20 10:03:25,47,25.04951,121.54941,34
500110046,1,2024-07-20 10:04:24,47,25.04951,121.54941,34
500110046,1,2024-07-20 10:05:24,47,25.04951,121.54941,34
500110046,1,2024-07-20 10:06:24,47,25.04951,121.54941,34
500110046,1,2024-07-20 10:07:24,47,25.04951,121.54941,34
500110046,1,2024-07-20 10:08:24,47,25.04951,121.54941,33
500110046,1,2024-07-20 10:09:24,47,25.04951,121.54941,33
500110046,1,2024-07-20 10:10:30,47,25.04951,121.54941,33
500110046,1,2024-07-20 10:11:24,47,25.04951,121.54941,34
500110046,1,2024-07-20 10:12:24,47,25.04951,121.54941,34
500110046,1,2024-07-20 10:13:24,47,25.04951,121.54941,34
500110046,1,2024-07-20 10:14:24,47,25.04951,121.54941,34
500110046,1,2024-07-20 10:15:25,47,25.04951,121.54941,34
500110046,1,2024-07-20 10:16:24,47,25.04951,121.54941,34
500110046,1,2024-07-20 10:17:23,47,25.04951,121.54941,34
500110046,1,2024-07-20 10:18:23,47,25.04951,121.54941,34
500110046,1,2024-07-20 10:19:24,47,25.04951,121.54941,33
500110046,1,2024-07-20 10:20:30,47,25.04951,121.54941,33
500110046,1,2024-07-20 10:21:24,47,25.04951,121.54941,33
500110046,1,2024-07-20 10:22:24,47,25.04951,121.54941,33
500110046,1,2024-07-20 10:23:23,47,25.04951,121.54941,33
500110046,1,2024-07-20 10:24:23,47,25.04951,121.54941,32
500110046,1,2024-07-20 10:25:24,47,25.04951,121.54941,31
500110046,1,2024-07-20 10:26:24,47,25.04951,121.54941,31
500110046,1,2024-07-20 10:27:24,47,25.04951,121.54941,31
500110046,1,2024-07-20 10:28:24,47,25.04951,121.54941,31
500110046,1,2024-07-20 10:29:23,47,25.04951,121.54941,31
500110046,1,2024-07-20 10:30:29,47,25.04951,121.54941,31
500110046,1,2024-07-20 10:31:24,47,25.04951,121.54941,31
500110046,1,2024-07-20 10:32:24,47,25.04951,121.54941,30
500110046,1,2024-07-20 10:33:23,47,25.04951,121.54941,30
500110046,1,2024-07-20 10:34:25,47,25.04951,121.54941,30
500110046,1,2024-07-20 10:35:24,47,25.04951,121.54941,30
500110046,1,2024-07-20 10:36:24,47,25.04951,121.54941,30
500110046,1,2024-07-20 10:37:24,47,25.04951,121.54941,30
500110046,1,2024-07-20 10:38:24,47,25.04951,121.54941,30
500110046,1,2024-07-20 10:39:23,47,25.04951,121.54941,30
500110046,1,2024-07-20 10:40:31,47,25.04951,121.54941,30
500110046,1,2024-07-20 10:41:24,47,25.04951,121.54941,29
500110046,1,2024-07-20 10:42:24,47,25.04951,121.54941,29
500110046,1,2024-07-20 10:43:25,47,25.04951,121.54941,29
500110046,1,2024-07-20 10:44:25,47,25.04951,121.54941,29
500110046,1,2024-07-20 10:45:24,47,25.04951,121.54941,30
500110046,1,2024-07-20 10:46:24,47,25.04951,121.54941,31
500110046,1,2024-07-20 10:47:25,47,25.04951,121.54941,32
500110046,1,2024-07-20 10:48:24,47,25.04951,121.54941,31
500110046,1,2024-07-20 10:49:24,47,25.04951,121.54941,30
500110046,1,2024-07-20 10:50:30,47,25.04951,121.54941,31
500110046,1,2024-07-20 10:51:23,47,25.04951,121.54941,31
500110046,1,2024-07-20 10:52:24,47,25.04951,121.54941,31
500110046,1,2024-07-20 10:53:25,47,25.04951,121.54941,31
500110046,1,2024-07-20 10:54:24,47,25.04951,121.54941,31
500110046,1,2024-07-20 10:55:24,47,25.04951,121.54941,31
500110046,1,2024-07-20 10:56:24,47,25.04951,121.54941,31
500110046,1,2024-07-20 10:57:24,47,25.04951,121.54941,31
500110046,1,2024-07-20 10:58:24,47,25.04951,121.54941,31
500110046,1,2024-07-20 10:59:24,47,25.04951,121.54941,30
500110046,1,2024-07-20 11:00:30,47,25.04951,121.54941,30
500110046,1,2024-07-20 11:01:24,47,25.04951,121.54941,31
500110046,1,2024-07-20 11:02:24,47,25.04951,121.54941,31
500110046,1,2024-07-20 11:03:23,47,25.04951,121.54941,31
500110046,1,2024-07-20 11:04:24,47,25.04951,121.54941,31
500110046,1,2024-07-20 11:05:24,47,25.04951,121.54941,32
500110046,1,2024-07-20 11:06:24,47,25.04951,121.54941,32
500110046,1,2024-07-20 11:07:24,47,25.04951,121.54941,32
500110046,1,2024-07-20 11:08:24,47,25.04951,121.54941,32
500110046,1,2024-07-20 11:09:24,47,25.04951,121.54941,31
500110046,1,2024-07-20 11:10:30,47,25.04951,121.54941,31
500110046,1,2024-07-20 11:11:24,47,25.04951,121.54941,31
500110046,1,2024-07-20 11:12:24,47,25.04951,121.54941,31
500110046,1,2024-07-20 11:13:24,47,25.04951,121.54941,31
500110046,1,2024-07-20 11:14:24,47,25.04951,121.54941,31
500110046,1,2024-07-20 11:15:24,47,25.04951,121.54941,31
500110046,1,2024-07-20 11:16:24,47,25.04951,121.54941,32
500110046,1,2024-07-20 11:17:23,47,25.04951,121.54941,32
500110046,1,2024-07-20 11:18:24,47,25.04951,121.54941,32
500110046,1,2024-07-20 11:19:23,47,25.04951,121.54941,32
500110046,1,2024-07-20 11:20:30,47,25.04951,121.54941,32
500110046,1,2024-07-20 11:21:24,47,25.04951,121.54941,32
500110046,1,2024-07-20 11:22:24,47,25.04951,121.54941,32
500110046,1,2024-07-20 11:23:25,47,25.04951,121.54941,32
500110046,1,2024-07-20 11:24:24,47,25.04951,121.54941,32
500110046,1,2024-07-20 11:25:24,47,25.04951,121.54941,31
500110046,1,2024-07-20 11:26:24,47,25.04951,121.54941,31
500110046,1,2024-07-20 11:27:24,47,25.04951,121.54941,31
500110046,1,2024-07-20 11:28:24,47,25.04951,121.54941,31
500110046,1,2024-07-20 11:29:24,47,25.04951,121.54941,31
500110046,1,2024-07-20 11:30:30,47,25.04951,121.54941,31
500110046,1,2024-07-20 11:31:24,47,25.04951,121.54941,32
500110046,1,2024-07-20 11:32:25,47,25.04951,121.54941,32
500110046,1,2024-07-20 11:33:24,47,25.04951,121.54941,32
500110046,1,2024-07-20 11:34:24,47,25.04951,121.54941,32
500110046,1,2024-07-20 11:35:24,47,25.04951,121.54941,32
500110046,1,2024-07-20 11:36:24,47,25.04951,121.54941,32
500110046,1,2024-07-20 11:37:24,47,25.04951,121.54941,32
500110046,1,2024-07-20 11:38:24,47,25.04951,121.54941,33
500110046,1,2024-07-20 11:39:24,47,25.04951,121.54941,33
500110046,1,2024-07-20 11:40:30,47,25.04951,121.54941,32
500110046,1,2024-07-20 11:41:24,47,25.04951,121.54941,32
500110046,1,2024-07-20 11:42:24,47,25.04951,121.54941,32
500110046,1,2024-07-20 11:43:24,47,25.04951,121.54941,32
500110046,1,2024-07-20 11:44:24,47,25.04951,121.54941,32
500110046,1,2024-07-20 11:45:24,47,25.04951,121.54941,31
500110046,1,2024-07-20 11:46:24,47,25.04951,121.54941,31
500110046,1,2024-07-20 11:47:24,47,25.04951,121.54941,31
500110046,1,2024-07-20 11:48:24,47,25.04951,121.54941,30
500110046,1,2024-07-20 11:49:24,47,25.04951,121.54941,30
500110046,1,2024-07-20 11:50:30,47,25.04951,121.54941,30
500110046,1,2024-07-20 11:51:24,47,25.04951,121.54941,30
500110046,1,2024-07-20 11:52:24,47,25.04951,121.54941,30
500110046,1,2024-07-20 11:53:24,47,25.04951,121.54941,30
500110046,1,2024-07-20 11:54:23,47,25.04951,121.54941,30
500110046,1,2024-07-20 11:55:23,47,25.04951,121.54941,30
500110046,1,2024-07-20 11:56:24,47,25.04951,121.54941,29
500110046,1,2024-07-20 11:57:24,47,25.04951,121.54941,30
500110046,1,2024-07-20 11:58:24,47,25.04951,121.54941,29
500110046,1,2024-07-20 11:59:24,47,25.04951,121.54941,28
500110046,1,2024-07-20 12:00:30,47,25.04951,121.54941,28
500110046,1,2024-07-20 12:01:24,47,25.04951,121.54941,28
500110046,1,2024-07-20 12:02:25,47,25.04951,121.54941,28
500110046,1,2024-07-20 12:03:24,47,25.04951,121.54941,28
500110046,1,2024-07-20 12:04:24,47,25.04951,121.54941,28
500110046,1,2024-07-20 12:05:24,47,25.04951,121.54941,28
500110046,1,2024-07-20 12:06:25,47,25.04951,121.54941,28
500110046,1,2024-07-20 12:07:24,47,25.04951,121.54941,27
500110046,1,2024-07-20 12:08:25,47,25.04951,121.54941,28
500110046,1,2024-07-20 12:09:24,47,25.04951,121.54941,30
500110046,1,2024-07-20 12:10:31,47,25.04951,121.54941,28
500110046,1,2024-07-20 12:11:25,47,25.04951,121.54941,29
500110046,1,2024-07-20 12:12:23,47,25.04951,121.54941,25
500110046,1,2024-07-20 12:13:24,47,25.04951,121.54941,26
500110046,1,2024-07-20 12:14:24,47,25.04951,121.54941,27
500110046,1,2024-07-20 12:15:24,47,25.04951,121.54941,27
500110046,1,2024-07-20 12:16:24,47,25.04951,121.54941,28
500110046,1,2024-07-20 12:17:24,47,25.04951,121.54941,28
500110046,1,2024-07-20 12:19:24,47,25.04951,121.54941,28
500110046,1,2024-07-20 12:20:30,47,25.04951,121.54941,28
500110046,1,2024-07-20 12:21:24,47,25.04951,121.54941,30
500110046,1,2024-07-20 12:22:24,47,25.04951,121.54941,30
500110046,1,2024-07-20 12:23:25,47,25.04951,121.54941,30
500110046,1,2024-07-20 12:24:24,47,25.04951,121.54941,29
500110046,1,2024-07-20 12:25:24,47,25.04951,121.54941,31
500110046,1,2024-07-20 12:25:24,47,25.04951,121.54941,31
500110046,1,2024-07-20 12:27:24,47,25.04951,121.54941,32
500110046,1,2024-07-20 12:28:24,47,25.04951,121.54941,32
500110046,1,2024-07-20 12:29:24,47,25.04951,121.54941,32
500110046,1,2024-07-20 12:30:29,47,25.04951,121.54941,32
500110046,1,2024-07-20 12:31:24,47,25.04951,121.54941,33
500110046,1,2024-07-20 12:31:24,47,25.04951,121.54941,33
500110046,1,2024-07-20 12:33:24,47,25.04951,121.54941,35
500110046,1,2024-07-20 12:34:25,47,25.04951,121.54941,37
500110046,1,2024-07-20 12:35:24,47,25.04951,121.54941,37
500110046,1,2024-07-20 12:36:24,47,25.04951,121.54941,37
500110046,1,2024-07-20 12:37:24,47,25.04951,121.54941,37
500110046,1,2024-07-20 12:38:24,47,25.04951,121.54941,37
500110046,1,2024-07-20 12:39:24,47,25.04951,121.54941,37
500110046,1,2024-07-20 12:40:31,47,25.04951,121.54941,38
500110046,1,2024-07-20 12:41:24,47,25.04951,121.54941,38
500110046,1,2024-07-20 12:42:24,47,25.04951,121.54941,37
500110046,1,2024-07-20 12:43:24,47,25.04951,121.54941,37
500110046,1,2024-07-20 12:44:24,47,25.04951,121.54941,36
500110046,1,2024-07-20 12:45:24,47,25.04951,121.54941,36
500110046,1,2024-07-20 12:46:23,47,25.04951,121.54941,37
500110046,1,2024-07-20 12:47:23,47,25.04951,121.54941,37
500110046,1,2024-07-20 12:48:24,47,25.04951,121.54941,37
500110046,1,2024-07-20 12:49:24,47,25.04951,121.54941,37
500110046,1,2024-07-20 12:50:30,47,25.04951,121.54941,37
500110046,1,2024-07-20 12:51:24,47,25.04951,121.54941,38
500110046,1,2024-07-20 12:52:24,47,25.04951,121.54941,38
500110046,1,2024-07-20 12:53:24,47,25.04951,121.54941,38
500110046,1,2024-07-20 12:54:24,47,25.04951,121.54941,38
500110046,1,2024-07-20 12:55:23,47,25.04951,121.54941,38
500110046,1,2024-07-20 12:56:24,47,25.04951,121.54941,38
500110046,1,2024-07-20 12:57:24,47,25.04951,121.54941,39
500110046,1,2024-07-20 12:58:24,47,25.04951,121.54941,39
500110046,1,2024-07-20 12:59:24,47,25.04951,121.54941,39
500110046,1,2024-07-20 13:00:30,47,25.04951,121.54941,39
500110046,1,2024-07-20 13:01:25,47,25.04951,121.54941,36
500110046,1,2024-07-20 13:02:24,47,25.04951,121.54941,36
500110046,1,2024-07-20 13:03:24,47,25.04951,121.54941,36
500110046,1,2024-07-20 13:04:24,47,25.04951,121.54941,36
500110046,1,2024-07-20 13:05:24,47,25.04951,121.54941,36
500110046,1,2024-07-20 13:06:24,47,25.04951,121.54941,36
500110046,1,2024-07-20 13:07:23,47,25.04951,121.54941,36
500110046,1,2024-07-20 13:08:24,47,25.04951,121.54941,36
500110046,1,2024-07-20 13:09:23,47,25.04951,121.54941,36
500110046,1,2024-07-20 13:10:31,47,25.04951,121.54941,35
500110046,1,2024-07-20 13:11:25,47,25.04951,121.54941,35
500110046,1,2024-07-20 13:12:24,47,25.04951,121.54941,35
500110046,1,2024-07-20 13:13:25,47,25.04951,121.54941,35
500110046,1,2024-07-20 13:14:24,47,25.04951,121.54941,35
500110046,1,2024-07-20 13:15:23,47,25.04951,121.54941,36
500110046,1,2024-07-20 13:16:24,47,25.04951,121.54941,36
500110046,1,2024-07-20 13:17:23,47,25.04951,121.54941,36
500110046,1,2024-07-20 13:18:24,47,25.04951,121.54941,36
500110046,1,2024-07-20 13:19:23,47,25.04951,121.54941,36
500110046,1,2024-07-20 13:20:30,47,25.04951,121.54941,36
500110046,1,2024-07-20 13:21:24,47,25.04951,121.54941,35
500110046,1,2024-07-20 13:22:24,47,25.04951,121.54941,35
500110046,1,2024-07-20 13:23:25,47,25.04951,121.54941,35
500110046,1,2024-07-20 13:24:24,47,25.04951,121.54941,35
500110046,1,2024-07-20 13:25:24,47,25.04951,121.54941,35
500110046,1,2024-07-20 13:26:24,47,25.04951,121.54941,31
500110046,1,2024-07-20 13:27:24,47,25.04951,121.54941,29
500110046,1,2024-07-20 13:28:24,47,25.04951,121.54941,30
500110046,1,2024-07-20 13:29:24,47,25.04951,121.54941,30
500110046,1,2024-07-20 13:30:30,47,25.04951,121.54941,30
500110046,1,2024-07-20 13:31:23,47,25.04951,121.54941,31
500110046,1,2024-07-20 13:32:24,47,25.04951,121.54941,31
500110046,1,2024-07-20 13:33:24,47,25.04951,121.54941,30
500110046,1,2024-07-20 13:34:24,47,25.04951,121.54941,30
500110046,1,2024-07-20 13:35:25,47,25.04951,121.54941,30
500110046,1,2024-07-20 13:36:24,47,25.04951,121.54941,30
500110046,1,2024-07-20 13:37:24,47,25.04951,121.54941,30
500110046,1,2024-07-20 13:38:24,47,25.04951,121.54941,28
500110046,1,2024-07-20 13:39:24,47,25.04951,121.54941,28
500110046,1,2024-07-20 13:40:30,47,25.04951,121.54941,28
500110046,1,2024-07-20 13:41:24,47,25.04951,121.54941,28
500110046,1,2024-07-20 13:42:24,47,25.04951,121.54941,28
500110046,1,2024-07-20 13:43:24,47,25.04951,121.54941,27
500110046,1,2024-07-20 13:44:23,47,25.04951,121.54941,27
500110046,1,2024-07-20 13:45:24,47,25.04951,121.54941,27
500110046,1,2024-07-20 13:46:25,47,25.04951,121.54941,28
500110046,1,2024-07-20 13:47:24,47,25.04951,121.54941,28
500110046,1,2024-07-20 13:48:24,47,25.04951,121.54941,28
500110046,1,2024-07-20 13:49:24,47,25.04951,121.54941,28
500110046,1,2024-07-20 13:50:30,47,25.04951,121.54941,28
500110046,1,2024-07-20 13:51:24,47,25.04951,121.54941,28
500110046,1,2024-07-20 13:52:24,47,25.04951,121.54941,28
500110046,1,2024-07-20 13:53:24,47,25.04951,121.54941,26
500110046,1,2024-07-20 13:54:23,47,25.04951,121.54941,26
500110046,1,2024-07-20 13:55:23,47,25.04951,121.54941,26
500110046,1,2024-07-20 13:56:24,47,25.04951,121.54941,26
500110046,1,2024-07-20 13:57:24,47,25.04951,121.54941,27
500110046,1,2024-07-20 13:58:24,47,25.04951,121.54941,27
500110046,1,2024-07-20 13:59:23,47,25.04951,121.54941,27
500110046,1,2024-07-20 14:00:29,47,25.04951,121.54941,27
500110046,1,2024-07-20 14:01:24,47,25.04951,121.54941,28
500110046,1,2024-07-20 14:02:24,47,25.04951,121.54941,28
500110046,1,2024-07-20 14:03:24,47,25.04951,121.54941,28
500110046,1,2024-07-20 14:04:24,47,25.04951,121.54941,29
500110046,1,2024-07-20 14:05:25,47,25.04951,121.54941,29
500110046,1,2024-07-20 14:06:23,47,25.04951,121.54941,29
500110046,1,2024-07-20 14:07:24,47,25.04951,121.54941,30
500110046,1,2024-07-20 14:08:23,47,25.04951,121.54941,30
500110046,1,2024-07-20 14:09:23,47,25.04951,121.54941,30
500110046,1,2024-07-20 14:10:30,47,25.04951,121.54941,30
500110046,1,2024-07-20 14:11:23,47,25.04951,121.54941,30
500110046,1,2024-07-20 14:12:24,47,25.04951,121.54941,32
500110046,1,2024-07-20 14:13:23,47,25.04951,121.54941,32
500110046,1,2024-07-20 14:14:23,47,25.04951,121.54941,32
500110046,1,2024-07-20 14:15:23,47,25.04951,121.54941,32
500110046,1,2024-07-20 14:16:24,47,25.04951,121.54941,32
500110046,1,2024-07-20 14:17:23,47,25.04951,121.54941,32
500110046,1,2024-07-20 14:18:24,47,25.04951,121.54941,35
500110046,1,2024-07-20 14:19:24,47,25.04951,121.54941,34
500110046,1,2024-07-20 14:20:30,47,25.04951,121.54941,34
500110046,1,2024-07-20 14:21:24,47,25.04951,121.54941,34
500110046,1,2024-07-20 14:22:24,47,25.04951,121.54941,35
500110046,1,2024-07-20 14:23:24,47,25.04951,121.54941,34
500110046,1,2024-07-20 14:24:23,47,25.04951,121.54941,35
500110046,1,2024-07-20 14:25:24,47,25.04951,121.54941,36
500110046,1,2024-07-20 14:26:24,47,25.04951,121.54941,36
500110046,1,2024-07-20 14:27:24,47,25.04951,121.54941,36
500110046,1,2024-07-20 14:28:23,47,25.04951,121.54941,36
500110046,1,2024-07-20 14:29:23,47,25.04951,121.54941,36
500110046,1,2024-07-20 14:30:29,47,25.04951,121.54941,36
500110046,1,2024-07-20 14:31:24,47,25.04951,121.54941,35
500110046,1,2024-07-20 14:32:24,47,25.04951,121.54941,36
500110046,1,2024-07-20 14:33:25,47,25.04951,121.54941,36
500110046,1,2024-07-20 14:34:24,47,25.04951,121.54941,36
500110046,1,2024-07-20 14:35:24,47,25.04951,121.54941,36
500110046,1,2024-07-20 14:36:24,47,25.04951,121.54941,36
500110046,1,2024-07-20 14:37:24,47,25.04951,121.54941,36
500110046,1,2024-07-20 14:38:24,47,25.04951,121.54941,36
500110046,1,2024-07-20 14:39:24,47,25.04951,121.54941,36
500110046,1,2024-07-20 14:40:30,47,25.04951,121.54941,37
500110046,1,2024-07-20 14:41:24,47,25.04951,121.54941,37
500110046,1,2024-07-20 14:42:24,47,25.04951,121.54941,37
500110046,1,2024-07-20 14:43:24,47,25.04951,121.54941,37
500110046,1,2024-07-20 14:44:24,47,25.04951,121.54941,37
500110046,1,2024-07-20 14:46:24,47,25.04951,121.54941,37
500110046,1,2024-07-20 14:47:24,47,25.04951,121.54941,36
500110046,1,2024-07-20 14:48:24,47,25.04951,121.54941,35
500110046,1,2024-07-20 14:49:24,47,25.04951,121.54941,34
500110046,1,2024-07-20 14:50:31,47,25.04951,121.54941,35
500110046,1,2024-07-20 14:50:31,47,25.04951,121.54941,35
500110046,1,2024-07-20 14:52:24,47,25.04951,121.54941,36
500110046,1,2024-07-20 14:53:24,47,25.04951,121.54941,36
500110046,1,2024-07-20 14:54:24,47,25.04951,121.54941,36
500110046,1,2024-07-20 14:55:23,47,25.04951,121.54941,36
500110046,1,2024-07-20 14:56:24,47,25.04951,121.54941,35
500110046,1,2024-07-20 14:57:25,47,25.04951,121.54941,35
500110046,1,2024-07-20 14:58:24,47,25.04951,121.54941,35
500110046,1,2024-07-20 14:59:25,47,25.04951,121.54941,35
500110046,1,2024-07-20 15:00:30,47,25.04951,121.54941,35
500110046,1,2024-07-20 15:01:24,47,25.04951,121.54941,35
500110046,1,2024-07-20 15:02:26,47,25.04951,121.54941,34
500110046,1,2024-07-20 15:03:24,47,25.04951,121.54941,33
500110046,1,2024-07-20 15:04:24,47,25.04951,121.54941,33
500110046,1,2024-07-20 15:05:25,47,25.04951,121.54941,32
500110046,1,2024-07-20 15:06:24,47,25.04951,121.54941,32
500110046,1,2024-07-20 15:07:24,47,25.04951,121.54941,32
500110046,1,2024-07-20 15:08:24,47,25.04951,121.54941,30
500110046,1,2024-07-20 15:09:25,47,25.04951,121.54941,29
500110046,1,2024-07-20 15:10:33,47,25.04951,121.54941,28
500110046,1,2024-07-20 15:11:24,47,25.04951,121.54941,28
500110046,1,2024-07-20 15:12:24,47,25.04951,121.54941,28
500110046,1,2024-07-20 15:13:25,47,25.04951,121.54941,28
500110046,1,2024-07-20 15:14:24,47,25.04951,121.54941,28
500110046,1,2024-07-20 15:15:24,47,25.04951,121.54941,28
500110046,1,2024-07-20 15:15:24,47,25.04951,121.54941,28
500110046,1,2024-07-20 15:17:24,47,25.04951,121.54941,28
500110046,1,2024-07-20 15:17:24,47,25.04951,121.54941,28
500110046,1,2024-07-20 15:19:24,47,25.04951,121.54941,27
500110046,1,2024-07-20 15:20:30,47,25.04951,121.54941,27
500110046,1,2024-07-20 15:21:24,47,25.04951,121.54941,26
500110046,1,2024-07-20 15:22:26,47,25.04951,121.54941,25
500110046,1,2024-07-20 15:23:23,47,25.04951,121.54941,25
500110046,1,2024-07-20 15:24:23,47,25.04951,121.54941,25
500110046,1,2024-07-20 15:25:24,47,25.04951,121.54941,25
500110046,1,2024-07-20 15:26:24,47,25.04951,121.54941,25
500110046,1,2024-07-20 15:27:24,47,25.04951,121.54941,26
500110046,1,2024-07-20 15:28:24,47,25.04951,121.54941,26
500110046,1,2024-07-20 15:29:24,47,25.04951,121.54941,27
500110046,1,2024-07-20 15:30:30,47,25.04951,121.54941,27
500110046,1,2024-07-20 15:31:24,47,25.04951,121.54941,31
500110046,1,2024-07-20 15:32:24,47,25.04951,121.54941,32
500110046,1,2024-07-20 15:33:24,47,25.04951,121.54941,33
500110046,1,2024-07-20 15:34:24,47,25.04951,121.54941,32
500110046,1,2024-07-20 15:35:24,47,25.04951,121.54941,32
500110046,1,2024-07-20 15:36:24,47,25.04951,121.54941,33
500110046,1,2024-07-20 15:37:24,47,25.04951,121.54941,34
500110046,1,2024-07-20 15:38:24,47,25.04951,121.54941,34
500110046,1,2024-07-20 15:39:24,47,25.04951,121.54941,35
500110046,1,2024-07-20 15:40:31,47,25.04951,121.54941,36
500110046,1,2024-07-20 15:41:24,47,25.04951,121.54941,36
500110046,1,2024-07-20 15:42:24,47,25.04951,121.54941,37
500110046,1,2024-07-20 15:43:24,47,25.04951,121.54941,36
500110046,1,2024-07-20 15:44:24,47,25.04951,121.54941,37
500110046,1,2024-07-20 15:45:24,47,25.04951,121.54941,37
500110046,1,2024-07-20 15:46:24,47,25.04951,121.54941,37
500110046,1,2024-07-20 15:47:25,47,25.04951,121.54941,37
500110046,1,2024-07-20 15:48:24,47,25.04951,121.54941,36
500110046,1,2024-07-20 15:49:24,47,25.04951,121.54941,36
500110046,1,2024-07-20 15:50:34,47,25.04951,121.54941,35
500110046,1,2024-07-20 15:51:25,47,25.04951,121.54941,35
500110046,1,2024-07-20 15:52:24,47,25.04951,121.54941,35
500110046,1,2024-07-20 15:53:24,47,25.04951,121.54941,34
500110046,1,2024-07-20 15:54:24,47,25.04951,121.54941,34
500110046,1,2024-07-20 15:55:24,47,25.04951,121.54941,34
500110046,1,2024-07-20 15:55:24,47,25.04951,121.54941,34
500110046,1,2024-07-20 15:57:24,47,25.04951,121.54941,34
500110046,1,2024-07-20 15:58:24,47,25.04951,121.54941,34
500110046,1,2024-07-20 15:59:25,47,25.04951,121.54941,35
500110046,1,2024-07-20 16:00:30,47,25.04951,121.54941,35
500110046,1,2024-07-20 16:01:25,47,25.04951,121.54941,35
500110046,1,2024-07-20 16:02:25,47,25.04951,121.54941,35
500110046,1,2024-07-20 16:03:24,47,25.04951,121.54941,35
500110046,1,2024-07-20 16:04:25,47,25.04951,121.54941,35
500110046,1,2024-07-20 16:05:25,47,25.04951,121.54941,36
500110046,1,2024-07-20 16:06:25,47,25.04951,121.54941,36
500110046,1,2024-07-20 16:07:24,47,25.04951,121.54941,36
500110046,1,2024-07-20 16:08:25,47,25.04951,121.54941,36
500110046,1,2024-07-20 16:09:24,47,25.04951,121.54941,37
500110046,1,2024-07-20 16:10:31,47,25.04951,121.54941,37
500110046,1,2024-07-20 16:11:25,47,25.04951,121.54941,37
500110046,1,2024-07-20 16:12:24,47,25.04951,121.54941,36
500110046,1,2024-07-20 16:13:24,47,25.04951,121.54941,35
500110046,1,2024-07-20 16:14:24,47,25.04951,121.54941,35
500110046,1,2024-07-20 16:15:25,47,25.04951,121.54941,36
500110046,1,2024-07-20 16:16:25,47,25.04951,121.54941,35
500110046,1,2024-07-20 16:17:23,47,25.04951,121.54941,35
500110046,1,2024-07-20 16:18:24,47,25.04951,121.54941,36
500110046,1,2024-07-20 16:19:24,47,25.04951,121.54941,36
500110046,1,2024-07-20 16:20:31,47,25.04951,121.54941,36
500110046,1,2024-07-20 16:21:25,47,25.04951,121.54941,33
500110046,1,2024-07-20 16:22:26,47,25.04951,121.54941,33
500110046,1,2024-07-20 16:23:24,47,25.04951,121.54941,33
500110046,1,2024-07-20 16:24:23,47,25.04951,121.54941,32
500110046,1,2024-07-20 16:25:25,47,25.04951,121.54941,32
500110046,1,2024-07-20 16:26:24,47,25.04951,121.54941,32
500110046,1,2024-07-20 16:27:24,47,25.04951,121.54941,32
500110046,1,2024-07-20 16:28:25,47,25.04951,121.54941,30
500110046,1,2024-07-20 16:29:25,47,25.04951,121.54941,29
500110046,1,2024-07-20 16:30:32,47,25.04951,121.54941,29
500110046,1,2024-07-20 16:31:24,47,25.04951,121.54941,31
500110046,1,2024-07-20 16:32:27,47,25.04951,121.54941,32
500110046,1,2024-07-20 16:33:25,47,25.04951,121.54941,32
500110046,1,2024-07-20 16:34:24,47,25.04951,121.54941,32
500110046,1,2024-07-20 16:35:24,47,25.04951,121.54941,33
500110046,1,2024-07-20 16:36:28,47,25.04951,121.54941,32
500110046,1,2024-07-20 16:37:25,47,25.04951,121.54941,32
500110046,1,2024-07-20 16:38:24,47,25.04951,121.54941,32
500110046,1,2024-07-20 16:39:24,47,25.04951,121.54941,33
500110046,1,2024-07-20 16:40:33,47,25.04951,121.54941,34
500110046,1,2024-07-20 16:41:25,47,25.04951,121.54941,35
500110046,1,2024-07-20 16:42:24,47,25.04951,121.54941,35
500110046,1,2024-07-20 16:43:25,47,25.04951,121.54941,35
500110046,1,2024-07-20 16:44:25,47,25.04951,121.54941,34
500110046,1,2024-07-20 16:45:25,47,25.04951,121.54941,34
500110046,1,2024-07-20 16:46:25,47,25.04951,121.54941,32
500110046,1,2024-07-20 16:47:25,47,25.04951,121.54941,31
500110046,1,2024-07-20 16:48:24,47,25.04951,121.54941,30
500110046,1,2024-07-20 16:49:25,47,25.04951,121.54941,30
500110046,1,2024-07-20 16:50:32,47,25.04951,121.54941,32
500110046,1,2024-07-20 16:51:25,47,25.04951,121.54941,32
500110046,1,2024-07-20 16:52:24,47,25.04951,121.54941,33
500110046,1,2024-07-20 16:53:24,47,25.04951,121.54941,33
500110046,1,2024-07-20 16:54:25,47,25.04951,121.54941,32
500110046,1,2024-07-20 16:55:24,47,25.04951,121.54941,32
500110046,1,2024-07-20 16:56:25,47,25.04951,121.54941,27
500110046,1,2024-07-20 16:57:25,47,25.04951,121.54941,27
500110046,1,2024-07-20 16:58:25,47,25.04951,121.54941,27
500110046,1,2024-07-20 16:59:25,47,25.04951,121.54941,27
500110046,1,2024-07-20 17:00:32,47,25.04951,121.54941,27
500110046,1,2024-07-20 17:01:25,47,25.04951,121.54941,26
500110046,1,2024-07-20 17:02:25,47,25.04951,121.54941,27
500110046,1,2024-07-20 17:03:25,47,25.04951,121.54941,27
500110046,1,2024-07-20 17:04:25,47,25.04951,121.54941,27
500110046,1,2024-07-20 17:05:26,47,25.04951,121.54941,28
500110046,1,2024-07-20 17:06:25,47,25.04951,121.54941,27
500110046,1,2024-07-20 17:07:26,47,25.04951,121.54941,26
500110046,1,2024-07-20 17:08:25,47,25.04951,121.54941,26
500110046,1,2024-07-20 17:09:25,47,25.04951,121.54941,26
500110046,1,2024-07-20 17:10:32,47,25.04951,121.54941,26
500110046,1,2024-07-20 17:11:25,47,25.04951,121.54941,26
500110046,1,2024-07-20 17:12:25,47,25.04951,121.54941,24
500110046,1,2024-07-20 17:13:25,47,25.04951,121.54941,24
500110046,1,2024-07-20 17:14:26,47,25.04951,121.54941,24
500110046,1,2024-07-20 17:15:25,47,25.04951,121.54941,23
500110046,1,2024-07-20 17:16:25,47,25.04951,121.54941,23
500110046,1,2024-07-20 17:17:25,47,25.04951,121.54941,23
500110046,1,2024-07-20 17:18:25,47,25.04951,121.54941,22
500110046,1,2024-07-20 17:19:25,47,25.04951,121.54941,22
500110046,1,2024-07-20 17:20:31,47,25.04951,121.54941,22
500110046,1,2024-07-20 17:21:26,47,25.04951,121.54941,21
500110046,1,2024-07-20 17:22:27,47,25.04951,121.54941,21
500110046,1,2024-07-20 17:23:25,47,25.04951,121.54941,22
500110046,1,2024-07-20 17:24:25,47,25.04951,121.54941,20
500110046,1,2024-07-20 17:25:25,47,25.04951,121.54941,20
500110046,1,2024-07-20 17:26:25,47,25.04951,121.54941,20
500110046,1,2024-07-20 17:27:25,47,25.04951,121.54941,20
500110046,1,2024-07-20 17:28:25,47,25.04951,121.54941,19
500110046,1,2024-07-20 17:29:25,47,25.04951,121.54941,18
500110046,1,2024-07-20 17:30:31,47,25.04951,121.54941,18
500110046,1,2024-07-20 17:31:25,47,25.04951,121.54941,18
500110046,1,2024-07-20 17:32:25,47,25.04951,121.54941,18
500110046,1,2024-07-20 17:33:26,47,25.04951,121.54941,18
500110046,1,2024-07-20 17:34:25,47,25.04951,121.54941,17
500110046,1,2024-07-20 17:35:25,47,25.04951,121.54941,15
500110046,1,2024-07-20 17:36:25,47,25.04951,121.54941,15
500110046,1,2024-07-20 17:37:25,47,25.04951,121.54941,17
500110046,1,2024-07-20 17:38:26,47,25.04951,121.54941,15
500110046,1,2024-07-20 17:39:25,47,25.04951,121.54941,15
500110046,1,2024-07-20 17:40:31,47,25.04951,121.54941,15
500110046,1,2024-07-20 17:41:25,47,25.04951,121.54941,14
500110046,1,2024-07-20 17:42:24,47,25.04951,121.54941,15
500110046,1,2024-07-20 17:43:24,47,25.04951,121.54941,14
500110046,1,2024-07-20 17:44:25,47,25.04951,121.54941,14
500110046,1,2024-07-20 17:45:26,47,25.04951,121.54941,11
500110046,1,2024-07-20 17:47:25,47,25.04951,121.54941,8
500110046,1,2024-07-20 17:48:25,47,25.04951,121.54941,11
500110046,1,2024-07-20 17:49:25,47,25.04951,121.54941,11
500110046,1,2024-07-20 17:50:32,47,25.04951,121.54941,11
500110046,1,2024-07-20 17:51:24,47,25.04951,121.54941,11
500110046,1,2024-07-20 17:52:25,47,25.04951,121.54941,11
500110046,1,2024-07-20 17:53:25,47,25.04951,121.54941,12
500110046,1,2024-07-20 17:54:24,47,25.04951,121.54941,12
500110046,1,2024-07-20 17:55:24,47,25.04951,121.54941,12
500110046,1,2024-07-20 17:56:24,47,25.04951,121.54941,15
500110046,1,2024-07-20 17:57:25,47,25.04951,121.54941,14
500110046,1,2024-07-20 17:58:25,47,25.04951,121.54941,13
500110046,1,2024-07-20 17:59:25,47,25.04951,121.54941,14
500110046,1,2024-07-20 18:00:31,47,25.04951,121.54941,14
500110046,1,2024-07-20 18:01:24,47,25.04951,121.54941,15
500110046,1,2024-07-20 18:02:26,47,25.04951,121.54941,16
500110046,1,2024-07-20 18:03:25,47,25.04951,121.54941,16
500110046,1,2024-07-20 18:04:25,47,25.04951,121.54941,16
500110046,1,2024-07-20 18:05:24,47,25.04951,121.54941,16
500110046,1,2024-07-20 18:06:24,47,25.04951,121.54941,15
500110046,1,2024-07-20 18:07:25,47,25.04951,121.54941,15
500110046,1,2024-07-20 18:08:25,47,25.04951,121.54941,15
500110046,1,2024-07-20 18:09:25,47,25.04951,121.54941,14
500110046,1,2024-07-20 18:10:32,47,25.04951,121.54941,14
500110046,1,2024-07-20 18:11:25,47,25.04951,121.54941,15
500110046,1,2024-07-20 18:12:25,47,25.04951,121.54941,16
500110046,1,2024-07-20 18:13:25,47,25.04951,121.54941,16
500110046,1,2024-07-20 18:14:25,47,25.04951,121.54941,16
500110046,1,2024-07-20 18:15:25,47,25.04951,121.54941,19
500110046,1,2024-07-20 18:16:25,47,25.04951,121.54941,19
500110046,1,2024-07-20 18:17:25,47,25.04951,121.54941,19
500110046,1,2024-07-20 18:18:25,47,25.04951,121.54941,19
500110046,1,2024-07-20 18:19:25,47,25.04951,121.54941,19
500110046,1,2024-07-20 18:20:31,47,25.04951,121.54941,19
500110046,1,2024-07-20 18:21:25,47,25.04951,121.54941,19
500110046,1,2024-07-20 18:22:25,47,25.04951,121.54941,19
500110046,1,2024-07-20 18:23:24,47,25.04951,121.54941,19
500110046,1,2024-07-20 18:24:24,47,25.04951,121.54941,20
500110046,1,2024-07-20 18:25:25,47,25.04951,121.54941,19
500110046,1,2024-07-20 18:26:24,47,25.04951,121.54941,19
500110046,1,2024-07-20 18:27:25,47,25.04951,121.54941,20
500110046,1,2024-07-20 18:28:25,47,25.04951,121.54941,20
500110046,1,2024-07-20 18:29:25,47,25.04951,121.54941,21
500110046,1,2024-07-20 18:30:31,47,25.04951,121.54941,21
500110046,1,2024-07-20 18:31:24,47,25.04951,121.54941,22
500110046,1,2024-07-20 18:32:25,47,25.04951,121.54941,22
500110046,1,2024-07-20 18:33:25,47,25.04951,121.54941,23
500110046,1,2024-07-20 18:34:24,47,25.04951,121.54941,23
500110046,1,2024-07-20 18:35:25,47,25.04951,121.54941,18
500110046,1,2024-07-20 18:36:25,47,25.04951,121.54941,17
500110046,1,2024-07-20 18:37:24,47,25.04951,121.54941,16
500110046,1,2024-07-20 18:38:26,47,25.04951,121.54941,16
500110046,1,2024-07-20 18:39:24,47,25.04951,121.54941,17
500110046,1,2024-07-20 18:40:32,47,25.04951,121.54941,17
500110046,1,2024-07-20 18:41:25,47,25.04951,121.54941,17
500110046,1,2024-07-20 18:42:25,47,25.04951,121.54941,17
500110046,1,2024-07-20 18:43:24,47,25.04951,121.54941,17
500110046,1,2024-07-20 18:44:25,47,25.04951,121.54941,17
500110046,1,2024-07-20 18:45:25,47,25.04951,121.54941,17
500110046,1,2024-07-20 18:46:24,47,25.04951,121.54941,17
500110046,1,2024-07-20 18:47:24,47,25.04951,121.54941,17
500110046,1,2024-07-20 18:48:25,47,25.04951,121.54941,16
500110046,1,2024-07-20 18:49:25,47,25.04951,121.54941,16
500110046,1,2024-07-20 18:50:32,47,25.04951,121.54941,16
500110046,1,2024-07-20 18:51:24,47,25.04951,121.54941,16
500110046,1,2024-07-20 18:52:25,47,25.04951,121.54941,16
500110046,1,2024-07-20 18:53:25,47,25.04951,121.54941,17
500110046,1,2024-07-20 18:54:25,47,25.04951,121.54941,18
500110046,1,2024-07-20 18:55:24,47,25.04951,121.54941,18
500110046,1,2024-07-20 18:56:24,47,25.04951,121.54941,18
500110046,1,2024-07-20 18:57:26,47,25.04951,121.54941,17
500110046,1,2024-07-20 18:58:24,47,25.04951,121.54941,17
500110046,1,2024-07-20 18:59:25,47,25.04951,121.54941,17
500110046,1,2024-07-20 19:00:32,47,25.04951,121.54941,17
500110046,1,2024-07-20 19:01:24,47,25.04951,121.54941,17
500110046,1,2024-07-20 19:02:25,47,25.04951,121.54941,17
500110046,1,2024-07-20 19:03:25,47,25.04951,121.54941,17
500110046,1,2024-07-20 19:04:25,47,25.04951,121.54941,17
500110046,1,2024-07-20 19:05:25,47,25.04951,121.54941,17
500110046,1,2024-07-20 19:06:24,47,25.04951,121.54941,18
500110046,1,2024-07-20 19:07:24,47,25.04951,121.54941,18
500110046,1,2024-07-20 19:08:24,47,25.04951,121.54941,18
500110046,1,2024-07-20 19:09:25,47,25.04951,121.54941,19
500110046,1,2024-07-20 19:10:31,47,25.04951,121.54941,20
500110046,1,2024-07-20 19:11:24,47,25.04951,121.54941,20
500110046,1,2024-07-20 19:12:24,47,25.04951,121.54941,20
500110046,1,2024-07-20 19:13:25,47,25.04951,121.54941,20
500110046,1,2024-07-20 19:14:29,47,25.04951,121.54941,20
500110046,1,2024-07-20 19:15:25,47,25.04951,121.54941,20
500110046,1,2024-07-20 19:16:24,47,25.04951,121.54941,20
500110046,1,2024-07-20 19:17:23,47,25.04951,121.54941,20
500110046,1,2024-07-20 19:18:24,47,25.04951,121.54941,21
500110046,1,2024-07-20 19:19:25,47,25.04951,121.54941,21
500110046,1,2024-07-20 19:20:30,47,25.04951,121.54941,21
500110046,1,2024-07-20 19:21:24,47,25.04951,121.54941,22
500110046,1,2024-07-20 19:22:25,47,25.04951,121.54941,22
500110046,1,2024-07-20 19:23:24,47,25.04951,121.54941,22
500110046,1,2024-07-20 19:24:25,47,25.04951,121.54941,22
500110046,1,2024-07-20 19:25:24,47,25.04951,121.54941,22
500110046,1,2024-07-20 19:26:25,47,25.04951,121.54941,22
500110046,1,2024-07-20 19:27:25,47,25.04951,121.54941,22
500110046,1,2024-07-20 19:28:25,47,25.04951,121.54941,22
500110046,1,2024-07-20 19:29:24,47,25.04951,121.54941,22
500110046,1,2024-07-20 19:30:30,47,25.04951,121.54941,22
500110046,1,2024-07-20 19:31:24,47,25.04951,121.54941,22
500110046,1,2024-07-20 19:32:25,47,25.04951,121.54941,23
500110046,1,2024-07-20 19:33:24,47,25.04951,121.54941,23
500110046,1,2024-07-20 19:34:25,47,25.04951,121.54941,23
500110046,1,2024-07-20 19:35:24,47,25.04951,121.54941,24
500110046,1,2024-07-20 19:36:25,47,25.04951,121.54941,24
500110046,1,2024-07-20 19:37:24,47,25.04951,121.54941,24
500110046,1,2024-07-20 19:38:24,47,25.04951,121.54941,24
500110046,1,2024-07-20 19:39:24,47,25.04951,121.54941,25
500110046,1,2024-07-20 19:40:31,47,25.04951,121.54941,26
500110046,1,2024-07-20 19:41:25,47,25.04951,121.54941,26
500110046,1,2024-07-20 19:42:24,47,25.04951,121.54941,26
500110046,1,2024-07-20 19:43:24,47,25.04951,121.54941,26
500110046,1,2024-07-20 19:44:29,47,25.04951,121.54941,26
500110046,1,2024-07-20 19:45:24,47,25.04951,121.54941,26
500110046,1,2024-07-20 19:46:25,47,25.04951,121.54941,26
500110046,1,2024-07-20 19:47:24,47,25.04951,121.54941,27
500110046,1,2024-07-20 19:48:25,47,25.04951,121.54941,27
500110046,1,2024-07-20 19:49:24,47,25.04951,121.54941,27
500110046,1,2024-07-20 19:50:31,47,25.04951,121.54941,27
500110046,1,2024-07-20 19:51:24,47,25.04951,121.54941,27
500110046,1,2024-07-20 19:52:24,47,25.04951,121.54941,26
500110046,1,2024-07-20 19:53:25,47,25.04951,121.54941,25
500110046,1,2024-07-20 19:54:25,47,25.04951,121.54941,25
500110046,1,2024-07-20 19:55:24,47,25.04951,121.54941,25
500110046,1,2024-07-20 19:56:25,47,25.04951,121.54941,27
500110046,1,2024-07-20 19:57:24,47,25.04951,121.54941,27
500110046,1,2024-07-20 19:58:24,47,25.04951,121.54941,27
500110046,1,2024-07-20 19:59:25,47,25.04951,121.54941,27
500110046,1,2024-07-20 20:00:31,47,25.04951,121.54941,27
500110046,1,2024-07-20 20:01:25,47,25.04951,121.54941,28
500110046,1,2024-07-20 20:02:25,47,25.04951,121.54941,28
500110046,1,2024-07-20 20:03:25,47,25.04951,121.54941,27
500110046,1,2024-07-20 20:04:25,47,25.04951,121.54941,27
500110046,1,2024-07-20 20:05:24,47,25.04951,121.54941,27
500110046,1,2024-07-20 20:06:24,47,25.04951,121.54941,27
500110046,1,2024-07-20 20:07:25,47,25.04951,121.54941,27
500110046,1,2024-07-20 20:08:24,47,25.04951,121.54941,27
500110046,1,2024-07-20 20:09:24,47,25.04951,121.54941,28
500110046,1,2024-07-20 20:10:34,47,25.04951,121.54941,28
500110046,1,2024-07-20 20:11:25,47,25.04951,121.54941,27
500110046,1,2024-07-20 20:12:24,47,25.04951,121.54941,28
500110046,1,2024-07-20 20:13:24,47,25.04951,121.54941,27
500110046,1,2024-07-20 20:14:24,47,25.04951,121.54941,28
500110046,1,2024-07-20 20:15:24,47,25.04951,121.54941,28
500110046,1,2024-07-20 20:16:24,47,25.04951,121.54941,28
500110046,1,2024-07-20 20:17:24,47,25.04951,121.54941,28
500110046,1,2024-07-20 20:18:24,47,25.04951,121.54941,28
500110046,1,2024-07-20 20:19:25,47,25.04951,121.54941,28
500110046,1,2024-07-20 20:20:30,47,25.04951,121.54941,28
500110046,1,2024-07-20 20:21:24,47,25.04951,121.54941,27
500110046,1,2024-07-20 20:22:25,47,25.04951,121.54941,26
500110046,1,2024-07-20 20:23:25,47,25.04951,121.54941,26
500110046,1,2024-07-20 20:24:23,47,25.04951,121.54941,26
500110046,1,2024-07-20 20:25:24,47,25.04951,121.54941,26
500110046,1,2024-07-20 20:26:24,47,25.04951,121.54941,26
500110046,1,2024-07-20 20:27:24,47,25.04951,121.54941,26
500110046,1,2024-07-20 20:28:24,47,25.04951,121.54941,26
500110046,1,2024-07-20 20:29:25,47,25.04951,121.54941,26
500110046,1,2024-07-20 20:30:30,47,25.04951,121.54941,26
500110046,1,2024-07-20 20:31:25,47,25.04951,121.54941,27
500110046,1,2024-07-20 20:32:24,47,25.04951,121.54941,27
500110046,1,2024-07-20 20:33:24,47,25.04951,121.54941,27
500110046,1,2024-07-20 20:34:24,47,25.04951,121.54941,27
500110046,1,2024-07-20 20:35:24,47,25.04951,121.54941,27
500110046,1,2024-07-20 20:36:24,47,25.04951,121.54941,28
500110046,1,2024-07-20 20:37:24,47,25.04951,121.54941,28
500110046,1,2024-07-20 20:38:25,47,25.04951,121.54941,29
500110046,1,2024-07-20 20:39:25,47,25.04951,121.54941,30
500110046,1,2024-07-20 20:40:31,47,25.04951,121.54941,32
500110046,1,2024-07-20 20:41:24,47,25.04951,121.54941,35
500110046,1,2024-07-20 20:42:25,47,25.04951,121.54941,36
500110046,1,2024-07-20 20:44:24,47,25.04951,121.54941,39
500110046,1,2024-07-20 20:45:25,47,25.04951,121.54941,39
500110046,1,2024-07-20 20:46:24,47,25.04951,121.54941,40
500110046,1,2024-07-20 20:47:24,47,25.04951,121.54941,44
500110046,1,2024-07-20 20:48:24,47,25.04951,121.54941,43
500110046,1,2024-07-20 20:49:25,47,25.04951,121.54941,45
500110046,1,2024-07-20 20:50:31,47,25.04951,121.54941,45
500110046,1,2024-07-20 20:51:24,47,25.04951,121.54941,45
500110046,1,2024-07-20 20:51:24,47,25.04951,121.54941,45
500110046,1,2024-07-20 20:53:24,47,25.04951,121.54941,47
500110046,1,2024-07-20 20:54:24,47,25.04951,121.54941,47
500110046,1,2024-07-20 20:55:23,47,25.04951,121.54941,47
500110046,1,2024-07-20 20:56:24,47,25.04951,121.54941,47
500110046,1,2024-07-20 20:57:24,47,25.04951,121.54941,47
500110046,1,2024-07-20 20:58:24,47,25.04951,121.54941,46
500110046,1,2024-07-20 20:59:24,47,25.04951,121.54941,47
500110046,1,2024-07-20 21:00:31,47,25.04951,121.54941,47
500110046,1,2024-07-20 21:01:24,47,25.04951,121.54941,44
500110046,1,2024-07-20 21:02:25,47,25.04951,121.54941,46
500110046,1,2024-07-20 21:03:25,47,25.04951,121.54941,44
500110046,1,2024-07-20 21:04:25,47,25.04951,121.54941,46
500110046,1,2024-07-20 21:05:24,47,25.04951,121.54941,46
500110046,1,2024-07-20 21:06:25,47,25.04951,121.54941,46
500110046,1,2024-07-20 21:06:25,47,25.04951,121.54941,46
500110046,1,2024-07-20 21:08:24,47,25.04951,121.54941,46
500110046,1,2024-07-20 21:09:24,47,25.04951,121.54941,46
500110046,1,2024-07-20 21:10:32,47,25.04951,121.54941,46
500110046,1,2024-07-20 21:11:25,47,25.04951,121.54941,46
500110046,1,2024-07-20 21:12:24,47,25.04951,121.54941,45
500110046,1,2024-07-20 21:13:25,47,25.04951,121.54941,42
500110046,1,2024-07-20 21:14:24,47,25.04951,121.54941,42
500110046,1,2024-07-20 21:15:24,47,25.04951,121.54941,42
500110046,1,2024-07-20 21:16:25,47,25.04951,121.54941,42
500110046,1,2024-07-20 21:17:24,47,25.04951,121.54941,42
500110046,1,2024-07-20 21:18:25,47,25.04951,121.54941,44
500110046,1,2024-07-20 21:19:24,47,25.04951,121.54941,45
500110046,1,2024-07-20 21:20:31,47,25.04951,121.54941,45
500110046,1,2024-07-20 21:21:23,47,25.04951,121.54941,46
500110046,1,2024-07-20 21:22:24,47,25.04951,121.54941,46
500110046,1,2024-07-20 21:23:24,47,25.04951,121.54941,46
500110046,1,2024-07-20 21:24:23,47,25.04951,121.54941,47
500110046,1,2024-07-20 21:25:24,47,25.04951,121.54941,47
500110046,1,2024-07-20 21:26:24,47,25.04951,121.54941,47
500110046,1,2024-07-20 21:27:24,47,25.04951,121.54941,47
500110046,1,2024-07-20 21:28:24,47,25.04951,121.54941,47
500110046,1,2024-07-20 21:29:24,47,25.04951,121.54941,47
500110046,1,2024-07-20 21:30:30,47,25.04951,121.54941,47
500110046,1,2024-07-20 21:31:24,47,25.04951,121.54941,46
500110046,1,2024-07-20 21:32:25,47,25.04951,121.54941,46
500110046,1,2024-07-20 21:33:24,47,25.04951,121.54941,47
500110046,1,2024-07-20 21:34:25,47,25.04951,121.54941,47
500110046,1,2024-07-20 21:35:24,47,25.04951,121.54941,47
500110046,1,2024-07-20 21:36:25,47,25.04951,121.54941,47
500110046,1,2024-07-20 21:37:24,47,25.04951,121.54941,47
500110046,1,2024-07-20 21:38:24,47,25.04951,121.54941,47
500110046,1,2024-07-20 21:39:24,47,25.04951,121.54941,47
500110046,1,2024-07-20 21:40:32,47,25.04951,121.54941,47
500110046,1,2024-07-20 21:41:24,47,25.04951,121.54941,47
